routeId,geometryId,kind,routeKey,floor,image,card,sheet,cell,changed,pointsBefore,pointsAfter,turnsBefore,turnsAfter,routeLengthBefore,routeLengthAfter,clearanceBefore,clearanceAfter,redundantCollinearPointsAfter,lowAngleAlternationsAfter,visualReviewStatus,wallCrossing,unnecessaryBend,endpointIssue,reviewNotes
R00001,G0001,floorNav,中药房|||S1|||fromElevator,1楼,/assets/floor-maps/1F.jpg,all-route-cards/route-0001.jpg,all-route-sheets/sheet-001.jpg,1,true,21,11,4,4,47.595923,47.595923,20.375,20.375,0,1,pending,,,,
R00002,G0001,floorNav,中药房|||S1|||toElevator,1楼,/assets/floor-maps/1F.jpg,all-route-cards/route-0001.jpg,all-route-sheets/sheet-001.jpg,1,true,21,11,4,4,47.595923,47.595923,20.375,20.375,0,1,pending,,,,
R00003,G0002,floorNav,中药房|||S2|||fromElevator,1楼,/assets/floor-maps/1F.jpg,all-route-cards/route-0002.jpg,all-route-sheets/sheet-001.jpg,2,true,8,5,1,1,21.248182,21.248182,20.984,20.984,0,0,pending,,,,
R00004,G0002,floorNav,中药房|||S2|||toElevator,1楼,/assets/floor-maps/1F.jpg,all-route-cards/route-0002.jpg,all-route-sheets/sheet-001.jpg,2,true,8,5,1,1,21.248182,21.248182,20.984,20.984,0,0,pending,,,,
R00005,G0003,floorNav,中药房|||S3|||fromElevator,1楼,/assets/floor-maps/1F.jpg,all-route-cards/route-0003.jpg,all-route-sheets/sheet-001.jpg,3,false,4,4,1,1,21.339914,21.339914,21.0,21.0,0,0,pending,,,,
R00006,G0003,floorNav,中药房|||S3|||toElevator,1楼,/assets/floor-maps/1F.jpg,all-route-cards/route-0003.jpg,all-route-sheets/sheet-001.jpg,3,false,4,4,1,1,21.339914,21.339914,21.0,21.0,0,0,pending,,,,
R00007,G0004,floorNav,中药房|||S4|||fromElevator,1楼,/assets/floor-maps/1F.jpg,all-route-cards/route-0004.jpg,all-route-sheets/sheet-001.jpg,4,false,2,2,0,0,8.79558,8.79558,21.0,21.0,0,0,pending,,,,
R00008,G0004,floorNav,中药房|||S4|||toElevator,1楼,/assets/floor-maps/1F.jpg,all-route-cards/route-0004.jpg,all-route-sheets/sheet-001.jpg,4,false,2,2,0,0,8.79558,8.79558,21.0,21.0,0,0,pending,,,,
R00009,G0005,floorNav,中药房|||S5|||fromElevator,1楼,/assets/floor-maps/1F.jpg,all-route-cards/route-0005.jpg,all-route-sheets/sheet-001.jpg,5,false,5,5,0,0,7.636598,7.636598,20.772,20.772,0,0,pending,,,,
R00010,G0005,floorNav,中药房|||S5|||toElevator,1楼,/assets/floor-maps/1F.jpg,all-route-cards/route-0005.jpg,all-route-sheets/sheet-001.jpg,5,false,5,5,0,0,7.636598,7.636598,20.772,20.772,0,0,pending,,,,
R00011,G0006,floorNav,中药房|||S6|||fromElevator,1楼,/assets/floor-maps/1F.jpg,all-route-cards/route-0006.jpg,all-route-sheets/sheet-001.jpg,6,true,23,9,0,0,46.377392,46.377392,20.375,20.375,0,0,pending,,,,
R00012,G0006,floorNav,中药房|||S6|||toElevator,1楼,/assets/floor-maps/1F.jpg,all-route-cards/route-0006.jpg,all-route-sheets/sheet-001.jpg,6,true,23,9,0,0,46.377392,46.377392,20.375,20.375,0,0,pending,,,,
R00013,G0007,floorNav,儿科门诊|||S1|||fromElevator,1楼,/assets/floor-maps/1F.jpg,all-route-cards/route-0007.jpg,all-route-sheets/sheet-001.jpg,7,false,14,14,5,5,82.917959,82.917959,20.375,20.375,0,1,pending,,,,
R00014,G0007,floorNav,儿科门诊|||S1|||toElevator,1楼,/assets/floor-maps/1F.jpg,all-route-cards/route-0007.jpg,all-route-sheets/sheet-001.jpg,7,false,14,14,5,5,82.917959,82.917959,20.375,20.375,0,1,pending,,,,
R00015,G0008,floorNav,儿科门诊|||S2|||fromElevator,1楼,/assets/floor-maps/1F.jpg,all-route-cards/route-0008.jpg,all-route-sheets/sheet-001.jpg,8,true,26,11,3,3,56.031079,56.031079,20.375,20.375,0,0,pending,,,,
R00016,G0008,floorNav,儿科门诊|||S2|||toElevator,1楼,/assets/floor-maps/1F.jpg,all-route-cards/route-0008.jpg,all-route-sheets/sheet-001.jpg,8,true,26,11,3,3,56.031079,56.031079,20.375,20.375,0,0,pending,,,,
R00017,G0009,floorNav,儿科门诊|||S3|||fromElevator,1楼,/assets/floor-maps/1F.jpg,all-route-cards/route-0009.jpg,all-route-sheets/sheet-001.jpg,9,true,21,9,2,2,56.108116,56.108116,20.397,20.397,0,0,pending,,,,
R00018,G0009,floorNav,儿科门诊|||S3|||toElevator,1楼,/assets/floor-maps/1F.jpg,all-route-cards/route-0009.jpg,all-route-sheets/sheet-001.jpg,9,true,21,9,2,2,56.108116,56.108116,20.397,20.397,0,0,pending,,,,
R00019,G0010,floorNav,儿科门诊|||S4|||fromElevator,1楼,/assets/floor-maps/1F.jpg,all-route-cards/route-0010.jpg,all-route-sheets/sheet-001.jpg,10,false,5,5,0,0,34.967265,34.967265,21.0,21.0,0,0,pending,,,,
R00020,G0010,floorNav,儿科门诊|||S4|||toElevator,1楼,/assets/floor-maps/1F.jpg,all-route-cards/route-0010.jpg,all-route-sheets/sheet-001.jpg,10,false,5,5,0,0,34.967265,34.967265,21.0,21.0,0,0,pending,,,,
R00021,G0011,floorNav,儿科门诊|||S5|||fromElevator,1楼,/assets/floor-maps/1F.jpg,all-route-cards/route-0011.jpg,all-route-sheets/sheet-001.jpg,11,true,31,7,2,2,34.012456,34.012456,21.0,21.0,0,0,pending,,,,
R00022,G0011,floorNav,儿科门诊|||S5|||toElevator,1楼,/assets/floor-maps/1F.jpg,all-route-cards/route-0011.jpg,all-route-sheets/sheet-001.jpg,11,true,31,7,2,2,34.012456,34.012456,21.0,21.0,0,0,pending,,,,
R00023,G0012,floorNav,儿科门诊|||S6|||fromElevator,1楼,/assets/floor-maps/1F.jpg,all-route-cards/route-0012.jpg,all-route-sheets/sheet-001.jpg,12,true,18,8,2,2,28.973106,28.973106,20.197,20.197,0,0,pending,,,,
R00024,G0012,floorNav,儿科门诊|||S6|||toElevator,1楼,/assets/floor-maps/1F.jpg,all-route-cards/route-0012.jpg,all-route-sheets/sheet-001.jpg,12,true,18,8,2,2,28.973106,28.973106,20.197,20.197,0,0,pending,,,,
R00025,G0013,floorNav,大伤门诊|||S1|||fromElevator,1楼,/assets/floor-maps/1F.jpg,all-route-cards/route-0013.jpg,all-route-sheets/sheet-001.jpg,13,true,14,8,1,1,61.211025,61.211025,20.375,20.375,0,0,pending,,,,
R00026,G0013,floorNav,大伤门诊|||S1|||toElevator,1楼,/assets/floor-maps/1F.jpg,all-route-cards/route-0013.jpg,all-route-sheets/sheet-001.jpg,13,true,14,8,1,1,61.211025,61.211025,20.375,20.375,0,0,pending,,,,
R00027,G0014,floorNav,大伤门诊|||S2|||fromElevator,1楼,/assets/floor-maps/1F.jpg,all-route-cards/route-0014.jpg,all-route-sheets/sheet-001.jpg,14,true,7,6,2,2,43.035595,43.035595,20.984,20.984,0,0,pending,,,,
R00028,G0014,floorNav,大伤门诊|||S2|||toElevator,1楼,/assets/floor-maps/1F.jpg,all-route-cards/route-0014.jpg,all-route-sheets/sheet-001.jpg,14,true,7,6,2,2,43.035595,43.035595,20.984,20.984,0,0,pending,,,,
R00029,G0015,floorNav,大伤门诊|||S3|||fromElevator,1楼,/assets/floor-maps/1F.jpg,all-route-cards/route-0015.jpg,all-route-sheets/sheet-001.jpg,15,false,5,5,0,0,43.217169,43.217169,21.0,21.0,0,0,pending,,,,
R00030,G0015,floorNav,大伤门诊|||S3|||toElevator,1楼,/assets/floor-maps/1F.jpg,all-route-cards/route-0015.jpg,all-route-sheets/sheet-001.jpg,15,false,5,5,0,0,43.217169,43.217169,21.0,21.0,0,0,pending,,,,
R00031,G0016,floorNav,大伤门诊|||S4|||fromElevator,1楼,/assets/floor-maps/1F.jpg,all-route-cards/route-0016.jpg,all-route-sheets/sheet-001.jpg,16,true,26,17,1,1,37.656611,37.656611,20.375,20.375,0,2,pending,,,,
R00032,G0016,floorNav,大伤门诊|||S4|||toElevator,1楼,/assets/floor-maps/1F.jpg,all-route-cards/route-0016.jpg,all-route-sheets/sheet-001.jpg,16,true,26,17,1,1,37.656611,37.656611,20.375,20.375,0,2,pending,,,,
R00033,G0017,floorNav,大伤门诊|||S5|||fromElevator,1楼,/assets/floor-maps/1F.jpg,all-route-cards/route-0017.jpg,all-route-sheets/sheet-002.jpg,1,false,9,9,0,0,38.841232,38.841232,20.375,20.375,0,1,pending,,,,
R00034,G0017,floorNav,大伤门诊|||S5|||toElevator,1楼,/assets/floor-maps/1F.jpg,all-route-cards/route-0017.jpg,all-route-sheets/sheet-002.jpg,1,false,9,9,0,0,38.841232,38.841232,20.375,20.375,0,1,pending,,,,
R00035,G0018,floorNav,大伤门诊|||S6|||fromElevator,1楼,/assets/floor-maps/1F.jpg,all-route-cards/route-0018.jpg,all-route-sheets/sheet-002.jpg,2,false,6,6,1,1,51.098376,51.098376,20.772,20.772,0,0,pending,,,,
R00036,G0018,floorNav,大伤门诊|||S6|||toElevator,1楼,/assets/floor-maps/1F.jpg,all-route-cards/route-0018.jpg,all-route-sheets/sheet-002.jpg,2,false,6,6,1,1,51.098376,51.098376,20.772,20.772,0,0,pending,,,,
R00037,G0019,floorNav,急诊科|||S1|||fromElevator,1楼,/assets/floor-maps/1F.jpg,all-route-cards/route-0019.jpg,all-route-sheets/sheet-002.jpg,3,true,27,9,1,1,44.025068,44.025068,20.197,20.197,0,0,pending,,,,
R00038,G0019,floorNav,急诊科|||S1|||toElevator,1楼,/assets/floor-maps/1F.jpg,all-route-cards/route-0019.jpg,all-route-sheets/sheet-002.jpg,3,true,27,9,1,1,44.025068,44.025068,20.197,20.197,0,0,pending,,,,
R00039,G0020,floorNav,急诊科|||S2|||fromElevator,1楼,/assets/floor-maps/1F.jpg,all-route-cards/route-0020.jpg,all-route-sheets/sheet-002.jpg,4,true,8,7,2,2,25.896235,25.896235,20.197,20.197,0,0,pending,,,,
R00040,G0020,floorNav,急诊科|||S2|||toElevator,1楼,/assets/floor-maps/1F.jpg,all-route-cards/route-0020.jpg,all-route-sheets/sheet-002.jpg,4,true,8,7,2,2,25.896235,25.896235,20.197,20.197,0,0,pending,,,,
R00041,G0021,floorNav,急诊科|||S3|||fromElevator,1楼,/assets/floor-maps/1F.jpg,all-route-cards/route-0021.jpg,all-route-sheets/sheet-002.jpg,5,false,6,6,0,0,26.035087,26.035087,20.197,20.197,0,0,pending,,,,
R00042,G0021,floorNav,急诊科|||S3|||toElevator,1楼,/assets/floor-maps/1F.jpg,all-route-cards/route-0021.jpg,all-route-sheets/sheet-002.jpg,5,false,6,6,0,0,26.035087,26.035087,20.197,20.197,0,0,pending,,,,
R00043,G0022,floorNav,急诊科|||S4|||fromElevator,1楼,/assets/floor-maps/1F.jpg,all-route-cards/route-0022.jpg,all-route-sheets/sheet-002.jpg,6,true,19,7,2,2,34.830247,34.830247,20.197,20.197,0,0,pending,,,,
R00044,G0022,floorNav,急诊科|||S4|||toElevator,1楼,/assets/floor-maps/1F.jpg,all-route-cards/route-0022.jpg,all-route-sheets/sheet-002.jpg,6,true,19,7,2,2,34.830247,34.830247,20.197,20.197,0,0,pending,,,,
R00045,G0023,floorNav,急诊科|||S5|||fromElevator,1楼,/assets/floor-maps/1F.jpg,all-route-cards/route-0023.jpg,all-route-sheets/sheet-002.jpg,7,true,25,7,1,1,36.048854,36.048854,20.197,20.197,0,0,pending,,,,
R00046,G0023,floorNav,急诊科|||S5|||toElevator,1楼,/assets/floor-maps/1F.jpg,all-route-cards/route-0023.jpg,all-route-sheets/sheet-002.jpg,7,true,25,7,1,1,36.048854,36.048854,20.197,20.197,0,0,pending,,,,
R00047,G0024,floorNav,急诊科|||S6|||fromElevator,1楼,/assets/floor-maps/1F.jpg,all-route-cards/route-0024.jpg,all-route-sheets/sheet-002.jpg,8,false,10,10,2,2,66.629074,66.629074,20.575,20.575,0,0,pending,,,,
R00048,G0024,floorNav,急诊科|||S6|||toElevator,1楼,/assets/floor-maps/1F.jpg,all-route-cards/route-0024.jpg,all-route-sheets/sheet-002.jpg,8,false,10,10,2,2,66.629074,66.629074,20.575,20.575,0,0,pending,,,,
R00049,G0025,floorNav,挂号缴费|||S1|||fromElevator,1楼,/assets/floor-maps/1F.jpg,all-route-cards/route-0025.jpg,all-route-sheets/sheet-002.jpg,9,true,21,13,4,4,64.300769,64.300769,20.375,20.375,0,1,pending,,,,
R00050,G0025,floorNav,挂号缴费|||S1|||toElevator,1楼,/assets/floor-maps/1F.jpg,all-route-cards/route-0025.jpg,all-route-sheets/sheet-002.jpg,9,true,21,13,4,4,64.300769,64.300769,20.375,20.375,0,1,pending,,,,
R00051,G0026,floorNav,挂号缴费|||S2|||fromElevator,1楼,/assets/floor-maps/1F.jpg,all-route-cards/route-0026.jpg,all-route-sheets/sheet-002.jpg,10,true,11,8,0,0,38.010132,38.010132,20.378,20.378,0,1,pending,,,,
R00052,G0026,floorNav,挂号缴费|||S2|||toElevator,1楼,/assets/floor-maps/1F.jpg,all-route-cards/route-0026.jpg,all-route-sheets/sheet-002.jpg,10,true,11,8,0,0,38.010132,38.010132,20.378,20.378,0,1,pending,,,,
R00053,G0027,floorNav,挂号缴费|||S3|||fromElevator,1楼,/assets/floor-maps/1F.jpg,all-route-cards/route-0027.jpg,all-route-sheets/sheet-002.jpg,11,false,7,7,0,0,38.003692,38.003692,20.378,20.378,0,1,pending,,,,
R00054,G0027,floorNav,挂号缴费|||S3|||toElevator,1楼,/assets/floor-maps/1F.jpg,all-route-cards/route-0027.jpg,all-route-sheets/sheet-002.jpg,11,false,7,7,0,0,38.003692,38.003692,20.378,20.378,0,1,pending,,,,
R00055,G0028,floorNav,挂号缴费|||S4|||fromElevator,1楼,/assets/floor-maps/1F.jpg,all-route-cards/route-0028.jpg,all-route-sheets/sheet-002.jpg,12,false,3,3,0,0,17.061282,17.061282,20.378,20.378,0,0,pending,,,,
R00056,G0028,floorNav,挂号缴费|||S4|||toElevator,1楼,/assets/floor-maps/1F.jpg,all-route-cards/route-0028.jpg,all-route-sheets/sheet-002.jpg,12,false,3,3,0,0,17.061282,17.061282,20.378,20.378,0,0,pending,,,,
R00057,G0029,floorNav,挂号缴费|||S5|||fromElevator,1楼,/assets/floor-maps/1F.jpg,all-route-cards/route-0029.jpg,all-route-sheets/sheet-002.jpg,13,true,26,6,1,1,16.057321,16.057321,20.378,20.378,0,0,pending,,,,
R00058,G0029,floorNav,挂号缴费|||S5|||toElevator,1楼,/assets/floor-maps/1F.jpg,all-route-cards/route-0029.jpg,all-route-sheets/sheet-002.jpg,13,true,26,6,1,1,16.057321,16.057321,20.378,20.378,0,0,pending,,,,
R00059,G0030,floorNav,挂号缴费|||S6|||fromElevator,1楼,/assets/floor-maps/1F.jpg,all-route-cards/route-0030.jpg,all-route-sheets/sheet-002.jpg,14,true,16,5,1,1,25.953913,25.953913,20.197,20.197,0,0,pending,,,,
R00060,G0030,floorNav,挂号缴费|||S6|||toElevator,1楼,/assets/floor-maps/1F.jpg,all-route-cards/route-0030.jpg,all-route-sheets/sheet-002.jpg,14,true,16,5,1,1,25.953913,25.953913,20.197,20.197,0,0,pending,,,,
R00061,G0031,floorNav,放射科|||S1|||fromElevator,1楼,/assets/floor-maps/1F.jpg,all-route-cards/route-0031.jpg,all-route-sheets/sheet-002.jpg,15,true,25,14,3,3,38.672807,38.672807,20.375,20.375,0,1,pending,,,,
R00062,G0031,floorNav,放射科|||S1|||toElevator,1楼,/assets/floor-maps/1F.jpg,all-route-cards/route-0031.jpg,all-route-sheets/sheet-002.jpg,15,true,25,14,3,3,38.672807,38.672807,20.375,20.375,0,1,pending,,,,
R00063,G0032,floorNav,放射科|||S2|||fromElevator,1楼,/assets/floor-maps/1F.jpg,all-route-cards/route-0032.jpg,all-route-sheets/sheet-002.jpg,16,false,7,7,2,2,13.456388,13.456388,20.984,20.984,0,0,pending,,,,
R00064,G0032,floorNav,放射科|||S2|||toElevator,1楼,/assets/floor-maps/1F.jpg,all-route-cards/route-0032.jpg,all-route-sheets/sheet-002.jpg,16,false,7,7,2,2,13.456388,13.456388,20.984,20.984,0,0,pending,,,,
R00065,G0033,floorNav,放射科|||S3|||fromElevator,1楼,/assets/floor-maps/1F.jpg,all-route-cards/route-0033.jpg,all-route-sheets/sheet-003.jpg,1,true,19,9,2,2,13.205665,13.205665,20.394,20.394,0,1,pending,,,,
R00066,G0033,floorNav,放射科|||S3|||toElevator,1楼,/assets/floor-maps/1F.jpg,all-route-cards/route-0033.jpg,all-route-sheets/sheet-003.jpg,1,true,19,9,2,2,13.205665,13.205665,20.394,20.394,0,1,pending,,,,
R00067,G0034,floorNav,放射科|||S4|||fromElevator,1楼,/assets/floor-maps/1F.jpg,all-route-cards/route-0034.jpg,all-route-sheets/sheet-003.jpg,2,false,6,6,4,4,24.160158,24.160158,20.197,20.197,0,0,pending,,,,
R00068,G0034,floorNav,放射科|||S4|||toElevator,1楼,/assets/floor-maps/1F.jpg,all-route-cards/route-0034.jpg,all-route-sheets/sheet-003.jpg,2,false,6,6,4,4,24.160158,24.160158,20.197,20.197,0,0,pending,,,,
R00069,G0035,floorNav,放射科|||S5|||fromElevator,1楼,/assets/floor-maps/1F.jpg,all-route-cards/route-0035.jpg,all-route-sheets/sheet-003.jpg,3,false,6,6,3,3,25.358534,25.358534,20.197,20.197,0,0,pending,,,,
R00070,G0035,floorNav,放射科|||S5|||toElevator,1楼,/assets/floor-maps/1F.jpg,all-route-cards/route-0035.jpg,all-route-sheets/sheet-003.jpg,3,false,6,6,3,3,25.358534,25.358534,20.197,20.197,0,0,pending,,,,
R00071,G0036,floorNav,放射科|||S6|||fromElevator,1楼,/assets/floor-maps/1F.jpg,all-route-cards/route-0036.jpg,all-route-sheets/sheet-003.jpg,4,false,15,15,3,3,63.826939,63.826939,20.197,20.197,0,1,pending,,,,
R00072,G0036,floorNav,放射科|||S6|||toElevator,1楼,/assets/floor-maps/1F.jpg,all-route-cards/route-0036.jpg,all-route-sheets/sheet-003.jpg,4,false,15,15,3,3,63.826939,63.826939,20.197,20.197,0,1,pending,,,,
R00073,G0037,floorNav,消控室|||S1|||fromElevator,1楼,/assets/floor-maps/1F.jpg,all-route-cards/route-0037.jpg,all-route-sheets/sheet-003.jpg,5,true,13,10,4,4,26.337359,26.337359,20.197,20.197,0,0,pending,,,,
R00074,G0037,floorNav,消控室|||S1|||toElevator,1楼,/assets/floor-maps/1F.jpg,all-route-cards/route-0037.jpg,all-route-sheets/sheet-003.jpg,5,true,13,10,4,4,26.337359,26.337359,20.197,20.197,0,0,pending,,,,
R00075,G0038,floorNav,消控室|||S2|||fromElevator,1楼,/assets/floor-maps/1F.jpg,all-route-cards/route-0038.jpg,all-route-sheets/sheet-003.jpg,6,true,13,12,0,0,41.002909,41.002909,20.772,20.772,0,1,pending,,,,
R00076,G0038,floorNav,消控室|||S2|||toElevator,1楼,/assets/floor-maps/1F.jpg,all-route-cards/route-0038.jpg,all-route-sheets/sheet-003.jpg,6,true,13,12,0,0,41.002909,41.002909,20.772,20.772,0,1,pending,,,,
R00077,G0039,floorNav,消控室|||S3|||fromElevator,1楼,/assets/floor-maps/1F.jpg,all-route-cards/route-0039.jpg,all-route-sheets/sheet-003.jpg,7,true,19,14,1,1,40.684793,40.684793,20.772,20.772,0,1,pending,,,,
R00078,G0039,floorNav,消控室|||S3|||toElevator,1楼,/assets/floor-maps/1F.jpg,all-route-cards/route-0039.jpg,all-route-sheets/sheet-003.jpg,7,true,19,14,1,1,40.684793,40.684793,20.772,20.772,0,1,pending,,,,
R00079,G0040,floorNav,消控室|||S4|||fromElevator,1楼,/assets/floor-maps/1F.jpg,all-route-cards/route-0040.jpg,all-route-sheets/sheet-003.jpg,8,true,13,11,2,2,51.907727,51.907727,20.197,20.197,0,2,pending,,,,
R00080,G0040,floorNav,消控室|||S4|||toElevator,1楼,/assets/floor-maps/1F.jpg,all-route-cards/route-0040.jpg,all-route-sheets/sheet-003.jpg,8,true,13,11,2,2,51.907727,51.907727,20.197,20.197,0,2,pending,,,,
R00081,G0041,floorNav,消控室|||S5|||fromElevator,1楼,/assets/floor-maps/1F.jpg,all-route-cards/route-0041.jpg,all-route-sheets/sheet-003.jpg,9,true,13,11,1,1,53.106103,53.106103,20.197,20.197,0,2,pending,,,,
R00082,G0041,floorNav,消控室|||S5|||toElevator,1楼,/assets/floor-maps/1F.jpg,all-route-cards/route-0041.jpg,all-route-sheets/sheet-003.jpg,9,true,13,11,1,1,53.106103,53.106103,20.197,20.197,0,2,pending,,,,
R00083,G0042,floorNav,消控室|||S6|||fromElevator,1楼,/assets/floor-maps/1F.jpg,all-route-cards/route-0042.jpg,all-route-sheets/sheet-003.jpg,10,true,27,25,1,1,91.637363,91.637363,20.197,20.197,0,2,pending,,,,
R00084,G0042,floorNav,消控室|||S6|||toElevator,1楼,/assets/floor-maps/1F.jpg,all-route-cards/route-0042.jpg,all-route-sheets/sheet-003.jpg,10,true,27,25,1,1,91.637363,91.637363,20.197,20.197,0,2,pending,,,,
R00085,G0001,floorNav,西药房|||S1|||fromElevator,1楼,/assets/floor-maps/1F.jpg,all-route-cards/route-0001.jpg,all-route-sheets/sheet-001.jpg,1,true,21,11,4,4,47.595923,47.595923,20.375,20.375,0,1,pending,,,,
R00086,G0001,floorNav,西药房|||S1|||toElevator,1楼,/assets/floor-maps/1F.jpg,all-route-cards/route-0001.jpg,all-route-sheets/sheet-001.jpg,1,true,21,11,4,4,47.595923,47.595923,20.375,20.375,0,1,pending,,,,
R00087,G0002,floorNav,西药房|||S2|||fromElevator,1楼,/assets/floor-maps/1F.jpg,all-route-cards/route-0002.jpg,all-route-sheets/sheet-001.jpg,2,true,8,5,1,1,21.248182,21.248182,20.984,20.984,0,0,pending,,,,
R00088,G0002,floorNav,西药房|||S2|||toElevator,1楼,/assets/floor-maps/1F.jpg,all-route-cards/route-0002.jpg,all-route-sheets/sheet-001.jpg,2,true,8,5,1,1,21.248182,21.248182,20.984,20.984,0,0,pending,,,,
R00089,G0003,floorNav,西药房|||S3|||fromElevator,1楼,/assets/floor-maps/1F.jpg,all-route-cards/route-0003.jpg,all-route-sheets/sheet-001.jpg,3,false,4,4,1,1,21.339914,21.339914,21.0,21.0,0,0,pending,,,,
R00090,G0003,floorNav,西药房|||S3|||toElevator,1楼,/assets/floor-maps/1F.jpg,all-route-cards/route-0003.jpg,all-route-sheets/sheet-001.jpg,3,false,4,4,1,1,21.339914,21.339914,21.0,21.0,0,0,pending,,,,
R00091,G0004,floorNav,西药房|||S4|||fromElevator,1楼,/assets/floor-maps/1F.jpg,all-route-cards/route-0004.jpg,all-route-sheets/sheet-001.jpg,4,false,2,2,0,0,8.79558,8.79558,21.0,21.0,0,0,pending,,,,
R00092,G0004,floorNav,西药房|||S4|||toElevator,1楼,/assets/floor-maps/1F.jpg,all-route-cards/route-0004.jpg,all-route-sheets/sheet-001.jpg,4,false,2,2,0,0,8.79558,8.79558,21.0,21.0,0,0,pending,,,,
R00093,G0005,floorNav,西药房|||S5|||fromElevator,1楼,/assets/floor-maps/1F.jpg,all-route-cards/route-0005.jpg,all-route-sheets/sheet-001.jpg,5,false,5,5,0,0,7.636598,7.636598,20.772,20.772,0,0,pending,,,,
R00094,G0005,floorNav,西药房|||S5|||toElevator,1楼,/assets/floor-maps/1F.jpg,all-route-cards/route-0005.jpg,all-route-sheets/sheet-001.jpg,5,false,5,5,0,0,7.636598,7.636598,20.772,20.772,0,0,pending,,,,
R00095,G0006,floorNav,西药房|||S6|||fromElevator,1楼,/assets/floor-maps/1F.jpg,all-route-cards/route-0006.jpg,all-route-sheets/sheet-001.jpg,6,true,23,9,0,0,46.377392,46.377392,20.375,20.375,0,0,pending,,,,
R00096,G0006,floorNav,西药房|||S6|||toElevator,1楼,/assets/floor-maps/1F.jpg,all-route-cards/route-0006.jpg,all-route-sheets/sheet-001.jpg,6,true,23,9,0,0,46.377392,46.377392,20.375,20.375,0,0,pending,,,,
R00097,G0043,floorNav,输液室|||S1|||fromElevator,1楼,/assets/floor-maps/1F.jpg,all-route-cards/route-0043.jpg,all-route-sheets/sheet-003.jpg,11,false,10,10,5,5,53.870117,53.870117,20.375,20.375,0,0,pending,,,,
R00098,G0043,floorNav,输液室|||S1|||toElevator,1楼,/assets/floor-maps/1F.jpg,all-route-cards/route-0043.jpg,all-route-sheets/sheet-003.jpg,11,false,10,10,5,5,53.870117,53.870117,20.375,20.375,0,0,pending,,,,
R00099,G0044,floorNav,输液室|||S2|||fromElevator,1楼,/assets/floor-maps/1F.jpg,all-route-cards/route-0044.jpg,all-route-sheets/sheet-003.jpg,12,true,7,6,1,1,28.515669,28.515669,20.197,20.197,0,0,pending,,,,
R00100,G0044,floorNav,输液室|||S2|||toElevator,1楼,/assets/floor-maps/1F.jpg,all-route-cards/route-0044.jpg,all-route-sheets/sheet-003.jpg,12,true,7,6,1,1,28.515669,28.515669,20.197,20.197,0,0,pending,,,,
R00101,G0045,floorNav,输液室|||S3|||fromElevator,1楼,/assets/floor-maps/1F.jpg,all-route-cards/route-0045.jpg,all-route-sheets/sheet-003.jpg,13,false,6,6,0,0,28.557019,28.557019,20.197,20.197,0,0,pending,,,,
R00102,G0045,floorNav,输液室|||S3|||toElevator,1楼,/assets/floor-maps/1F.jpg,all-route-cards/route-0045.jpg,all-route-sheets/sheet-003.jpg,13,false,6,6,0,0,28.557019,28.557019,20.197,20.197,0,0,pending,,,,
R00103,G0046,floorNav,输液室|||S4|||fromElevator,1楼,/assets/floor-maps/1F.jpg,all-route-cards/route-0046.jpg,all-route-sheets/sheet-003.jpg,14,true,16,5,1,1,15.691686,15.691686,20.772,20.772,0,0,pending,,,,
R00104,G0046,floorNav,输液室|||S4|||toElevator,1楼,/assets/floor-maps/1F.jpg,all-route-cards/route-0046.jpg,all-route-sheets/sheet-003.jpg,14,true,16,5,1,1,15.691686,15.691686,20.772,20.772,0,0,pending,,,,
R00105,G0047,floorNav,输液室|||S5|||fromElevator,1楼,/assets/floor-maps/1F.jpg,all-route-cards/route-0047.jpg,all-route-sheets/sheet-003.jpg,15,false,3,3,0,0,16.87702,16.87702,20.397,20.397,0,0,pending,,,,
R00106,G0047,floorNav,输液室|||S5|||toElevator,1楼,/assets/floor-maps/1F.jpg,all-route-cards/route-0047.jpg,all-route-sheets/sheet-003.jpg,15,false,3,3,0,0,16.87702,16.87702,20.397,20.397,0,0,pending,,,,
R00107,G0048,floorNav,输液室|||S6|||fromElevator,1楼,/assets/floor-maps/1F.jpg,all-route-cards/route-0048.jpg,all-route-sheets/sheet-003.jpg,16,false,6,6,0,0,41.650494,41.650494,20.788,20.788,0,1,pending,,,,
R00108,G0048,floorNav,输液室|||S6|||toElevator,1楼,/assets/floor-maps/1F.jpg,all-route-cards/route-0048.jpg,all-route-sheets/sheet-003.jpg,16,false,6,6,0,0,41.650494,41.650494,20.788,20.788,0,1,pending,,,,
R00109,G0049,sameFloor,中药房|||儿科门诊,1楼,/assets/floor-maps/1F.jpg,all-route-cards/route-0049.jpg,all-route-sheets/sheet-004.jpg,1,true,25,8,1,1,41.555153,41.555153,20.772,20.772,0,0,pending,,,,
R00110,G0050,sameFloor,中药房|||大伤门诊,1楼,/assets/floor-maps/1F.jpg,all-route-cards/route-0050.jpg,all-route-sheets/sheet-004.jpg,2,true,10,9,1,1,46.154669,46.154669,20.591,20.591,0,3,pending,,,,
R00111,G0051,sameFloor,中药房|||急诊科,1楼,/assets/floor-maps/1F.jpg,all-route-cards/route-0051.jpg,all-route-sheets/sheet-004.jpg,3,false,4,4,1,1,36.808049,36.808049,20.197,20.197,0,0,pending,,,,
R00112,G0052,sameFloor,中药房|||挂号缴费,1楼,/assets/floor-maps/1F.jpg,all-route-cards/route-0052.jpg,all-route-sheets/sheet-004.jpg,4,true,42,7,0,0,23.600017,23.600017,20.378,20.378,0,0,pending,,,,
R00113,G0053,sameFloor,中药房|||放射科,1楼,/assets/floor-maps/1F.jpg,all-route-cards/route-0053.jpg,all-route-sheets/sheet-004.jpg,5,false,5,5,3,3,24.048458,24.048458,20.197,20.197,0,0,pending,,,,
R00114,G0054,sameFloor,中药房|||消控室,1楼,/assets/floor-maps/1F.jpg,all-route-cards/route-0054.jpg,all-route-sheets/sheet-004.jpg,6,true,12,11,1,1,51.842001,51.842001,20.197,20.197,0,2,pending,,,,
R00115,G0055,sameFloor,中药房|||西药房,1楼,/assets/floor-maps/1F.jpg,all-route-cards/route-0055.jpg,all-route-sheets/sheet-004.jpg,7,false,1,1,0,0,0.0,0.0,0.0,0.0,0,0,pending,,,,
R00116,G0056,sameFloor,中药房|||输液室,1楼,/assets/floor-maps/1F.jpg,all-route-cards/route-0056.jpg,all-route-sheets/sheet-004.jpg,8,false,5,5,0,0,23.965855,23.965855,20.575,20.575,0,1,pending,,,,
R00117,G0049,sameFloor,儿科门诊|||中药房,1楼,/assets/floor-maps/1F.jpg,all-route-cards/route-0049.jpg,all-route-sheets/sheet-004.jpg,1,true,25,8,1,1,41.555153,41.555153,20.772,20.772,0,0,pending,,,,
R00118,G0057,sameFloor,儿科门诊|||大伤门诊,1楼,/assets/floor-maps/1F.jpg,all-route-cards/route-0057.jpg,all-route-sheets/sheet-004.jpg,9,false,2,2,0,0,39.72642,39.72642,47.0,47.0,0,0,pending,,,,
R00119,G0058,sameFloor,儿科门诊|||急诊科,1楼,/assets/floor-maps/1F.jpg,all-route-cards/route-0058.jpg,all-route-sheets/sheet-004.jpg,10,false,4,4,1,1,55.295106,55.295106,20.575,20.575,0,0,pending,,,,
R00120,G0059,sameFloor,儿科门诊|||挂号缴费,1楼,/assets/floor-maps/1F.jpg,all-route-cards/route-0059.jpg,all-route-sheets/sheet-004.jpg,11,true,28,4,1,1,22.081602,22.081602,20.197,20.197,0,0,pending,,,,
R00121,G0060,sameFloor,儿科门诊|||放射科,1楼,/assets/floor-maps/1F.jpg,all-route-cards/route-0060.jpg,all-route-sheets/sheet-004.jpg,12,true,22,10,5,5,59.050752,59.050752,20.397,20.397,0,0,pending,,,,
R00122,G0061,sameFloor,儿科门诊|||消控室,1楼,/assets/floor-maps/1F.jpg,all-route-cards/route-0061.jpg,all-route-sheets/sheet-004.jpg,13,true,28,16,3,3,87.243351,87.243351,20.375,20.375,0,2,pending,,,,
R00123,G0049,sameFloor,儿科门诊|||西药房,1楼,/assets/floor-maps/1F.jpg,all-route-cards/route-0049.jpg,all-route-sheets/sheet-004.jpg,1,true,25,8,1,1,41.555153,41.555153,20.772,20.772,0,0,pending,,,,
R00124,G0062,sameFloor,儿科门诊|||输液室,1楼,/assets/floor-maps/1F.jpg,all-route-cards/route-0062.jpg,all-route-sheets/sheet-004.jpg,14,false,6,6,1,1,35.140011,35.140011,20.788,20.788,0,0,pending,,,,
R00125,G0050,sameFloor,大伤门诊|||中药房,1楼,/assets/floor-maps/1F.jpg,all-route-cards/route-0050.jpg,all-route-sheets/sheet-004.jpg,2,true,10,9,1,1,46.154669,46.154669,20.591,20.591,0,3,pending,,,,
R00126,G0057,sameFloor,大伤门诊|||儿科门诊,1楼,/assets/floor-maps/1F.jpg,all-route-cards/route-0057.jpg,all-route-sheets/sheet-004.jpg,9,false,2,2,0,0,39.72642,39.72642,47.0,47.0,0,0,pending,,,,
R00127,G0063,sameFloor,大伤门诊|||急诊科,1楼,/assets/floor-maps/1F.jpg,all-route-cards/route-0063.jpg,all-route-sheets/sheet-004.jpg,15,false,2,2,0,0,17.204019,17.204019,21.0,21.0,0,0,pending,,,,
R00128,G0064,sameFloor,大伤门诊|||挂号缴费,1楼,/assets/floor-maps/1F.jpg,all-route-cards/route-0064.jpg,all-route-sheets/sheet-004.jpg,16,false,5,5,0,0,38.215551,38.215551,20.378,20.378,0,1,pending,,,,
R00129,G0065,sameFloor,大伤门诊|||放射科,1楼,/assets/floor-maps/1F.jpg,all-route-cards/route-0065.jpg,all-route-sheets/sheet-005.jpg,1,false,7,7,3,3,54.866188,54.866188,20.772,20.772,0,0,pending,,,,
R00130,G0066,sameFloor,大伤门诊|||消控室,1楼,/assets/floor-maps/1F.jpg,all-route-cards/route-0066.jpg,all-route-sheets/sheet-005.jpg,2,false,6,6,2,2,79.699639,79.699639,20.575,20.575,0,0,pending,,,,
R00131,G0050,sameFloor,大伤门诊|||西药房,1楼,/assets/floor-maps/1F.jpg,all-route-cards/route-0050.jpg,all-route-sheets/sheet-004.jpg,2,true,10,9,1,1,46.154669,46.154669,20.591,20.591,0,3,pending,,,,
R00132,G0067,sameFloor,大伤门诊|||输液室,1楼,/assets/floor-maps/1F.jpg,all-route-cards/route-0067.jpg,all-route-sheets/sheet-005.jpg,3,false,6,6,1,1,23.095269,23.095269,20.197,20.197,0,0,pending,,,,
R00133,G0051,sameFloor,急诊科|||中药房,1楼,/assets/floor-maps/1F.jpg,all-route-cards/route-0051.jpg,all-route-sheets/sheet-004.jpg,3,false,4,4,1,1,36.808049,36.808049,20.197,20.197,0,0,pending,,,,
R00134,G0058,sameFloor,急诊科|||儿科门诊,1楼,/assets/floor-maps/1F.jpg,all-route-cards/route-0058.jpg,all-route-sheets/sheet-004.jpg,10,false,4,4,1,1,55.295106,55.295106,20.575,20.575,0,0,pending,,,,
R00135,G0063,sameFloor,急诊科|||大伤门诊,1楼,/assets/floor-maps/1F.jpg,all-route-cards/route-0063.jpg,all-route-sheets/sheet-004.jpg,15,false,2,2,0,0,17.204019,17.204019,21.0,21.0,0,0,pending,,,,
R00136,G0068,sameFloor,急诊科|||挂号缴费,1楼,/assets/floor-maps/1F.jpg,all-route-cards/route-0068.jpg,all-route-sheets/sheet-005.jpg,4,true,20,8,2,2,51.375146,51.375146,20.197,20.197,0,0,pending,,,,
R00137,G0069,sameFloor,急诊科|||放射科,1楼,/assets/floor-maps/1F.jpg,all-route-cards/route-0069.jpg,all-route-sheets/sheet-005.jpg,5,false,7,7,3,3,37.7579,37.7579,20.197,20.197,0,0,pending,,,,
R00138,G0070,sameFloor,急诊科|||消控室,1楼,/assets/floor-maps/1F.jpg,all-route-cards/route-0070.jpg,all-route-sheets/sheet-005.jpg,6,true,18,7,2,2,62.596118,62.596118,20.375,20.375,0,1,pending,,,,
R00139,G0051,sameFloor,急诊科|||西药房,1楼,/assets/floor-maps/1F.jpg,all-route-cards/route-0051.jpg,all-route-sheets/sheet-004.jpg,3,false,4,4,1,1,36.808049,36.808049,20.197,20.197,0,0,pending,,,,
R00140,G0071,sameFloor,急诊科|||输液室,1楼,/assets/floor-maps/1F.jpg,all-route-cards/route-0071.jpg,all-route-sheets/sheet-005.jpg,7,true,29,7,2,2,37.039136,37.039136,20.197,20.197,0,0,pending,,,,
R00141,G0052,sameFloor,挂号缴费|||中药房,1楼,/assets/floor-maps/1F.jpg,all-route-cards/route-0052.jpg,all-route-sheets/sheet-004.jpg,4,true,42,7,0,0,23.600017,23.600017,20.378,20.378,0,0,pending,,,,
R00142,G0059,sameFloor,挂号缴费|||儿科门诊,1楼,/assets/floor-maps/1F.jpg,all-route-cards/route-0059.jpg,all-route-sheets/sheet-004.jpg,11,true,28,4,1,1,22.081602,22.081602,20.197,20.197,0,0,pending,,,,
R00143,G0064,sameFloor,挂号缴费|||大伤门诊,1楼,/assets/floor-maps/1F.jpg,all-route-cards/route-0064.jpg,all-route-sheets/sheet-004.jpg,16,false,5,5,0,0,38.215551,38.215551,20.378,20.378,0,1,pending,,,,
R00144,G0068,sameFloor,挂号缴费|||急诊科,1楼,/assets/floor-maps/1F.jpg,all-route-cards/route-0068.jpg,all-route-sheets/sheet-005.jpg,4,true,20,8,2,2,51.375146,51.375146,20.197,20.197,0,0,pending,,,,
R00145,G0072,sameFloor,挂号缴费|||放射科,1楼,/assets/floor-maps/1F.jpg,all-route-cards/route-0072.jpg,all-route-sheets/sheet-005.jpg,8,false,8,8,3,3,40.875752,40.875752,20.378,20.378,0,1,pending,,,,
R00146,G0073,sameFloor,挂号缴费|||消控室,1楼,/assets/floor-maps/1F.jpg,all-route-cards/route-0073.jpg,all-route-sheets/sheet-005.jpg,9,true,15,14,1,1,69.104422,69.104422,20.197,20.197,0,4,pending,,,,
R00147,G0052,sameFloor,挂号缴费|||西药房,1楼,/assets/floor-maps/1F.jpg,all-route-cards/route-0052.jpg,all-route-sheets/sheet-004.jpg,4,true,42,7,0,0,23.600017,23.600017,20.378,20.378,0,0,pending,,,,
R00148,G0074,sameFloor,挂号缴费|||输液室,1楼,/assets/floor-maps/1F.jpg,all-route-cards/route-0074.jpg,all-route-sheets/sheet-005.jpg,10,false,2,2,0,0,23.513009,23.513009,20.378,20.378,0,0,pending,,,,
R00149,G0053,sameFloor,放射科|||中药房,1楼,/assets/floor-maps/1F.jpg,all-route-cards/route-0053.jpg,all-route-sheets/sheet-004.jpg,5,false,5,5,3,3,24.048458,24.048458,20.197,20.197,0,0,pending,,,,
R00150,G0060,sameFloor,放射科|||儿科门诊,1楼,/assets/floor-maps/1F.jpg,all-route-cards/route-0060.jpg,all-route-sheets/sheet-004.jpg,12,true,22,10,5,5,59.050752,59.050752,20.397,20.397,0,0,pending,,,,
R00151,G0065,sameFloor,放射科|||大伤门诊,1楼,/assets/floor-maps/1F.jpg,all-route-cards/route-0065.jpg,all-route-sheets/sheet-005.jpg,1,false,7,7,3,3,54.866188,54.866188,20.772,20.772,0,0,pending,,,,
R00152,G0069,sameFloor,放射科|||急诊科,1楼,/assets/floor-maps/1F.jpg,all-route-cards/route-0069.jpg,all-route-sheets/sheet-005.jpg,5,false,7,7,3,3,37.7579,37.7579,20.197,20.197,0,0,pending,,,,
R00153,G0072,sameFloor,放射科|||挂号缴费,1楼,/assets/floor-maps/1F.jpg,all-route-cards/route-0072.jpg,all-route-sheets/sheet-005.jpg,8,false,8,8,3,3,40.875752,40.875752,20.378,20.378,0,1,pending,,,,
R00154,G0075,sameFloor,放射科|||消控室,1楼,/assets/floor-maps/1F.jpg,all-route-cards/route-0075.jpg,all-route-sheets/sheet-005.jpg,11,true,20,12,0,0,28.106763,28.106763,20.197,20.197,0,2,pending,,,,
R00155,G0053,sameFloor,放射科|||西药房,1楼,/assets/floor-maps/1F.jpg,all-route-cards/route-0053.jpg,all-route-sheets/sheet-004.jpg,5,false,5,5,3,3,24.048458,24.048458,20.197,20.197,0,0,pending,,,,
R00156,G0076,sameFloor,放射科|||输液室,1楼,/assets/floor-maps/1F.jpg,all-route-cards/route-0076.jpg,all-route-sheets/sheet-005.jpg,12,false,4,4,1,1,32.842601,32.842601,20.772,20.772,0,0,pending,,,,
R00157,G0054,sameFloor,消控室|||中药房,1楼,/assets/floor-maps/1F.jpg,all-route-cards/route-0054.jpg,all-route-sheets/sheet-004.jpg,6,true,12,11,1,1,51.842001,51.842001,20.197,20.197,0,2,pending,,,,
R00158,G0061,sameFloor,消控室|||儿科门诊,1楼,/assets/floor-maps/1F.jpg,all-route-cards/route-0061.jpg,all-route-sheets/sheet-004.jpg,13,true,28,16,3,3,87.243351,87.243351,20.375,20.375,0,2,pending,,,,
R00159,G0066,sameFloor,消控室|||大伤门诊,1楼,/assets/floor-maps/1F.jpg,all-route-cards/route-0066.jpg,all-route-sheets/sheet-005.jpg,2,false,6,6,2,2,79.699639,79.699639,20.575,20.575,0,0,pending,,,,
R00160,G0070,sameFloor,消控室|||急诊科,1楼,/assets/floor-maps/1F.jpg,all-route-cards/route-0070.jpg,all-route-sheets/sheet-005.jpg,6,true,18,7,2,2,62.596118,62.596118,20.375,20.375,0,1,pending,,,,
R00161,G0073,sameFloor,消控室|||挂号缴费,1楼,/assets/floor-maps/1F.jpg,all-route-cards/route-0073.jpg,all-route-sheets/sheet-005.jpg,9,true,15,14,1,1,69.104422,69.104422,20.197,20.197,0,4,pending,,,,
R00162,G0075,sameFloor,消控室|||放射科,1楼,/assets/floor-maps/1F.jpg,all-route-cards/route-0075.jpg,all-route-sheets/sheet-005.jpg,11,true,20,12,0,0,28.106763,28.106763,20.197,20.197,0,2,pending,,,,
R00163,G0054,sameFloor,消控室|||西药房,1楼,/assets/floor-maps/1F.jpg,all-route-cards/route-0054.jpg,all-route-sheets/sheet-004.jpg,6,true,12,11,1,1,51.842001,51.842001,20.197,20.197,0,2,pending,,,,
R00164,G0077,sameFloor,消控室|||输液室,1楼,/assets/floor-maps/1F.jpg,all-route-cards/route-0077.jpg,all-route-sheets/sheet-005.jpg,13,true,10,9,0,0,60.479725,60.479725,20.197,20.197,0,1,pending,,,,
R00165,G0055,sameFloor,西药房|||中药房,1楼,/assets/floor-maps/1F.jpg,all-route-cards/route-0055.jpg,all-route-sheets/sheet-004.jpg,7,false,1,1,0,0,0.0,0.0,0.0,0.0,0,0,pending,,,,
R00166,G0049,sameFloor,西药房|||儿科门诊,1楼,/assets/floor-maps/1F.jpg,all-route-cards/route-0049.jpg,all-route-sheets/sheet-004.jpg,1,true,25,8,1,1,41.555153,41.555153,20.772,20.772,0,0,pending,,,,
R00167,G0050,sameFloor,西药房|||大伤门诊,1楼,/assets/floor-maps/1F.jpg,all-route-cards/route-0050.jpg,all-route-sheets/sheet-004.jpg,2,true,10,9,1,1,46.154669,46.154669,20.591,20.591,0,3,pending,,,,
R00168,G0051,sameFloor,西药房|||急诊科,1楼,/assets/floor-maps/1F.jpg,all-route-cards/route-0051.jpg,all-route-sheets/sheet-004.jpg,3,false,4,4,1,1,36.808049,36.808049,20.197,20.197,0,0,pending,,,,
R00169,G0052,sameFloor,西药房|||挂号缴费,1楼,/assets/floor-maps/1F.jpg,all-route-cards/route-0052.jpg,all-route-sheets/sheet-004.jpg,4,true,42,7,0,0,23.600017,23.600017,20.378,20.378,0,0,pending,,,,
R00170,G0053,sameFloor,西药房|||放射科,1楼,/assets/floor-maps/1F.jpg,all-route-cards/route-0053.jpg,all-route-sheets/sheet-004.jpg,5,false,5,5,3,3,24.048458,24.048458,20.197,20.197,0,0,pending,,,,
R00171,G0054,sameFloor,西药房|||消控室,1楼,/assets/floor-maps/1F.jpg,all-route-cards/route-0054.jpg,all-route-sheets/sheet-004.jpg,6,true,12,11,1,1,51.842001,51.842001,20.197,20.197,0,2,pending,,,,
R00172,G0056,sameFloor,西药房|||输液室,1楼,/assets/floor-maps/1F.jpg,all-route-cards/route-0056.jpg,all-route-sheets/sheet-004.jpg,8,false,5,5,0,0,23.965855,23.965855,20.575,20.575,0,1,pending,,,,
R00173,G0056,sameFloor,输液室|||中药房,1楼,/assets/floor-maps/1F.jpg,all-route-cards/route-0056.jpg,all-route-sheets/sheet-004.jpg,8,false,5,5,0,0,23.965855,23.965855,20.575,20.575,0,1,pending,,,,
R00174,G0062,sameFloor,输液室|||儿科门诊,1楼,/assets/floor-maps/1F.jpg,all-route-cards/route-0062.jpg,all-route-sheets/sheet-004.jpg,14,false,6,6,1,1,35.140011,35.140011,20.788,20.788,0,0,pending,,,,
R00175,G0067,sameFloor,输液室|||大伤门诊,1楼,/assets/floor-maps/1F.jpg,all-route-cards/route-0067.jpg,all-route-sheets/sheet-005.jpg,3,false,6,6,1,1,23.095269,23.095269,20.197,20.197,0,0,pending,,,,
R00176,G0071,sameFloor,输液室|||急诊科,1楼,/assets/floor-maps/1F.jpg,all-route-cards/route-0071.jpg,all-route-sheets/sheet-005.jpg,7,true,29,7,2,2,37.039136,37.039136,20.197,20.197,0,0,pending,,,,
R00177,G0074,sameFloor,输液室|||挂号缴费,1楼,/assets/floor-maps/1F.jpg,all-route-cards/route-0074.jpg,all-route-sheets/sheet-005.jpg,10,false,2,2,0,0,23.513009,23.513009,20.378,20.378,0,0,pending,,,,
R00178,G0076,sameFloor,输液室|||放射科,1楼,/assets/floor-maps/1F.jpg,all-route-cards/route-0076.jpg,all-route-sheets/sheet-005.jpg,12,false,4,4,1,1,32.842601,32.842601,20.772,20.772,0,0,pending,,,,
R00179,G0077,sameFloor,输液室|||消控室,1楼,/assets/floor-maps/1F.jpg,all-route-cards/route-0077.jpg,all-route-sheets/sheet-005.jpg,13,true,10,9,0,0,60.479725,60.479725,20.197,20.197,0,1,pending,,,,
R00180,G0056,sameFloor,输液室|||西药房,1楼,/assets/floor-maps/1F.jpg,all-route-cards/route-0056.jpg,all-route-sheets/sheet-004.jpg,8,false,5,5,0,0,23.965855,23.965855,20.575,20.575,0,1,pending,,,,
R00181,G0078,floorNav,中医馆|||S1|||fromElevator,2楼,/assets/floor-maps/2F.jpg,all-route-cards/route-0078.jpg,all-route-sheets/sheet-005.jpg,14,false,11,11,1,1,84.121876,84.121876,20.375,20.375,0,2,pending,,,,
R00182,G0078,floorNav,中医馆|||S1|||toElevator,2楼,/assets/floor-maps/2F.jpg,all-route-cards/route-0078.jpg,all-route-sheets/sheet-005.jpg,14,false,11,11,1,1,84.121876,84.121876,20.375,20.375,0,2,pending,,,,
R00183,G0079,floorNav,中医馆|||S2|||fromElevator,2楼,/assets/floor-maps/2F.jpg,all-route-cards/route-0079.jpg,all-route-sheets/sheet-005.jpg,15,false,12,12,1,1,65.238676,65.238676,20.375,20.375,0,1,pending,,,,
R00184,G0079,floorNav,中医馆|||S2|||toElevator,2楼,/assets/floor-maps/2F.jpg,all-route-cards/route-0079.jpg,all-route-sheets/sheet-005.jpg,15,false,12,12,1,1,65.238676,65.238676,20.375,20.375,0,1,pending,,,,
R00185,G0080,floorNav,中医馆|||S3|||fromElevator,2楼,/assets/floor-maps/2F.jpg,all-route-cards/route-0080.jpg,all-route-sheets/sheet-005.jpg,16,false,12,12,2,2,63.765853,63.765853,20.375,20.375,0,1,pending,,,,
R00186,G0080,floorNav,中医馆|||S3|||toElevator,2楼,/assets/floor-maps/2F.jpg,all-route-cards/route-0080.jpg,all-route-sheets/sheet-005.jpg,16,false,12,12,2,2,63.765853,63.765853,20.375,20.375,0,1,pending,,,,
R00187,G0081,floorNav,中医馆|||S4|||fromElevator,2楼,/assets/floor-maps/2F.jpg,all-route-cards/route-0081.jpg,all-route-sheets/sheet-006.jpg,1,false,8,8,0,0,39.820016,39.820016,20.375,20.375,0,1,pending,,,,
R00188,G0081,floorNav,中医馆|||S4|||toElevator,2楼,/assets/floor-maps/2F.jpg,all-route-cards/route-0081.jpg,all-route-sheets/sheet-006.jpg,1,false,8,8,0,0,39.820016,39.820016,20.375,20.375,0,1,pending,,,,
R00189,G0082,floorNav,中医馆|||S5|||fromElevator,2楼,/assets/floor-maps/2F.jpg,all-route-cards/route-0082.jpg,all-route-sheets/sheet-006.jpg,2,false,9,9,1,1,38.185668,38.185668,20.375,20.375,0,1,pending,,,,
R00190,G0082,floorNav,中医馆|||S5|||toElevator,2楼,/assets/floor-maps/2F.jpg,all-route-cards/route-0082.jpg,all-route-sheets/sheet-006.jpg,2,false,9,9,1,1,38.185668,38.185668,20.375,20.375,0,1,pending,,,,
R00191,G0083,floorNav,中医馆|||S6|||fromElevator,2楼,/assets/floor-maps/2F.jpg,all-route-cards/route-0083.jpg,all-route-sheets/sheet-006.jpg,3,false,6,6,0,0,10.77147,10.77147,20.375,20.375,0,1,pending,,,,
R00192,G0083,floorNav,中医馆|||S6|||toElevator,2楼,/assets/floor-maps/2F.jpg,all-route-cards/route-0083.jpg,all-route-sheets/sheet-006.jpg,3,false,6,6,0,0,10.77147,10.77147,20.375,20.375,0,1,pending,,,,
R00193,G0084,floorNav,伤口门诊|||S1|||fromElevator,2楼,/assets/floor-maps/2F.jpg,all-route-cards/route-0084.jpg,all-route-sheets/sheet-006.jpg,4,false,6,6,2,2,74.694665,74.694665,20.575,20.575,0,0,pending,,,,
R00194,G0084,floorNav,伤口门诊|||S1|||toElevator,2楼,/assets/floor-maps/2F.jpg,all-route-cards/route-0084.jpg,all-route-sheets/sheet-006.jpg,4,false,6,6,2,2,74.694665,74.694665,20.575,20.575,0,0,pending,,,,
R00195,G0085,floorNav,伤口门诊|||S2|||fromElevator,2楼,/assets/floor-maps/2F.jpg,all-route-cards/route-0085.jpg,all-route-sheets/sheet-006.jpg,5,false,8,8,2,2,55.71129,55.71129,20.375,20.375,0,0,pending,,,,
R00196,G0085,floorNav,伤口门诊|||S2|||toElevator,2楼,/assets/floor-maps/2F.jpg,all-route-cards/route-0085.jpg,all-route-sheets/sheet-006.jpg,5,false,8,8,2,2,55.71129,55.71129,20.375,20.375,0,0,pending,,,,
R00197,G0086,floorNav,伤口门诊|||S3|||fromElevator,2楼,/assets/floor-maps/2F.jpg,all-route-cards/route-0086.jpg,all-route-sheets/sheet-006.jpg,6,false,8,8,3,3,54.238466,54.238466,20.375,20.375,0,0,pending,,,,
R00198,G0086,floorNav,伤口门诊|||S3|||toElevator,2楼,/assets/floor-maps/2F.jpg,all-route-cards/route-0086.jpg,all-route-sheets/sheet-006.jpg,6,false,8,8,3,3,54.238466,54.238466,20.375,20.375,0,0,pending,,,,
R00199,G0087,floorNav,伤口门诊|||S4|||fromElevator,2楼,/assets/floor-maps/2F.jpg,all-route-cards/route-0087.jpg,all-route-sheets/sheet-006.jpg,7,false,9,9,1,1,36.529909,36.529909,20.197,20.197,0,0,pending,,,,
R00200,G0087,floorNav,伤口门诊|||S4|||toElevator,2楼,/assets/floor-maps/2F.jpg,all-route-cards/route-0087.jpg,all-route-sheets/sheet-006.jpg,7,false,9,9,1,1,36.529909,36.529909,20.197,20.197,0,0,pending,,,,
R00201,G0088,floorNav,伤口门诊|||S5|||fromElevator,2楼,/assets/floor-maps/2F.jpg,all-route-cards/route-0088.jpg,all-route-sheets/sheet-006.jpg,8,false,10,10,2,2,34.895561,34.895561,20.197,20.197,0,0,pending,,,,
R00202,G0088,floorNav,伤口门诊|||S5|||toElevator,2楼,/assets/floor-maps/2F.jpg,all-route-cards/route-0088.jpg,all-route-sheets/sheet-006.jpg,8,false,10,10,2,2,34.895561,34.895561,20.197,20.197,0,0,pending,,,,
R00203,G0089,floorNav,伤口门诊|||S6|||fromElevator,2楼,/assets/floor-maps/2F.jpg,all-route-cards/route-0089.jpg,all-route-sheets/sheet-006.jpg,9,true,16,4,0,0,27.157181,27.157181,20.984,20.984,0,1,pending,,,,
R00204,G0089,floorNav,伤口门诊|||S6|||toElevator,2楼,/assets/floor-maps/2F.jpg,all-route-cards/route-0089.jpg,all-route-sheets/sheet-006.jpg,9,true,16,4,0,0,27.157181,27.157181,20.984,20.984,0,1,pending,,,,
R00205,G0090,floorNav,内科门诊|||S1|||fromElevator,2楼,/assets/floor-maps/2F.jpg,all-route-cards/route-0090.jpg,all-route-sheets/sheet-006.jpg,10,false,6,6,1,1,65.905398,65.905398,20.394,20.394,0,0,pending,,,,
R00206,G0090,floorNav,内科门诊|||S1|||toElevator,2楼,/assets/floor-maps/2F.jpg,all-route-cards/route-0090.jpg,all-route-sheets/sheet-006.jpg,10,false,6,6,1,1,65.905398,65.905398,20.394,20.394,0,0,pending,,,,
R00207,G0091,floorNav,内科门诊|||S2|||fromElevator,2楼,/assets/floor-maps/2F.jpg,all-route-cards/route-0091.jpg,all-route-sheets/sheet-006.jpg,11,true,29,7,2,2,46.711844,46.711844,20.375,20.375,0,0,pending,,,,
R00208,G0091,floorNav,内科门诊|||S2|||toElevator,2楼,/assets/floor-maps/2F.jpg,all-route-cards/route-0091.jpg,all-route-sheets/sheet-006.jpg,11,true,29,7,2,2,46.711844,46.711844,20.375,20.375,0,0,pending,,,,
R00209,G0092,floorNav,内科门诊|||S3|||fromElevator,2楼,/assets/floor-maps/2F.jpg,all-route-cards/route-0092.jpg,all-route-sheets/sheet-006.jpg,12,true,31,7,2,2,45.287045,45.287045,20.394,20.394,0,0,pending,,,,
R00210,G0092,floorNav,内科门诊|||S3|||toElevator,2楼,/assets/floor-maps/2F.jpg,all-route-cards/route-0092.jpg,all-route-sheets/sheet-006.jpg,12,true,31,7,2,2,45.287045,45.287045,20.394,20.394,0,0,pending,,,,
R00211,G0093,floorNav,内科门诊|||S4|||fromElevator,2楼,/assets/floor-maps/2F.jpg,all-route-cards/route-0093.jpg,all-route-sheets/sheet-006.jpg,13,false,8,8,3,3,33.290993,33.290993,20.378,20.378,0,0,pending,,,,
R00212,G0093,floorNav,内科门诊|||S4|||toElevator,2楼,/assets/floor-maps/2F.jpg,all-route-cards/route-0093.jpg,all-route-sheets/sheet-006.jpg,13,false,8,8,3,3,33.290993,33.290993,20.378,20.378,0,0,pending,,,,
R00213,G0094,floorNav,内科门诊|||S5|||fromElevator,2楼,/assets/floor-maps/2F.jpg,all-route-cards/route-0094.jpg,all-route-sheets/sheet-006.jpg,14,false,6,6,2,2,34.775951,34.775951,20.394,20.394,0,0,pending,,,,
R00214,G0094,floorNav,内科门诊|||S5|||toElevator,2楼,/assets/floor-maps/2F.jpg,all-route-cards/route-0094.jpg,all-route-sheets/sheet-006.jpg,14,false,6,6,2,2,34.775951,34.775951,20.394,20.394,0,0,pending,,,,
R00215,G0095,floorNav,内科门诊|||S6|||fromElevator,2楼,/assets/floor-maps/2F.jpg,all-route-cards/route-0095.jpg,all-route-sheets/sheet-006.jpg,15,true,12,11,1,1,48.584304,48.584304,21.0,21.0,0,0,pending,,,,
R00216,G0095,floorNav,内科门诊|||S6|||toElevator,2楼,/assets/floor-maps/2F.jpg,all-route-cards/route-0095.jpg,all-route-sheets/sheet-006.jpg,15,true,12,11,1,1,48.584304,48.584304,21.0,21.0,0,0,pending,,,,
R00217,G0096,floorNav,外科门诊|||S1|||fromElevator,2楼,/assets/floor-maps/2F.jpg,all-route-cards/route-0096.jpg,all-route-sheets/sheet-006.jpg,16,false,4,4,0,0,65.54989,65.54989,20.197,20.197,0,0,pending,,,,
R00218,G0096,floorNav,外科门诊|||S1|||toElevator,2楼,/assets/floor-maps/2F.jpg,all-route-cards/route-0096.jpg,all-route-sheets/sheet-006.jpg,16,false,4,4,0,0,65.54989,65.54989,20.197,20.197,0,0,pending,,,,
R00219,G0097,floorNav,外科门诊|||S2|||fromElevator,2楼,/assets/floor-maps/2F.jpg,all-route-cards/route-0097.jpg,all-route-sheets/sheet-007.jpg,1,false,4,4,0,0,46.492705,46.492705,20.375,20.375,0,0,pending,,,,
R00220,G0097,floorNav,外科门诊|||S2|||toElevator,2楼,/assets/floor-maps/2F.jpg,all-route-cards/route-0097.jpg,all-route-sheets/sheet-007.jpg,1,false,4,4,0,0,46.492705,46.492705,20.375,20.375,0,0,pending,,,,
R00221,G0098,floorNav,外科门诊|||S3|||fromElevator,2楼,/assets/floor-maps/2F.jpg,all-route-cards/route-0098.jpg,all-route-sheets/sheet-007.jpg,2,false,4,4,1,1,45.019882,45.019882,20.375,20.375,0,0,pending,,,,
R00222,G0098,floorNav,外科门诊|||S3|||toElevator,2楼,/assets/floor-maps/2F.jpg,all-route-cards/route-0098.jpg,all-route-sheets/sheet-007.jpg,2,false,4,4,1,1,45.019882,45.019882,20.375,20.375,0,0,pending,,,,
R00223,G0099,floorNav,外科门诊|||S4|||fromElevator,2楼,/assets/floor-maps/2F.jpg,all-route-cards/route-0099.jpg,all-route-sheets/sheet-007.jpg,3,true,7,5,0,0,27.659265,27.659265,20.378,20.378,0,1,pending,,,,
R00224,G0099,floorNav,外科门诊|||S4|||toElevator,2楼,/assets/floor-maps/2F.jpg,all-route-cards/route-0099.jpg,all-route-sheets/sheet-007.jpg,3,true,7,5,0,0,27.659265,27.659265,20.378,20.378,0,1,pending,,,,
R00225,G0100,floorNav,外科门诊|||S5|||fromElevator,2楼,/assets/floor-maps/2F.jpg,all-route-cards/route-0100.jpg,all-route-sheets/sheet-007.jpg,4,true,7,5,0,0,28.427272,28.427272,20.591,20.591,0,0,pending,,,,
R00226,G0100,floorNav,外科门诊|||S5|||toElevator,2楼,/assets/floor-maps/2F.jpg,all-route-cards/route-0100.jpg,all-route-sheets/sheet-007.jpg,4,true,7,5,0,0,28.427272,28.427272,20.591,20.591,0,0,pending,,,,
R00227,G0101,floorNav,外科门诊|||S6|||fromElevator,2楼,/assets/floor-maps/2F.jpg,all-route-cards/route-0101.jpg,all-route-sheets/sheet-007.jpg,5,true,16,5,0,0,36.68086,36.68086,21.0,21.0,0,2,pending,,,,
R00228,G0101,floorNav,外科门诊|||S6|||toElevator,2楼,/assets/floor-maps/2F.jpg,all-route-cards/route-0101.jpg,all-route-sheets/sheet-007.jpg,5,true,16,5,0,0,36.68086,36.68086,21.0,21.0,0,2,pending,,,,
R00229,G0102,floorNav,多功能科|||S1|||fromElevator,2楼,/assets/floor-maps/2F.jpg,all-route-cards/route-0102.jpg,all-route-sheets/sheet-007.jpg,6,true,8,5,1,1,16.171146,16.171146,20.375,20.375,0,0,pending,,,,
R00230,G0102,floorNav,多功能科|||S1|||toElevator,2楼,/assets/floor-maps/2F.jpg,all-route-cards/route-0102.jpg,all-route-sheets/sheet-007.jpg,6,true,8,5,1,1,16.171146,16.171146,20.375,20.375,0,0,pending,,,,
R00231,G0103,floorNav,多功能科|||S2|||fromElevator,2楼,/assets/floor-maps/2F.jpg,all-route-cards/route-0103.jpg,all-route-sheets/sheet-007.jpg,7,false,7,7,1,1,26.865879,26.865879,20.772,20.772,0,0,pending,,,,
R00232,G0103,floorNav,多功能科|||S2|||toElevator,2楼,/assets/floor-maps/2F.jpg,all-route-cards/route-0103.jpg,all-route-sheets/sheet-007.jpg,7,false,7,7,1,1,26.865879,26.865879,20.772,20.772,0,0,pending,,,,
R00233,G0104,floorNav,多功能科|||S3|||fromElevator,2楼,/assets/floor-maps/2F.jpg,all-route-cards/route-0104.jpg,all-route-sheets/sheet-007.jpg,8,false,7,7,0,0,28.199647,28.199647,20.375,20.375,0,1,pending,,,,
R00234,G0104,floorNav,多功能科|||S3|||toElevator,2楼,/assets/floor-maps/2F.jpg,all-route-cards/route-0104.jpg,all-route-sheets/sheet-007.jpg,8,false,7,7,0,0,28.199647,28.199647,20.375,20.375,0,1,pending,,,,
R00235,G0105,floorNav,多功能科|||S4|||fromElevator,2楼,/assets/floor-maps/2F.jpg,all-route-cards/route-0105.jpg,all-route-sheets/sheet-007.jpg,9,true,37,9,3,3,51.56718,51.56718,20.375,20.375,0,0,pending,,,,
R00236,G0105,floorNav,多功能科|||S4|||toElevator,2楼,/assets/floor-maps/2F.jpg,all-route-cards/route-0105.jpg,all-route-sheets/sheet-007.jpg,9,true,37,9,3,3,51.56718,51.56718,20.375,20.375,0,0,pending,,,,
R00237,G0106,floorNav,多功能科|||S5|||fromElevator,2楼,/assets/floor-maps/2F.jpg,all-route-cards/route-0106.jpg,all-route-sheets/sheet-007.jpg,10,true,39,10,2,2,53.074474,53.074474,20.197,20.197,0,0,pending,,,,
R00238,G0106,floorNav,多功能科|||S5|||toElevator,2楼,/assets/floor-maps/2F.jpg,all-route-cards/route-0106.jpg,all-route-sheets/sheet-007.jpg,10,true,39,10,2,2,53.074474,53.074474,20.197,20.197,0,0,pending,,,,
R00239,G0107,floorNav,多功能科|||S6|||fromElevator,2楼,/assets/floor-maps/2F.jpg,all-route-cards/route-0107.jpg,all-route-sheets/sheet-007.jpg,11,true,27,14,2,2,91.544581,91.544581,20.375,20.375,0,2,pending,,,,
R00240,G0107,floorNav,多功能科|||S6|||toElevator,2楼,/assets/floor-maps/2F.jpg,all-route-cards/route-0107.jpg,all-route-sheets/sheet-007.jpg,11,true,27,14,2,2,91.544581,91.544581,20.375,20.375,0,2,pending,,,,
R00241,G0108,floorNav,妇科门诊|||S1|||fromElevator,2楼,/assets/floor-maps/2F.jpg,all-route-cards/route-0108.jpg,all-route-sheets/sheet-007.jpg,12,false,4,4,1,1,65.63983,65.63983,20.375,20.375,0,0,pending,,,,
R00242,G0108,floorNav,妇科门诊|||S1|||toElevator,2楼,/assets/floor-maps/2F.jpg,all-route-cards/route-0108.jpg,all-route-sheets/sheet-007.jpg,12,false,4,4,1,1,65.63983,65.63983,20.375,20.375,0,0,pending,,,,
R00243,G0109,floorNav,妇科门诊|||S2|||fromElevator,2楼,/assets/floor-maps/2F.jpg,all-route-cards/route-0109.jpg,all-route-sheets/sheet-007.jpg,13,false,5,5,1,1,46.721582,46.721582,20.375,20.375,0,0,pending,,,,
R00244,G0109,floorNav,妇科门诊|||S2|||toElevator,2楼,/assets/floor-maps/2F.jpg,all-route-cards/route-0109.jpg,all-route-sheets/sheet-007.jpg,13,false,5,5,1,1,46.721582,46.721582,20.375,20.375,0,0,pending,,,,
R00245,G0110,floorNav,妇科门诊|||S3|||fromElevator,2楼,/assets/floor-maps/2F.jpg,all-route-cards/route-0110.jpg,all-route-sheets/sheet-007.jpg,14,false,5,5,2,2,45.248759,45.248759,20.375,20.375,0,0,pending,,,,
R00246,G0110,floorNav,妇科门诊|||S3|||toElevator,2楼,/assets/floor-maps/2F.jpg,all-route-cards/route-0110.jpg,all-route-sheets/sheet-007.jpg,14,false,5,5,2,2,45.248759,45.248759,20.375,20.375,0,0,pending,,,,
R00247,G0111,floorNav,妇科门诊|||S4|||fromElevator,2楼,/assets/floor-maps/2F.jpg,all-route-cards/route-0111.jpg,all-route-sheets/sheet-007.jpg,15,false,4,4,0,0,20.290814,20.290814,20.375,20.375,0,0,pending,,,,
R00248,G0111,floorNav,妇科门诊|||S4|||toElevator,2楼,/assets/floor-maps/2F.jpg,all-route-cards/route-0111.jpg,all-route-sheets/sheet-007.jpg,15,false,4,4,0,0,20.290814,20.290814,20.375,20.375,0,0,pending,,,,
R00249,G0112,floorNav,妇科门诊|||S5|||fromElevator,2楼,/assets/floor-maps/2F.jpg,all-route-cards/route-0112.jpg,all-route-sheets/sheet-007.jpg,16,false,5,5,1,1,18.574112,18.574112,20.375,20.375,0,0,pending,,,,
R00250,G0112,floorNav,妇科门诊|||S5|||toElevator,2楼,/assets/floor-maps/2F.jpg,all-route-cards/route-0112.jpg,all-route-sheets/sheet-007.jpg,16,false,5,5,1,1,18.574112,18.574112,20.375,20.375,0,0,pending,,,,
R00251,G0113,floorNav,妇科门诊|||S6|||fromElevator,2楼,/assets/floor-maps/2F.jpg,all-route-cards/route-0113.jpg,all-route-sheets/sheet-008.jpg,1,true,19,8,0,0,30.697604,30.697604,20.375,20.375,0,0,pending,,,,
R00252,G0113,floorNav,妇科门诊|||S6|||toElevator,2楼,/assets/floor-maps/2F.jpg,all-route-cards/route-0113.jpg,all-route-sheets/sheet-008.jpg,1,true,19,8,0,0,30.697604,30.697604,20.375,20.375,0,0,pending,,,,
R00253,G0114,floorNav,急诊科办公区|||S1|||fromElevator,2楼,/assets/floor-maps/2F.jpg,all-route-cards/route-0114.jpg,all-route-sheets/sheet-008.jpg,2,false,5,5,1,1,27.446907,27.446907,21.0,21.0,0,0,pending,,,,
R00254,G0114,floorNav,急诊科办公区|||S1|||toElevator,2楼,/assets/floor-maps/2F.jpg,all-route-cards/route-0114.jpg,all-route-sheets/sheet-008.jpg,2,false,5,5,1,1,27.446907,27.446907,21.0,21.0,0,0,pending,,,,
R00255,G0115,floorNav,急诊科办公区|||S2|||fromElevator,2楼,/assets/floor-maps/2F.jpg,all-route-cards/route-0115.jpg,all-route-sheets/sheet-008.jpg,3,false,2,2,0,0,2.280501,2.280501,21.0,21.0,0,0,pending,,,,
R00256,G0115,floorNav,急诊科办公区|||S2|||toElevator,2楼,/assets/floor-maps/2F.jpg,all-route-cards/route-0115.jpg,all-route-sheets/sheet-008.jpg,3,false,2,2,0,0,2.280501,2.280501,21.0,21.0,0,0,pending,,,,
R00257,G0116,floorNav,急诊科办公区|||S3|||fromElevator,2楼,/assets/floor-maps/2F.jpg,all-route-cards/route-0116.jpg,all-route-sheets/sheet-008.jpg,4,false,2,2,0,0,2.29404,2.29404,21.0,21.0,0,0,pending,,,,
R00258,G0116,floorNav,急诊科办公区|||S3|||toElevator,2楼,/assets/floor-maps/2F.jpg,all-route-cards/route-0116.jpg,all-route-sheets/sheet-008.jpg,4,false,2,2,0,0,2.29404,2.29404,21.0,21.0,0,0,pending,,,,
R00259,G0117,floorNav,急诊科办公区|||S4|||fromElevator,2楼,/assets/floor-maps/2F.jpg,all-route-cards/route-0117.jpg,all-route-sheets/sheet-008.jpg,5,true,32,11,2,2,33.315049,33.315049,20.375,20.375,0,1,pending,,,,
R00260,G0117,floorNav,急诊科办公区|||S4|||toElevator,2楼,/assets/floor-maps/2F.jpg,all-route-cards/route-0117.jpg,all-route-sheets/sheet-008.jpg,5,true,32,11,2,2,33.315049,33.315049,20.375,20.375,0,1,pending,,,,
R00261,G0118,floorNav,急诊科办公区|||S5|||fromElevator,2楼,/assets/floor-maps/2F.jpg,all-route-cards/route-0118.jpg,all-route-sheets/sheet-008.jpg,6,true,29,9,2,2,34.768535,34.768535,20.772,20.772,0,1,pending,,,,
R00262,G0118,floorNav,急诊科办公区|||S5|||toElevator,2楼,/assets/floor-maps/2F.jpg,all-route-cards/route-0118.jpg,all-route-sheets/sheet-008.jpg,6,true,29,9,2,2,34.768535,34.768535,20.772,20.772,0,1,pending,,,,
R00263,G0119,floorNav,急诊科办公区|||S6|||fromElevator,2楼,/assets/floor-maps/2F.jpg,all-route-cards/route-0119.jpg,all-route-sheets/sheet-008.jpg,7,true,20,16,1,1,73.316351,73.316351,20.375,20.375,0,1,pending,,,,
R00264,G0119,floorNav,急诊科办公区|||S6|||toElevator,2楼,/assets/floor-maps/2F.jpg,all-route-cards/route-0119.jpg,all-route-sheets/sheet-008.jpg,7,true,20,16,1,1,73.316351,73.316351,20.375,20.375,0,1,pending,,,,
R00265,G0120,floorNav,检验科|||S1|||fromElevator,2楼,/assets/floor-maps/2F.jpg,all-route-cards/route-0120.jpg,all-route-sheets/sheet-008.jpg,8,false,5,5,1,1,25.655139,25.655139,20.375,20.375,0,0,pending,,,,
R00266,G0120,floorNav,检验科|||S1|||toElevator,2楼,/assets/floor-maps/2F.jpg,all-route-cards/route-0120.jpg,all-route-sheets/sheet-008.jpg,8,false,5,5,1,1,25.655139,25.655139,20.375,20.375,0,0,pending,,,,
R00267,G0121,floorNav,检验科|||S2|||fromElevator,2楼,/assets/floor-maps/2F.jpg,all-route-cards/route-0121.jpg,all-route-sheets/sheet-008.jpg,9,false,2,2,0,0,2.710064,2.710064,21.0,21.0,0,0,pending,,,,
R00268,G0121,floorNav,检验科|||S2|||toElevator,2楼,/assets/floor-maps/2F.jpg,all-route-cards/route-0121.jpg,all-route-sheets/sheet-008.jpg,9,false,2,2,0,0,2.710064,2.710064,21.0,21.0,0,0,pending,,,,
R00269,G0122,floorNav,检验科|||S3|||fromElevator,2楼,/assets/floor-maps/2F.jpg,all-route-cards/route-0122.jpg,all-route-sheets/sheet-008.jpg,10,false,2,2,0,0,1.669375,1.669375,21.0,21.0,0,0,pending,,,,
R00270,G0122,floorNav,检验科|||S3|||toElevator,2楼,/assets/floor-maps/2F.jpg,all-route-cards/route-0122.jpg,all-route-sheets/sheet-008.jpg,10,false,2,2,0,0,1.669375,1.669375,21.0,21.0,0,0,pending,,,,
R00271,G0123,floorNav,检验科|||S4|||fromElevator,2楼,/assets/floor-maps/2F.jpg,all-route-cards/route-0123.jpg,all-route-sheets/sheet-008.jpg,11,true,32,11,2,2,31.021992,31.021992,20.375,20.375,0,1,pending,,,,
R00272,G0123,floorNav,检验科|||S4|||toElevator,2楼,/assets/floor-maps/2F.jpg,all-route-cards/route-0123.jpg,all-route-sheets/sheet-008.jpg,11,true,32,11,2,2,31.021992,31.021992,20.375,20.375,0,1,pending,,,,
R00273,G0124,floorNav,检验科|||S5|||fromElevator,2楼,/assets/floor-maps/2F.jpg,all-route-cards/route-0124.jpg,all-route-sheets/sheet-008.jpg,12,true,29,9,2,2,32.475477,32.475477,21.0,21.0,0,1,pending,,,,
R00274,G0124,floorNav,检验科|||S5|||toElevator,2楼,/assets/floor-maps/2F.jpg,all-route-cards/route-0124.jpg,all-route-sheets/sheet-008.jpg,12,true,29,9,2,2,32.475477,32.475477,21.0,21.0,0,1,pending,,,,
R00275,G0125,floorNav,检验科|||S6|||fromElevator,2楼,/assets/floor-maps/2F.jpg,all-route-cards/route-0125.jpg,all-route-sheets/sheet-008.jpg,13,true,19,15,1,1,71.008198,71.008198,20.375,20.375,0,2,pending,,,,
R00276,G0125,floorNav,检验科|||S6|||toElevator,2楼,/assets/floor-maps/2F.jpg,all-route-cards/route-0125.jpg,all-route-sheets/sheet-008.jpg,13,true,19,15,1,1,71.008198,71.008198,20.375,20.375,0,2,pending,,,,
R00277,G0126,floorNav,计算机机房|||S1|||fromElevator,2楼,/assets/floor-maps/2F.jpg,all-route-cards/route-0126.jpg,all-route-sheets/sheet-008.jpg,14,false,6,6,1,1,26.142276,26.142276,20.772,20.772,0,0,pending,,,,
R00278,G0126,floorNav,计算机机房|||S1|||toElevator,2楼,/assets/floor-maps/2F.jpg,all-route-cards/route-0126.jpg,all-route-sheets/sheet-008.jpg,14,false,6,6,1,1,26.142276,26.142276,20.772,20.772,0,0,pending,,,,
R00279,G0127,floorNav,计算机机房|||S2|||fromElevator,2楼,/assets/floor-maps/2F.jpg,all-route-cards/route-0127.jpg,all-route-sheets/sheet-008.jpg,15,false,2,2,0,0,1.962853,1.962853,21.0,21.0,0,0,pending,,,,
R00280,G0127,floorNav,计算机机房|||S2|||toElevator,2楼,/assets/floor-maps/2F.jpg,all-route-cards/route-0127.jpg,all-route-sheets/sheet-008.jpg,15,false,2,2,0,0,1.962853,1.962853,21.0,21.0,0,0,pending,,,,
R00281,G0128,floorNav,计算机机房|||S3|||fromElevator,2楼,/assets/floor-maps/2F.jpg,all-route-cards/route-0128.jpg,all-route-sheets/sheet-008.jpg,16,false,2,2,0,0,1.901053,1.901053,21.0,21.0,0,0,pending,,,,
R00282,G0128,floorNav,计算机机房|||S3|||toElevator,2楼,/assets/floor-maps/2F.jpg,all-route-cards/route-0128.jpg,all-route-sheets/sheet-008.jpg,16,false,2,2,0,0,1.901053,1.901053,21.0,21.0,0,0,pending,,,,
R00283,G0129,floorNav,计算机机房|||S4|||fromElevator,2楼,/assets/floor-maps/2F.jpg,all-route-cards/route-0129.jpg,all-route-sheets/sheet-009.jpg,1,true,31,10,2,2,31.986968,31.986968,20.375,20.375,0,1,pending,,,,
R00284,G0129,floorNav,计算机机房|||S4|||toElevator,2楼,/assets/floor-maps/2F.jpg,all-route-cards/route-0129.jpg,all-route-sheets/sheet-009.jpg,1,true,31,10,2,2,31.986968,31.986968,20.375,20.375,0,1,pending,,,,
R00285,G0130,floorNav,计算机机房|||S5|||fromElevator,2楼,/assets/floor-maps/2F.jpg,all-route-cards/route-0130.jpg,all-route-sheets/sheet-009.jpg,2,true,28,8,2,2,33.440453,33.440453,20.772,20.772,0,1,pending,,,,
R00286,G0130,floorNav,计算机机房|||S5|||toElevator,2楼,/assets/floor-maps/2F.jpg,all-route-cards/route-0130.jpg,all-route-sheets/sheet-009.jpg,2,true,28,8,2,2,33.440453,33.440453,20.772,20.772,0,1,pending,,,,
R00287,G0131,floorNav,计算机机房|||S6|||fromElevator,2楼,/assets/floor-maps/2F.jpg,all-route-cards/route-0131.jpg,all-route-sheets/sheet-009.jpg,3,true,19,15,1,1,71.988269,71.988269,20.375,20.375,0,1,pending,,,,
R00288,G0131,floorNav,计算机机房|||S6|||toElevator,2楼,/assets/floor-maps/2F.jpg,all-route-cards/route-0131.jpg,all-route-sheets/sheet-009.jpg,3,true,19,15,1,1,71.988269,71.988269,20.375,20.375,0,1,pending,,,,
R00289,G0132,floorNav,超声医学科|||S1|||fromElevator,2楼,/assets/floor-maps/2F.jpg,all-route-cards/route-0132.jpg,all-route-sheets/sheet-009.jpg,4,false,4,4,1,1,31.003209,31.003209,20.978,20.978,0,0,pending,,,,
R00290,G0132,floorNav,超声医学科|||S1|||toElevator,2楼,/assets/floor-maps/2F.jpg,all-route-cards/route-0132.jpg,all-route-sheets/sheet-009.jpg,4,false,4,4,1,1,31.003209,31.003209,20.978,20.978,0,0,pending,,,,
R00291,G0133,floorNav,超声医学科|||S2|||fromElevator,2楼,/assets/floor-maps/2F.jpg,all-route-cards/route-0133.jpg,all-route-sheets/sheet-009.jpg,5,false,3,3,0,0,17.979756,17.979756,21.0,21.0,0,0,pending,,,,
R00292,G0133,floorNav,超声医学科|||S2|||toElevator,2楼,/assets/floor-maps/2F.jpg,all-route-cards/route-0133.jpg,all-route-sheets/sheet-009.jpg,5,false,3,3,0,0,17.979756,17.979756,21.0,21.0,0,0,pending,,,,
R00293,G0134,floorNav,超声医学科|||S3|||fromElevator,2楼,/assets/floor-maps/2F.jpg,all-route-cards/route-0134.jpg,all-route-sheets/sheet-009.jpg,6,false,2,2,0,0,17.64516,17.64516,21.0,21.0,0,0,pending,,,,
R00294,G0134,floorNav,超声医学科|||S3|||toElevator,2楼,/assets/floor-maps/2F.jpg,all-route-cards/route-0134.jpg,all-route-sheets/sheet-009.jpg,6,false,2,2,0,0,17.64516,17.64516,21.0,21.0,0,0,pending,,,,
R00295,G0135,floorNav,超声医学科|||S4|||fromElevator,2楼,/assets/floor-maps/2F.jpg,all-route-cards/route-0135.jpg,all-route-sheets/sheet-009.jpg,7,true,38,11,2,2,32.180664,32.180664,20.375,20.375,0,0,pending,,,,
R00296,G0135,floorNav,超声医学科|||S4|||toElevator,2楼,/assets/floor-maps/2F.jpg,all-route-cards/route-0135.jpg,all-route-sheets/sheet-009.jpg,7,true,38,11,2,2,32.180664,32.180664,20.375,20.375,0,0,pending,,,,
R00297,G0136,floorNav,超声医学科|||S5|||fromElevator,2楼,/assets/floor-maps/2F.jpg,all-route-cards/route-0136.jpg,all-route-sheets/sheet-009.jpg,8,true,38,9,2,2,33.633893,33.633893,20.375,20.375,0,0,pending,,,,
R00298,G0136,floorNav,超声医学科|||S5|||toElevator,2楼,/assets/floor-maps/2F.jpg,all-route-cards/route-0136.jpg,all-route-sheets/sheet-009.jpg,8,true,38,9,2,2,33.633893,33.633893,20.375,20.375,0,0,pending,,,,
R00299,G0137,floorNav,超声医学科|||S6|||fromElevator,2楼,/assets/floor-maps/2F.jpg,all-route-cards/route-0137.jpg,all-route-sheets/sheet-009.jpg,9,true,28,16,1,1,72.158064,72.158064,20.375,20.375,0,2,pending,,,,
R00300,G0137,floorNav,超声医学科|||S6|||toElevator,2楼,/assets/floor-maps/2F.jpg,all-route-cards/route-0137.jpg,all-route-sheets/sheet-009.jpg,9,true,28,16,1,1,72.158064,72.158064,20.375,20.375,0,2,pending,,,,
R00301,G0138,sameFloor,中医馆|||伤口门诊,2楼,/assets/floor-maps/2F.jpg,all-route-cards/route-0138.jpg,all-route-sheets/sheet-009.jpg,10,false,2,2,0,0,16.630587,16.630587,20.984,20.984,0,0,pending,,,,
R00302,G0139,sameFloor,中医馆|||内科门诊,2楼,/assets/floor-maps/2F.jpg,all-route-cards/route-0139.jpg,all-route-sheets/sheet-009.jpg,11,false,2,2,0,0,38.11258,38.11258,47.0,47.0,0,0,pending,,,,
R00303,G0140,sameFloor,中医馆|||外科门诊,2楼,/assets/floor-maps/2F.jpg,all-route-cards/route-0140.jpg,all-route-sheets/sheet-009.jpg,12,false,2,2,0,0,26.405201,26.405201,47.197,47.197,0,0,pending,,,,
R00304,G0141,sameFloor,中医馆|||多功能科,2楼,/assets/floor-maps/2F.jpg,all-route-cards/route-0141.jpg,all-route-sheets/sheet-009.jpg,13,true,24,13,2,2,84.765272,84.765272,20.575,20.575,0,2,pending,,,,
R00305,G0142,sameFloor,中医馆|||妇科门诊,2楼,/assets/floor-maps/2F.jpg,all-route-cards/route-0142.jpg,all-route-sheets/sheet-009.jpg,14,false,7,7,0,0,22.891378,22.891378,20.375,20.375,0,0,pending,,,,
R00306,G0143,sameFloor,中医馆|||急诊科办公区,2楼,/assets/floor-maps/2F.jpg,all-route-cards/route-0143.jpg,all-route-sheets/sheet-009.jpg,15,false,12,12,2,2,65.379483,65.379483,20.375,20.375,0,1,pending,,,,
R00307,G0144,sameFloor,中医馆|||检验科,2楼,/assets/floor-maps/2F.jpg,all-route-cards/route-0144.jpg,all-route-sheets/sheet-009.jpg,16,false,14,14,1,1,63.097619,63.097619,20.375,20.375,0,1,pending,,,,
R00308,G0145,sameFloor,中医馆|||计算机机房,2楼,/assets/floor-maps/2F.jpg,all-route-cards/route-0145.jpg,all-route-sheets/sheet-010.jpg,1,false,13,13,1,1,64.076946,64.076946,20.375,20.375,0,1,pending,,,,
R00309,G0146,sameFloor,中医馆|||超声医学科,2楼,/assets/floor-maps/2F.jpg,all-route-cards/route-0146.jpg,all-route-sheets/sheet-010.jpg,2,true,23,12,3,3,64.785258,64.785258,20.575,20.575,0,2,pending,,,,
R00310,G0138,sameFloor,伤口门诊|||中医馆,2楼,/assets/floor-maps/2F.jpg,all-route-cards/route-0138.jpg,all-route-sheets/sheet-009.jpg,10,false,2,2,0,0,16.630587,16.630587,20.984,20.984,0,0,pending,,,,
R00311,G0147,sameFloor,伤口门诊|||内科门诊,2楼,/assets/floor-maps/2F.jpg,all-route-cards/route-0147.jpg,all-route-sheets/sheet-010.jpg,3,false,3,3,1,1,21.640538,21.640538,20.984,20.984,0,0,pending,,,,
R00312,G0148,sameFloor,伤口门诊|||外科门诊,2楼,/assets/floor-maps/2F.jpg,all-route-cards/route-0148.jpg,all-route-sheets/sheet-010.jpg,4,false,3,3,1,1,9.956823,9.956823,20.984,20.984,0,0,pending,,,,
R00313,G0149,sameFloor,伤口门诊|||多功能科,2楼,/assets/floor-maps/2F.jpg,all-route-cards/route-0149.jpg,all-route-sheets/sheet-010.jpg,5,true,19,12,2,2,74.288457,74.288457,20.197,20.197,0,0,pending,,,,
R00314,G0150,sameFloor,伤口门诊|||妇科门诊,2楼,/assets/floor-maps/2F.jpg,all-route-cards/route-0150.jpg,all-route-sheets/sheet-010.jpg,6,false,6,6,0,0,20.847733,20.847733,20.375,20.375,0,0,pending,,,,
R00315,G0151,sameFloor,伤口门诊|||急诊科办公区,2楼,/assets/floor-maps/2F.jpg,all-route-cards/route-0151.jpg,all-route-sheets/sheet-010.jpg,7,false,11,11,3,3,55.914389,55.914389,20.984,20.984,0,0,pending,,,,
R00316,G0152,sameFloor,伤口门诊|||检验科,2楼,/assets/floor-maps/2F.jpg,all-route-cards/route-0152.jpg,all-route-sheets/sheet-010.jpg,8,false,11,11,3,3,53.601284,53.601284,20.984,20.984,0,0,pending,,,,
R00317,G0153,sameFloor,伤口门诊|||计算机机房,2楼,/assets/floor-maps/2F.jpg,all-route-cards/route-0153.jpg,all-route-sheets/sheet-010.jpg,9,false,10,10,3,3,54.585604,54.585604,20.772,20.772,0,0,pending,,,,
R00318,G0154,sameFloor,伤口门诊|||超声医学科,2楼,/assets/floor-maps/2F.jpg,all-route-cards/route-0154.jpg,all-route-sheets/sheet-010.jpg,10,true,18,11,2,2,54.847877,54.847877,20.375,20.375,0,0,pending,,,,
R00319,G0139,sameFloor,内科门诊|||中医馆,2楼,/assets/floor-maps/2F.jpg,all-route-cards/route-0139.jpg,all-route-sheets/sheet-009.jpg,11,false,2,2,0,0,38.11258,38.11258,47.0,47.0,0,0,pending,,,,
R00320,G0147,sameFloor,内科门诊|||伤口门诊,2楼,/assets/floor-maps/2F.jpg,all-route-cards/route-0147.jpg,all-route-sheets/sheet-010.jpg,3,false,3,3,1,1,21.640538,21.640538,20.984,20.984,0,0,pending,,,,
R00321,G0155,sameFloor,内科门诊|||外科门诊,2楼,/assets/floor-maps/2F.jpg,all-route-cards/route-0155.jpg,all-route-sheets/sheet-010.jpg,11,false,2,2,0,0,11.707986,11.707986,47.0,47.0,0,0,pending,,,,
R00322,G0156,sameFloor,内科门诊|||多功能科,2楼,/assets/floor-maps/2F.jpg,all-route-cards/route-0156.jpg,all-route-sheets/sheet-010.jpg,12,false,8,8,1,1,66.008299,66.008299,20.772,20.772,0,0,pending,,,,
R00323,G0157,sameFloor,内科门诊|||妇科门诊,2楼,/assets/floor-maps/2F.jpg,all-route-cards/route-0157.jpg,all-route-sheets/sheet-010.jpg,13,false,10,10,0,0,37.485753,37.485753,20.375,20.375,0,2,pending,,,,
R00324,G0158,sameFloor,内科门诊|||急诊科办公区,2楼,/assets/floor-maps/2F.jpg,all-route-cards/route-0158.jpg,all-route-sheets/sheet-010.jpg,14,true,27,7,2,2,46.810552,46.810552,20.394,20.394,0,0,pending,,,,
R00325,G0159,sameFloor,内科门诊|||检验科,2楼,/assets/floor-maps/2F.jpg,all-route-cards/route-0159.jpg,all-route-sheets/sheet-010.jpg,15,true,27,7,2,2,44.496939,44.496939,20.394,20.394,0,0,pending,,,,
R00326,G0160,sameFloor,内科门诊|||计算机机房,2楼,/assets/floor-maps/2F.jpg,all-route-cards/route-0160.jpg,all-route-sheets/sheet-010.jpg,16,true,27,7,2,2,45.493323,45.493323,20.375,20.375,0,0,pending,,,,
R00327,G0161,sameFloor,内科门诊|||超声医学科,2楼,/assets/floor-maps/2F.jpg,all-route-cards/route-0161.jpg,all-route-sheets/sheet-011.jpg,1,true,19,9,2,2,47.250355,47.250355,20.375,20.375,0,0,pending,,,,
R00328,G0140,sameFloor,外科门诊|||中医馆,2楼,/assets/floor-maps/2F.jpg,all-route-cards/route-0140.jpg,all-route-sheets/sheet-009.jpg,12,false,2,2,0,0,26.405201,26.405201,47.197,47.197,0,0,pending,,,,
R00329,G0148,sameFloor,外科门诊|||伤口门诊,2楼,/assets/floor-maps/2F.jpg,all-route-cards/route-0148.jpg,all-route-sheets/sheet-010.jpg,4,false,3,3,1,1,9.956823,9.956823,20.984,20.984,0,0,pending,,,,
R00330,G0155,sameFloor,外科门诊|||内科门诊,2楼,/assets/floor-maps/2F.jpg,all-route-cards/route-0155.jpg,all-route-sheets/sheet-010.jpg,11,false,2,2,0,0,11.707986,11.707986,47.0,47.0,0,0,pending,,,,
R00331,G0162,sameFloor,外科门诊|||多功能科,2楼,/assets/floor-maps/2F.jpg,all-route-cards/route-0162.jpg,all-route-sheets/sheet-011.jpg,2,true,19,9,0,0,65.070663,65.070663,20.197,20.197,0,0,pending,,,,
R00332,G0163,sameFloor,外科门诊|||妇科门诊,2楼,/assets/floor-maps/2F.jpg,all-route-cards/route-0163.jpg,all-route-sheets/sheet-011.jpg,3,false,8,8,0,0,26.499648,26.499648,20.375,20.375,0,1,pending,,,,
R00333,G0164,sameFloor,外科门诊|||急诊科办公区,2楼,/assets/floor-maps/2F.jpg,all-route-cards/route-0164.jpg,all-route-sheets/sheet-011.jpg,4,false,6,6,0,0,46.65989,46.65989,22.969,22.969,0,0,pending,,,,
R00334,G0165,sameFloor,外科门诊|||检验科,2楼,/assets/floor-maps/2F.jpg,all-route-cards/route-0165.jpg,all-route-sheets/sheet-011.jpg,5,false,6,6,0,0,44.346784,44.346784,22.969,22.969,0,0,pending,,,,
R00335,G0166,sameFloor,外科门诊|||计算机机房,2楼,/assets/floor-maps/2F.jpg,all-route-cards/route-0166.jpg,all-route-sheets/sheet-011.jpg,6,false,5,5,0,0,45.330975,45.330975,20.772,20.772,0,0,pending,,,,
R00336,G0167,sameFloor,外科门诊|||超声医学科,2楼,/assets/floor-maps/2F.jpg,all-route-cards/route-0167.jpg,all-route-sheets/sheet-011.jpg,7,true,18,8,0,0,45.630083,45.630083,20.375,20.375,0,0,pending,,,,
R00337,G0141,sameFloor,多功能科|||中医馆,2楼,/assets/floor-maps/2F.jpg,all-route-cards/route-0141.jpg,all-route-sheets/sheet-009.jpg,13,true,24,13,2,2,84.765272,84.765272,20.575,20.575,0,2,pending,,,,
R00338,G0149,sameFloor,多功能科|||伤口门诊,2楼,/assets/floor-maps/2F.jpg,all-route-cards/route-0149.jpg,all-route-sheets/sheet-010.jpg,5,true,19,12,2,2,74.288457,74.288457,20.197,20.197,0,0,pending,,,,
R00339,G0156,sameFloor,多功能科|||内科门诊,2楼,/assets/floor-maps/2F.jpg,all-route-cards/route-0156.jpg,all-route-sheets/sheet-010.jpg,12,false,8,8,1,1,66.008299,66.008299,20.772,20.772,0,0,pending,,,,
R00340,G0162,sameFloor,多功能科|||外科门诊,2楼,/assets/floor-maps/2F.jpg,all-route-cards/route-0162.jpg,all-route-sheets/sheet-011.jpg,2,true,19,9,0,0,65.070663,65.070663,20.197,20.197,0,0,pending,,,,
R00341,G0168,sameFloor,多功能科|||妇科门诊,2楼,/assets/floor-maps/2F.jpg,all-route-cards/route-0168.jpg,all-route-sheets/sheet-011.jpg,8,false,7,7,2,2,65.960206,65.960206,20.375,20.375,0,0,pending,,,,
R00342,G0169,sameFloor,多功能科|||急诊科办公区,2楼,/assets/floor-maps/2F.jpg,all-route-cards/route-0169.jpg,all-route-sheets/sheet-011.jpg,9,false,8,8,0,0,28.382794,28.382794,21.575,21.575,0,1,pending,,,,
R00343,G0170,sameFloor,多功能科|||检验科,2楼,/assets/floor-maps/2F.jpg,all-route-cards/route-0170.jpg,all-route-sheets/sheet-011.jpg,10,false,7,7,0,0,26.59604,26.59604,20.375,20.375,0,1,pending,,,,
R00344,G0171,sameFloor,多功能科|||计算机机房,2楼,/assets/floor-maps/2F.jpg,all-route-cards/route-0171.jpg,all-route-sheets/sheet-011.jpg,11,false,7,7,0,0,27.083029,27.083029,21.575,21.575,0,1,pending,,,,
R00345,G0172,sameFloor,多功能科|||超声医学科,2楼,/assets/floor-maps/2F.jpg,all-route-cards/route-0172.jpg,all-route-sheets/sheet-011.jpg,12,true,29,8,1,1,29.802665,29.802665,20.197,20.197,0,0,pending,,,,
R00346,G0142,sameFloor,妇科门诊|||中医馆,2楼,/assets/floor-maps/2F.jpg,all-route-cards/route-0142.jpg,all-route-sheets/sheet-009.jpg,14,false,7,7,0,0,22.891378,22.891378,20.375,20.375,0,0,pending,,,,
R00347,G0150,sameFloor,妇科门诊|||伤口门诊,2楼,/assets/floor-maps/2F.jpg,all-route-cards/route-0150.jpg,all-route-sheets/sheet-010.jpg,6,false,6,6,0,0,20.847733,20.847733,20.375,20.375,0,0,pending,,,,
R00348,G0157,sameFloor,妇科门诊|||内科门诊,2楼,/assets/floor-maps/2F.jpg,all-route-cards/route-0157.jpg,all-route-sheets/sheet-010.jpg,13,false,10,10,0,0,37.485753,37.485753,20.375,20.375,0,2,pending,,,,
R00349,G0163,sameFloor,妇科门诊|||外科门诊,2楼,/assets/floor-maps/2F.jpg,all-route-cards/route-0163.jpg,all-route-sheets/sheet-011.jpg,3,false,8,8,0,0,26.499648,26.499648,20.375,20.375,0,1,pending,,,,
R00350,G0168,sameFloor,妇科门诊|||多功能科,2楼,/assets/floor-maps/2F.jpg,all-route-cards/route-0168.jpg,all-route-sheets/sheet-011.jpg,8,false,7,7,2,2,65.960206,65.960206,20.375,20.375,0,0,pending,,,,
R00351,G0173,sameFloor,妇科门诊|||急诊科办公区,2楼,/assets/floor-maps/2F.jpg,all-route-cards/route-0173.jpg,all-route-sheets/sheet-011.jpg,13,false,7,7,1,1,46.92102,46.92102,20.375,20.375,0,0,pending,,,,
R00352,G0174,sameFloor,妇科门诊|||检验科,2楼,/assets/floor-maps/2F.jpg,all-route-cards/route-0174.jpg,all-route-sheets/sheet-011.jpg,14,false,7,7,1,1,44.580525,44.580525,20.375,20.375,0,0,pending,,,,
R00353,G0175,sameFloor,妇科门诊|||计算机机房,2楼,/assets/floor-maps/2F.jpg,all-route-cards/route-0175.jpg,all-route-sheets/sheet-011.jpg,15,false,6,6,1,1,45.559852,45.559852,20.375,20.375,0,0,pending,,,,
R00354,G0176,sameFloor,妇科门诊|||超声医学科,2楼,/assets/floor-maps/2F.jpg,all-route-cards/route-0176.jpg,all-route-sheets/sheet-011.jpg,16,true,14,8,2,2,46.039977,46.039977,20.375,20.375,0,0,pending,,,,
R00355,G0143,sameFloor,急诊科办公区|||中医馆,2楼,/assets/floor-maps/2F.jpg,all-route-cards/route-0143.jpg,all-route-sheets/sheet-009.jpg,15,false,12,12,2,2,65.379483,65.379483,20.375,20.375,0,1,pending,,,,
R00356,G0151,sameFloor,急诊科办公区|||伤口门诊,2楼,/assets/floor-maps/2F.jpg,all-route-cards/route-0151.jpg,all-route-sheets/sheet-010.jpg,7,false,11,11,3,3,55.914389,55.914389,20.984,20.984,0,0,pending,,,,
R00357,G0158,sameFloor,急诊科办公区|||内科门诊,2楼,/assets/floor-maps/2F.jpg,all-route-cards/route-0158.jpg,all-route-sheets/sheet-010.jpg,14,true,27,7,2,2,46.810552,46.810552,20.394,20.394,0,0,pending,,,,
R00358,G0164,sameFloor,急诊科办公区|||外科门诊,2楼,/assets/floor-maps/2F.jpg,all-route-cards/route-0164.jpg,all-route-sheets/sheet-011.jpg,4,false,6,6,0,0,46.65989,46.65989,22.969,22.969,0,0,pending,,,,
R00359,G0169,sameFloor,急诊科办公区|||多功能科,2楼,/assets/floor-maps/2F.jpg,all-route-cards/route-0169.jpg,all-route-sheets/sheet-011.jpg,9,false,8,8,0,0,28.382794,28.382794,21.575,21.575,0,1,pending,,,,
R00360,G0173,sameFloor,急诊科办公区|||妇科门诊,2楼,/assets/floor-maps/2F.jpg,all-route-cards/route-0173.jpg,all-route-sheets/sheet-011.jpg,13,false,7,7,1,1,46.92102,46.92102,20.375,20.375,0,0,pending,,,,
R00361,G0177,sameFloor,急诊科办公区|||检验科,2楼,/assets/floor-maps/2F.jpg,all-route-cards/route-0177.jpg,all-route-sheets/sheet-012.jpg,1,false,2,2,0,0,2.318238,2.318238,97.0,97.0,0,0,pending,,,,
R00362,G0178,sameFloor,急诊科办公区|||计算机机房,2楼,/assets/floor-maps/2F.jpg,all-route-cards/route-0178.jpg,all-route-sheets/sheet-012.jpg,2,false,2,2,0,0,1.396189,1.396189,125.0,125.0,0,0,pending,,,,
R00363,G0179,sameFloor,急诊科办公区|||超声医学科,2楼,/assets/floor-maps/2F.jpg,all-route-cards/route-0179.jpg,all-route-sheets/sheet-012.jpg,3,false,2,2,0,0,18.922545,18.922545,44.0,44.0,0,0,pending,,,,
R00364,G0144,sameFloor,检验科|||中医馆,2楼,/assets/floor-maps/2F.jpg,all-route-cards/route-0144.jpg,all-route-sheets/sheet-009.jpg,16,false,14,14,1,1,63.097619,63.097619,20.375,20.375,0,1,pending,,,,
R00365,G0152,sameFloor,检验科|||伤口门诊,2楼,/assets/floor-maps/2F.jpg,all-route-cards/route-0152.jpg,all-route-sheets/sheet-010.jpg,8,false,11,11,3,3,53.601284,53.601284,20.984,20.984,0,0,pending,,,,
R00366,G0159,sameFloor,检验科|||内科门诊,2楼,/assets/floor-maps/2F.jpg,all-route-cards/route-0159.jpg,all-route-sheets/sheet-010.jpg,15,true,27,7,2,2,44.496939,44.496939,20.394,20.394,0,0,pending,,,,
R00367,G0165,sameFloor,检验科|||外科门诊,2楼,/assets/floor-maps/2F.jpg,all-route-cards/route-0165.jpg,all-route-sheets/sheet-011.jpg,5,false,6,6,0,0,44.346784,44.346784,22.969,22.969,0,0,pending,,,,
R00368,G0170,sameFloor,检验科|||多功能科,2楼,/assets/floor-maps/2F.jpg,all-route-cards/route-0170.jpg,all-route-sheets/sheet-011.jpg,10,false,7,7,0,0,26.59604,26.59604,20.375,20.375,0,1,pending,,,,
R00369,G0174,sameFloor,检验科|||妇科门诊,2楼,/assets/floor-maps/2F.jpg,all-route-cards/route-0174.jpg,all-route-sheets/sheet-011.jpg,14,false,7,7,1,1,44.580525,44.580525,20.375,20.375,0,0,pending,,,,
R00370,G0177,sameFloor,检验科|||急诊科办公区,2楼,/assets/floor-maps/2F.jpg,all-route-cards/route-0177.jpg,all-route-sheets/sheet-012.jpg,1,false,2,2,0,0,2.318238,2.318238,97.0,97.0,0,0,pending,,,,
R00371,G0180,sameFloor,检验科|||计算机机房,2楼,/assets/floor-maps/2F.jpg,all-route-cards/route-0180.jpg,all-route-sheets/sheet-012.jpg,4,false,2,2,0,0,1.013036,1.013036,97.0,97.0,0,0,pending,,,,
R00372,G0181,sameFloor,检验科|||超声医学科,2楼,/assets/floor-maps/2F.jpg,all-route-cards/route-0181.jpg,all-route-sheets/sheet-012.jpg,5,false,2,2,0,0,16.650967,16.650967,53.0,53.0,0,0,pending,,,,
R00373,G0145,sameFloor,计算机机房|||中医馆,2楼,/assets/floor-maps/2F.jpg,all-route-cards/route-0145.jpg,all-route-sheets/sheet-010.jpg,1,false,13,13,1,1,64.076946,64.076946,20.375,20.375,0,1,pending,,,,
R00374,G0153,sameFloor,计算机机房|||伤口门诊,2楼,/assets/floor-maps/2F.jpg,all-route-cards/route-0153.jpg,all-route-sheets/sheet-010.jpg,9,false,10,10,3,3,54.585604,54.585604,20.772,20.772,0,0,pending,,,,
R00375,G0160,sameFloor,计算机机房|||内科门诊,2楼,/assets/floor-maps/2F.jpg,all-route-cards/route-0160.jpg,all-route-sheets/sheet-010.jpg,16,true,27,7,2,2,45.493323,45.493323,20.375,20.375,0,0,pending,,,,
R00376,G0166,sameFloor,计算机机房|||外科门诊,2楼,/assets/floor-maps/2F.jpg,all-route-cards/route-0166.jpg,all-route-sheets/sheet-011.jpg,6,false,5,5,0,0,45.330975,45.330975,20.772,20.772,0,0,pending,,,,
R00377,G0171,sameFloor,计算机机房|||多功能科,2楼,/assets/floor-maps/2F.jpg,all-route-cards/route-0171.jpg,all-route-sheets/sheet-011.jpg,11,false,7,7,0,0,27.083029,27.083029,21.575,21.575,0,1,pending,,,,
R00378,G0175,sameFloor,计算机机房|||妇科门诊,2楼,/assets/floor-maps/2F.jpg,all-route-cards/route-0175.jpg,all-route-sheets/sheet-011.jpg,15,false,6,6,1,1,45.559852,45.559852,20.375,20.375,0,0,pending,,,,
R00379,G0178,sameFloor,计算机机房|||急诊科办公区,2楼,/assets/floor-maps/2F.jpg,all-route-cards/route-0178.jpg,all-route-sheets/sheet-012.jpg,2,false,2,2,0,0,1.396189,1.396189,125.0,125.0,0,0,pending,,,,
R00380,G0180,sameFloor,计算机机房|||检验科,2楼,/assets/floor-maps/2F.jpg,all-route-cards/route-0180.jpg,all-route-sheets/sheet-012.jpg,4,false,2,2,0,0,1.013036,1.013036,97.0,97.0,0,0,pending,,,,
R00381,G0182,sameFloor,计算机机房|||超声医学科,2楼,/assets/floor-maps/2F.jpg,all-route-cards/route-0182.jpg,all-route-sheets/sheet-012.jpg,6,false,2,2,0,0,17.52791,17.52791,42.0,42.0,0,0,pending,,,,
R00382,G0146,sameFloor,超声医学科|||中医馆,2楼,/assets/floor-maps/2F.jpg,all-route-cards/route-0146.jpg,all-route-sheets/sheet-010.jpg,2,true,23,12,3,3,64.785258,64.785258,20.575,20.575,0,2,pending,,,,
R00383,G0154,sameFloor,超声医学科|||伤口门诊,2楼,/assets/floor-maps/2F.jpg,all-route-cards/route-0154.jpg,all-route-sheets/sheet-010.jpg,10,true,18,11,2,2,54.847877,54.847877,20.375,20.375,0,0,pending,,,,
R00384,G0161,sameFloor,超声医学科|||内科门诊,2楼,/assets/floor-maps/2F.jpg,all-route-cards/route-0161.jpg,all-route-sheets/sheet-011.jpg,1,true,19,9,2,2,47.250355,47.250355,20.375,20.375,0,0,pending,,,,
R00385,G0167,sameFloor,超声医学科|||外科门诊,2楼,/assets/floor-maps/2F.jpg,all-route-cards/route-0167.jpg,all-route-sheets/sheet-011.jpg,7,true,18,8,0,0,45.630083,45.630083,20.375,20.375,0,0,pending,,,,
R00386,G0172,sameFloor,超声医学科|||多功能科,2楼,/assets/floor-maps/2F.jpg,all-route-cards/route-0172.jpg,all-route-sheets/sheet-011.jpg,12,true,29,8,1,1,29.802665,29.802665,20.197,20.197,0,0,pending,,,,
R00387,G0176,sameFloor,超声医学科|||妇科门诊,2楼,/assets/floor-maps/2F.jpg,all-route-cards/route-0176.jpg,all-route-sheets/sheet-011.jpg,16,true,14,8,2,2,46.039977,46.039977,20.375,20.375,0,0,pending,,,,
R00388,G0179,sameFloor,超声医学科|||急诊科办公区,2楼,/assets/floor-maps/2F.jpg,all-route-cards/route-0179.jpg,all-route-sheets/sheet-012.jpg,3,false,2,2,0,0,18.922545,18.922545,44.0,44.0,0,0,pending,,,,
R00389,G0181,sameFloor,超声医学科|||检验科,2楼,/assets/floor-maps/2F.jpg,all-route-cards/route-0181.jpg,all-route-sheets/sheet-012.jpg,5,false,2,2,0,0,16.650967,16.650967,53.0,53.0,0,0,pending,,,,
R00390,G0182,sameFloor,超声医学科|||计算机机房,2楼,/assets/floor-maps/2F.jpg,all-route-cards/route-0182.jpg,all-route-sheets/sheet-012.jpg,6,false,2,2,0,0,17.52791,17.52791,42.0,42.0,0,0,pending,,,,
R00391,G0183,floorNav,产科门诊|||S1|||fromElevator,3楼,/assets/floor-maps/3F.jpg,all-route-cards/route-0183.jpg,all-route-sheets/sheet-012.jpg,7,false,4,4,1,1,48.589318,48.589318,20.378,20.378,0,0,pending,,,,
R00392,G0183,floorNav,产科门诊|||S1|||toElevator,3楼,/assets/floor-maps/3F.jpg,all-route-cards/route-0183.jpg,all-route-sheets/sheet-012.jpg,7,false,4,4,1,1,48.589318,48.589318,20.378,20.378,0,0,pending,,,,
R00393,G0184,floorNav,产科门诊|||S2|||fromElevator,3楼,/assets/floor-maps/3F.jpg,all-route-cards/route-0184.jpg,all-route-sheets/sheet-012.jpg,8,false,6,6,1,1,34.714262,34.714262,20.378,20.378,0,0,pending,,,,
R00394,G0184,floorNav,产科门诊|||S2|||toElevator,3楼,/assets/floor-maps/3F.jpg,all-route-cards/route-0184.jpg,all-route-sheets/sheet-012.jpg,8,false,6,6,1,1,34.714262,34.714262,20.378,20.378,0,0,pending,,,,
R00395,G0185,floorNav,产科门诊|||S3|||fromElevator,3楼,/assets/floor-maps/3F.jpg,all-route-cards/route-0185.jpg,all-route-sheets/sheet-012.jpg,9,true,28,8,2,2,33.914609,33.914609,20.378,20.378,0,0,pending,,,,
R00396,G0185,floorNav,产科门诊|||S3|||toElevator,3楼,/assets/floor-maps/3F.jpg,all-route-cards/route-0185.jpg,all-route-sheets/sheet-012.jpg,9,true,28,8,2,2,33.914609,33.914609,20.378,20.378,0,0,pending,,,,
R00397,G0186,floorNav,产科门诊|||S4|||fromElevator,3楼,/assets/floor-maps/3F.jpg,all-route-cards/route-0186.jpg,all-route-sheets/sheet-012.jpg,10,false,4,4,0,0,14.996066,14.996066,20.378,20.378,0,0,pending,,,,
R00398,G0186,floorNav,产科门诊|||S4|||toElevator,3楼,/assets/floor-maps/3F.jpg,all-route-cards/route-0186.jpg,all-route-sheets/sheet-012.jpg,10,false,4,4,0,0,14.996066,14.996066,20.378,20.378,0,0,pending,,,,
R00399,G0187,floorNav,产科门诊|||S5|||fromElevator,3楼,/assets/floor-maps/3F.jpg,all-route-cards/route-0187.jpg,all-route-sheets/sheet-012.jpg,11,false,6,6,0,0,14.075493,14.075493,20.378,20.378,0,0,pending,,,,
R00400,G0187,floorNav,产科门诊|||S5|||toElevator,3楼,/assets/floor-maps/3F.jpg,all-route-cards/route-0187.jpg,all-route-sheets/sheet-012.jpg,11,false,6,6,0,0,14.075493,14.075493,20.378,20.378,0,0,pending,,,,
R00401,G0188,floorNav,产科门诊|||S6|||fromElevator,3楼,/assets/floor-maps/3F.jpg,all-route-cards/route-0188.jpg,all-route-sheets/sheet-012.jpg,12,true,27,10,2,2,23.438442,23.438442,20.378,20.378,0,0,pending,,,,
R00402,G0188,floorNav,产科门诊|||S6|||toElevator,3楼,/assets/floor-maps/3F.jpg,all-route-cards/route-0188.jpg,all-route-sheets/sheet-012.jpg,12,true,27,10,2,2,23.438442,23.438442,20.378,20.378,0,0,pending,,,,
R00403,G0189,floorNav,产科门诊|||S7|||fromElevator,3楼,/assets/floor-maps/3F.jpg,all-route-cards/route-0189.jpg,all-route-sheets/sheet-012.jpg,13,true,26,14,1,1,47.673451,47.673451,20.378,20.378,0,0,pending,,,,
R00404,G0189,floorNav,产科门诊|||S7|||toElevator,3楼,/assets/floor-maps/3F.jpg,all-route-cards/route-0189.jpg,all-route-sheets/sheet-012.jpg,13,true,26,14,1,1,47.673451,47.673451,20.378,20.378,0,0,pending,,,,
R00405,G0190,floorNav,内镜诊疗中心|||S1|||fromElevator,3楼,/assets/floor-maps/3F.jpg,all-route-cards/route-0190.jpg,all-route-sheets/sheet-012.jpg,14,false,5,5,1,1,19.331097,19.331097,20.772,20.772,0,0,pending,,,,
R00406,G0190,floorNav,内镜诊疗中心|||S1|||toElevator,3楼,/assets/floor-maps/3F.jpg,all-route-cards/route-0190.jpg,all-route-sheets/sheet-012.jpg,14,false,5,5,1,1,19.331097,19.331097,20.772,20.772,0,0,pending,,,,
R00407,G0191,floorNav,内镜诊疗中心|||S2|||fromElevator,3楼,/assets/floor-maps/3F.jpg,all-route-cards/route-0191.jpg,all-route-sheets/sheet-012.jpg,15,false,2,2,0,0,1.18376,1.18376,21.0,21.0,0,0,pending,,,,
R00408,G0191,floorNav,内镜诊疗中心|||S2|||toElevator,3楼,/assets/floor-maps/3F.jpg,all-route-cards/route-0191.jpg,all-route-sheets/sheet-012.jpg,15,false,2,2,0,0,1.18376,1.18376,21.0,21.0,0,0,pending,,,,
R00409,G0192,floorNav,内镜诊疗中心|||S3|||fromElevator,3楼,/assets/floor-maps/3F.jpg,all-route-cards/route-0192.jpg,all-route-sheets/sheet-012.jpg,16,false,2,2,0,0,1.448108,1.448108,21.0,21.0,0,0,pending,,,,
R00410,G0192,floorNav,内镜诊疗中心|||S3|||toElevator,3楼,/assets/floor-maps/3F.jpg,all-route-cards/route-0192.jpg,all-route-sheets/sheet-012.jpg,16,false,2,2,0,0,1.448108,1.448108,21.0,21.0,0,0,pending,,,,
R00411,G0193,floorNav,内镜诊疗中心|||S4|||fromElevator,3楼,/assets/floor-maps/3F.jpg,all-route-cards/route-0193.jpg,all-route-sheets/sheet-013.jpg,1,false,11,11,2,2,24.306657,24.306657,20.197,20.197,0,0,pending,,,,
R00412,G0193,floorNav,内镜诊疗中心|||S4|||toElevator,3楼,/assets/floor-maps/3F.jpg,all-route-cards/route-0193.jpg,all-route-sheets/sheet-013.jpg,1,false,11,11,2,2,24.306657,24.306657,20.197,20.197,0,0,pending,,,,
R00413,G0194,floorNav,内镜诊疗中心|||S5|||fromElevator,3楼,/assets/floor-maps/3F.jpg,all-route-cards/route-0194.jpg,all-route-sheets/sheet-013.jpg,2,false,10,10,2,2,25.25081,25.25081,20.575,20.575,0,0,pending,,,,
R00414,G0194,floorNav,内镜诊疗中心|||S5|||toElevator,3楼,/assets/floor-maps/3F.jpg,all-route-cards/route-0194.jpg,all-route-sheets/sheet-013.jpg,2,false,10,10,2,2,25.25081,25.25081,20.575,20.575,0,0,pending,,,,
R00415,G0195,floorNav,内镜诊疗中心|||S6|||fromElevator,3楼,/assets/floor-maps/3F.jpg,all-route-cards/route-0195.jpg,all-route-sheets/sheet-013.jpg,3,true,22,18,2,2,54.123314,54.123314,20.375,20.375,0,1,pending,,,,
R00416,G0195,floorNav,内镜诊疗中心|||S6|||toElevator,3楼,/assets/floor-maps/3F.jpg,all-route-cards/route-0195.jpg,all-route-sheets/sheet-013.jpg,3,true,22,18,2,2,54.123314,54.123314,20.375,20.375,0,1,pending,,,,
R00417,G0196,floorNav,内镜诊疗中心|||S7|||fromElevator,3楼,/assets/floor-maps/3F.jpg,all-route-cards/route-0196.jpg,all-route-sheets/sheet-013.jpg,4,true,28,21,2,2,78.3826,78.3826,20.375,20.375,0,1,pending,,,,
R00418,G0196,floorNav,内镜诊疗中心|||S7|||toElevator,3楼,/assets/floor-maps/3F.jpg,all-route-cards/route-0196.jpg,all-route-sheets/sheet-013.jpg,4,true,28,21,2,2,78.3826,78.3826,20.375,20.375,0,1,pending,,,,
R00419,G0197,floorNav,口腔科门诊|||S1|||fromElevator,3楼,/assets/floor-maps/3F.jpg,all-route-cards/route-0197.jpg,all-route-sheets/sheet-013.jpg,5,false,5,5,1,1,26.103316,26.103316,20.375,20.375,0,0,pending,,,,
R00420,G0197,floorNav,口腔科门诊|||S1|||toElevator,3楼,/assets/floor-maps/3F.jpg,all-route-cards/route-0197.jpg,all-route-sheets/sheet-013.jpg,5,false,5,5,1,1,26.103316,26.103316,20.375,20.375,0,0,pending,,,,
R00421,G0198,floorNav,口腔科门诊|||S2|||fromElevator,3楼,/assets/floor-maps/3F.jpg,all-route-cards/route-0198.jpg,all-route-sheets/sheet-013.jpg,6,false,3,3,0,0,13.759788,13.759788,20.375,20.375,0,0,pending,,,,
R00422,G0198,floorNav,口腔科门诊|||S2|||toElevator,3楼,/assets/floor-maps/3F.jpg,all-route-cards/route-0198.jpg,all-route-sheets/sheet-013.jpg,6,false,3,3,0,0,13.759788,13.759788,20.375,20.375,0,0,pending,,,,
R00423,G0199,floorNav,口腔科门诊|||S3|||fromElevator,3楼,/assets/floor-maps/3F.jpg,all-route-cards/route-0199.jpg,all-route-sheets/sheet-013.jpg,7,true,26,6,0,0,13.040701,13.040701,20.575,20.575,0,1,pending,,,,
R00424,G0199,floorNav,口腔科门诊|||S3|||toElevator,3楼,/assets/floor-maps/3F.jpg,all-route-cards/route-0199.jpg,all-route-sheets/sheet-013.jpg,7,true,26,6,0,0,13.040701,13.040701,20.575,20.575,0,1,pending,,,,
R00425,G0200,floorNav,口腔科门诊|||S4|||fromElevator,3楼,/assets/floor-maps/3F.jpg,all-route-cards/route-0200.jpg,all-route-sheets/sheet-013.jpg,8,true,26,11,3,3,24.844193,24.844193,20.197,20.197,0,0,pending,,,,
R00426,G0200,floorNav,口腔科门诊|||S4|||toElevator,3楼,/assets/floor-maps/3F.jpg,all-route-cards/route-0200.jpg,all-route-sheets/sheet-013.jpg,8,true,26,11,3,3,24.844193,24.844193,20.197,20.197,0,0,pending,,,,
R00427,G0201,floorNav,口腔科门诊|||S5|||fromElevator,3楼,/assets/floor-maps/3F.jpg,all-route-cards/route-0201.jpg,all-route-sheets/sheet-013.jpg,9,true,26,10,3,3,25.782422,25.782422,20.375,20.375,0,0,pending,,,,
R00428,G0201,floorNav,口腔科门诊|||S5|||toElevator,3楼,/assets/floor-maps/3F.jpg,all-route-cards/route-0201.jpg,all-route-sheets/sheet-013.jpg,9,true,26,10,3,3,25.782422,25.782422,20.375,20.375,0,0,pending,,,,
R00429,G0202,floorNav,口腔科门诊|||S6|||fromElevator,3楼,/assets/floor-maps/3F.jpg,all-route-cards/route-0202.jpg,all-route-sheets/sheet-013.jpg,10,true,26,19,4,4,54.637935,54.637935,20.375,20.375,0,1,pending,,,,
R00430,G0202,floorNav,口腔科门诊|||S6|||toElevator,3楼,/assets/floor-maps/3F.jpg,all-route-cards/route-0202.jpg,all-route-sheets/sheet-013.jpg,10,true,26,19,4,4,54.637935,54.637935,20.375,20.375,0,1,pending,,,,
R00431,G0203,floorNav,口腔科门诊|||S7|||fromElevator,3楼,/assets/floor-maps/3F.jpg,all-route-cards/route-0203.jpg,all-route-sheets/sheet-013.jpg,11,true,31,22,4,4,78.899594,78.899594,20.375,20.375,0,1,pending,,,,
R00432,G0203,floorNav,口腔科门诊|||S7|||toElevator,3楼,/assets/floor-maps/3F.jpg,all-route-cards/route-0203.jpg,all-route-sheets/sheet-013.jpg,11,true,31,22,4,4,78.899594,78.899594,20.375,20.375,0,1,pending,,,,
R00433,G0204,floorNav,泌尿科门诊|||S1|||fromElevator,3楼,/assets/floor-maps/3F.jpg,all-route-cards/route-0204.jpg,all-route-sheets/sheet-013.jpg,12,true,9,8,0,0,54.675324,54.675324,20.591,20.591,0,0,pending,,,,
R00434,G0204,floorNav,泌尿科门诊|||S1|||toElevator,3楼,/assets/floor-maps/3F.jpg,all-route-cards/route-0204.jpg,all-route-sheets/sheet-013.jpg,12,true,9,8,0,0,54.675324,54.675324,20.591,20.591,0,0,pending,,,,
R00435,G0205,floorNav,泌尿科门诊|||S2|||fromElevator,3楼,/assets/floor-maps/3F.jpg,all-route-cards/route-0205.jpg,all-route-sheets/sheet-013.jpg,13,true,14,11,0,0,40.774252,40.774252,20.197,20.197,0,1,pending,,,,
R00436,G0205,floorNav,泌尿科门诊|||S2|||toElevator,3楼,/assets/floor-maps/3F.jpg,all-route-cards/route-0205.jpg,all-route-sheets/sheet-013.jpg,13,true,14,11,0,0,40.774252,40.774252,20.197,20.197,0,1,pending,,,,
R00437,G0206,floorNav,泌尿科门诊|||S3|||fromElevator,3楼,/assets/floor-maps/3F.jpg,all-route-cards/route-0206.jpg,all-route-sheets/sheet-013.jpg,14,true,28,13,1,1,39.994147,39.994147,20.197,20.197,0,1,pending,,,,
R00438,G0206,floorNav,泌尿科门诊|||S3|||toElevator,3楼,/assets/floor-maps/3F.jpg,all-route-cards/route-0206.jpg,all-route-sheets/sheet-013.jpg,14,true,28,13,1,1,39.994147,39.994147,20.197,20.197,0,1,pending,,,,
R00439,G0207,floorNav,泌尿科门诊|||S4|||fromElevator,3楼,/assets/floor-maps/3F.jpg,all-route-cards/route-0207.jpg,all-route-sheets/sheet-013.jpg,15,false,8,8,0,0,22.472556,22.472556,20.575,20.575,0,0,pending,,,,
R00440,G0207,floorNav,泌尿科门诊|||S4|||toElevator,3楼,/assets/floor-maps/3F.jpg,all-route-cards/route-0207.jpg,all-route-sheets/sheet-013.jpg,15,false,8,8,0,0,22.472556,22.472556,20.575,20.575,0,0,pending,,,,
R00441,G0208,floorNav,泌尿科门诊|||S5|||fromElevator,3楼,/assets/floor-maps/3F.jpg,all-route-cards/route-0208.jpg,all-route-sheets/sheet-013.jpg,16,true,10,8,1,1,21.621783,21.621783,20.575,20.575,0,0,pending,,,,
R00442,G0208,floorNav,泌尿科门诊|||S5|||toElevator,3楼,/assets/floor-maps/3F.jpg,all-route-cards/route-0208.jpg,all-route-sheets/sheet-013.jpg,16,true,10,8,1,1,21.621783,21.621783,20.575,20.575,0,0,pending,,,,
R00443,G0209,floorNav,泌尿科门诊|||S6|||fromElevator,3楼,/assets/floor-maps/3F.jpg,all-route-cards/route-0209.jpg,all-route-sheets/sheet-014.jpg,1,false,4,4,1,1,18.376503,18.376503,20.575,20.575,0,0,pending,,,,
R00444,G0209,floorNav,泌尿科门诊|||S6|||toElevator,3楼,/assets/floor-maps/3F.jpg,all-route-cards/route-0209.jpg,all-route-sheets/sheet-014.jpg,1,false,4,4,1,1,18.376503,18.376503,20.575,20.575,0,0,pending,,,,
R00445,G0210,floorNav,泌尿科门诊|||S7|||fromElevator,3楼,/assets/floor-maps/3F.jpg,all-route-cards/route-0210.jpg,all-route-sheets/sheet-014.jpg,2,true,22,12,1,1,42.161835,42.161835,20.978,20.978,0,1,pending,,,,
R00446,G0210,floorNav,泌尿科门诊|||S7|||toElevator,3楼,/assets/floor-maps/3F.jpg,all-route-cards/route-0210.jpg,all-route-sheets/sheet-014.jpg,2,true,22,12,1,1,42.161835,42.161835,20.978,20.978,0,1,pending,,,,
R00447,G0211,floorNav,皮肤科门诊|||S1|||fromElevator,3楼,/assets/floor-maps/3F.jpg,all-route-cards/route-0211.jpg,all-route-sheets/sheet-014.jpg,3,true,18,13,1,1,61.728189,61.728189,20.375,20.375,0,2,pending,,,,
R00448,G0211,floorNav,皮肤科门诊|||S1|||toElevator,3楼,/assets/floor-maps/3F.jpg,all-route-cards/route-0211.jpg,all-route-sheets/sheet-014.jpg,3,true,18,13,1,1,61.728189,61.728189,20.375,20.375,0,2,pending,,,,
R00449,G0212,floorNav,皮肤科门诊|||S2|||fromElevator,3楼,/assets/floor-maps/3F.jpg,all-route-cards/route-0212.jpg,all-route-sheets/sheet-014.jpg,4,true,23,17,1,1,47.880565,47.880565,20.375,20.375,0,2,pending,,,,
R00450,G0212,floorNav,皮肤科门诊|||S2|||toElevator,3楼,/assets/floor-maps/3F.jpg,all-route-cards/route-0212.jpg,all-route-sheets/sheet-014.jpg,4,true,23,17,1,1,47.880565,47.880565,20.375,20.375,0,2,pending,,,,
R00451,G0213,floorNav,皮肤科门诊|||S3|||fromElevator,3楼,/assets/floor-maps/3F.jpg,all-route-cards/route-0213.jpg,all-route-sheets/sheet-014.jpg,5,true,25,16,3,3,47.038715,47.038715,20.375,20.375,0,1,pending,,,,
R00452,G0213,floorNav,皮肤科门诊|||S3|||toElevator,3楼,/assets/floor-maps/3F.jpg,all-route-cards/route-0213.jpg,all-route-sheets/sheet-014.jpg,5,true,25,16,3,3,47.038715,47.038715,20.375,20.375,0,1,pending,,,,
R00453,G0214,floorNav,皮肤科门诊|||S4|||fromElevator,3楼,/assets/floor-maps/3F.jpg,all-route-cards/route-0214.jpg,all-route-sheets/sheet-014.jpg,6,false,8,8,0,0,28.049948,28.049948,20.375,20.375,0,1,pending,,,,
R00454,G0214,floorNav,皮肤科门诊|||S4|||toElevator,3楼,/assets/floor-maps/3F.jpg,all-route-cards/route-0214.jpg,all-route-sheets/sheet-014.jpg,6,false,8,8,0,0,28.049948,28.049948,20.375,20.375,0,1,pending,,,,
R00455,G0215,floorNav,皮肤科门诊|||S5|||fromElevator,3楼,/assets/floor-maps/3F.jpg,all-route-cards/route-0215.jpg,all-route-sheets/sheet-014.jpg,7,false,9,9,1,1,27.108782,27.108782,20.375,20.375,0,1,pending,,,,
R00456,G0215,floorNav,皮肤科门诊|||S5|||toElevator,3楼,/assets/floor-maps/3F.jpg,all-route-cards/route-0215.jpg,all-route-sheets/sheet-014.jpg,7,false,9,9,1,1,27.108782,27.108782,20.375,20.375,0,1,pending,,,,
R00457,G0216,floorNav,皮肤科门诊|||S6|||fromElevator,3楼,/assets/floor-maps/3F.jpg,all-route-cards/route-0216.jpg,all-route-sheets/sheet-014.jpg,8,false,7,7,3,3,16.158747,16.158747,20.575,20.575,0,0,pending,,,,
R00458,G0216,floorNav,皮肤科门诊|||S6|||toElevator,3楼,/assets/floor-maps/3F.jpg,all-route-cards/route-0216.jpg,all-route-sheets/sheet-014.jpg,8,false,7,7,3,3,16.158747,16.158747,20.575,20.575,0,0,pending,,,,
R00459,G0217,floorNav,皮肤科门诊|||S7|||fromElevator,3楼,/assets/floor-maps/3F.jpg,all-route-cards/route-0217.jpg,all-route-sheets/sheet-014.jpg,9,false,7,7,1,1,32.31173,32.31173,20.978,20.978,0,0,pending,,,,
R00460,G0217,floorNav,皮肤科门诊|||S7|||toElevator,3楼,/assets/floor-maps/3F.jpg,all-route-cards/route-0217.jpg,all-route-sheets/sheet-014.jpg,9,false,7,7,1,1,32.31173,32.31173,20.978,20.978,0,0,pending,,,,
R00461,G0218,floorNav,眼科门诊|||S1|||fromElevator,3楼,/assets/floor-maps/3F.jpg,all-route-cards/route-0218.jpg,all-route-sheets/sheet-014.jpg,10,false,2,2,0,0,2.982333,2.982333,21.0,21.0,0,0,pending,,,,
R00462,G0218,floorNav,眼科门诊|||S1|||toElevator,3楼,/assets/floor-maps/3F.jpg,all-route-cards/route-0218.jpg,all-route-sheets/sheet-014.jpg,10,false,2,2,0,0,2.982333,2.982333,21.0,21.0,0,0,pending,,,,
R00463,G0219,floorNav,眼科门诊|||S2|||fromElevator,3楼,/assets/floor-maps/3F.jpg,all-route-cards/route-0219.jpg,all-route-sheets/sheet-014.jpg,11,true,17,5,1,1,18.422674,18.422674,20.984,20.984,0,0,pending,,,,
R00464,G0219,floorNav,眼科门诊|||S2|||toElevator,3楼,/assets/floor-maps/3F.jpg,all-route-cards/route-0219.jpg,all-route-sheets/sheet-014.jpg,11,true,17,5,1,1,18.422674,18.422674,20.984,20.984,0,0,pending,,,,
R00465,G0220,floorNav,眼科门诊|||S3|||fromElevator,3楼,/assets/floor-maps/3F.jpg,all-route-cards/route-0220.jpg,all-route-sheets/sheet-014.jpg,12,false,4,4,0,0,19.270988,19.270988,20.984,20.984,0,0,pending,,,,
R00466,G0220,floorNav,眼科门诊|||S3|||toElevator,3楼,/assets/floor-maps/3F.jpg,all-route-cards/route-0220.jpg,all-route-sheets/sheet-014.jpg,12,false,4,4,0,0,19.270988,19.270988,20.984,20.984,0,0,pending,,,,
R00467,G0221,floorNav,眼科门诊|||S4|||fromElevator,3楼,/assets/floor-maps/3F.jpg,all-route-cards/route-0221.jpg,all-route-sheets/sheet-014.jpg,13,true,30,9,2,2,37.657511,37.657511,20.197,20.197,0,0,pending,,,,
R00468,G0221,floorNav,眼科门诊|||S4|||toElevator,3楼,/assets/floor-maps/3F.jpg,all-route-cards/route-0221.jpg,all-route-sheets/sheet-014.jpg,13,true,30,9,2,2,37.657511,37.657511,20.197,20.197,0,0,pending,,,,
R00469,G0222,floorNav,眼科门诊|||S5|||fromElevator,3楼,/assets/floor-maps/3F.jpg,all-route-cards/route-0222.jpg,all-route-sheets/sheet-014.jpg,14,true,29,8,2,2,38.601664,38.601664,20.394,20.394,0,0,pending,,,,
R00470,G0222,floorNav,眼科门诊|||S5|||toElevator,3楼,/assets/floor-maps/3F.jpg,all-route-cards/route-0222.jpg,all-route-sheets/sheet-014.jpg,14,true,29,8,2,2,38.601664,38.601664,20.394,20.394,0,0,pending,,,,
R00471,G0223,floorNav,眼科门诊|||S6|||fromElevator,3楼,/assets/floor-maps/3F.jpg,all-route-cards/route-0223.jpg,all-route-sheets/sheet-014.jpg,15,true,31,18,2,2,67.445192,67.445192,20.375,20.375,0,2,pending,,,,
R00472,G0223,floorNav,眼科门诊|||S6|||toElevator,3楼,/assets/floor-maps/3F.jpg,all-route-cards/route-0223.jpg,all-route-sheets/sheet-014.jpg,15,true,31,18,2,2,67.445192,67.445192,20.375,20.375,0,2,pending,,,,
R00473,G0224,floorNav,眼科门诊|||S7|||fromElevator,3楼,/assets/floor-maps/3F.jpg,all-route-cards/route-0224.jpg,all-route-sheets/sheet-014.jpg,16,true,36,21,2,2,91.704478,91.704478,20.375,20.375,0,2,pending,,,,
R00474,G0224,floorNav,眼科门诊|||S7|||toElevator,3楼,/assets/floor-maps/3F.jpg,all-route-cards/route-0224.jpg,all-route-sheets/sheet-014.jpg,16,true,36,21,2,2,91.704478,91.704478,20.375,20.375,0,2,pending,,,,
R00475,G0225,floorNav,碎石室|||S1|||fromElevator,3楼,/assets/floor-maps/3F.jpg,all-route-cards/route-0225.jpg,all-route-sheets/sheet-015.jpg,1,true,9,8,2,2,52.667066,52.667066,20.375,20.375,0,0,pending,,,,
R00476,G0225,floorNav,碎石室|||S1|||toElevator,3楼,/assets/floor-maps/3F.jpg,all-route-cards/route-0225.jpg,all-route-sheets/sheet-015.jpg,1,true,9,8,2,2,52.667066,52.667066,20.375,20.375,0,0,pending,,,,
R00477,G0226,floorNav,碎石室|||S2|||fromElevator,3楼,/assets/floor-maps/3F.jpg,all-route-cards/route-0226.jpg,all-route-sheets/sheet-015.jpg,2,true,14,11,2,2,38.765995,38.765995,20.197,20.197,0,1,pending,,,,
R00478,G0226,floorNav,碎石室|||S2|||toElevator,3楼,/assets/floor-maps/3F.jpg,all-route-cards/route-0226.jpg,all-route-sheets/sheet-015.jpg,2,true,14,11,2,2,38.765995,38.765995,20.197,20.197,0,1,pending,,,,
R00479,G0227,floorNav,碎石室|||S3|||fromElevator,3楼,/assets/floor-maps/3F.jpg,all-route-cards/route-0227.jpg,all-route-sheets/sheet-015.jpg,3,true,27,13,3,3,37.966031,37.966031,20.197,20.197,0,1,pending,,,,
R00480,G0227,floorNav,碎石室|||S3|||toElevator,3楼,/assets/floor-maps/3F.jpg,all-route-cards/route-0227.jpg,all-route-sheets/sheet-015.jpg,3,true,27,13,3,3,37.966031,37.966031,20.197,20.197,0,1,pending,,,,
R00481,G0228,floorNav,碎石室|||S4|||fromElevator,3楼,/assets/floor-maps/3F.jpg,all-route-cards/route-0228.jpg,all-route-sheets/sheet-015.jpg,4,true,20,12,1,1,24.964455,24.964455,20.197,20.197,0,2,pending,,,,
R00482,G0228,floorNav,碎石室|||S4|||toElevator,3楼,/assets/floor-maps/3F.jpg,all-route-cards/route-0228.jpg,all-route-sheets/sheet-015.jpg,4,true,20,12,1,1,24.964455,24.964455,20.197,20.197,0,2,pending,,,,
R00483,G0229,floorNav,碎石室|||S5|||fromElevator,3楼,/assets/floor-maps/3F.jpg,all-route-cards/route-0229.jpg,all-route-sheets/sheet-015.jpg,5,true,22,10,1,1,25.791094,25.791094,20.575,20.575,0,1,pending,,,,
R00484,G0229,floorNav,碎石室|||S5|||toElevator,3楼,/assets/floor-maps/3F.jpg,all-route-cards/route-0229.jpg,all-route-sheets/sheet-015.jpg,5,true,22,10,1,1,25.791094,25.791094,20.575,20.575,0,1,pending,,,,
R00485,G0230,floorNav,碎石室|||S6|||fromElevator,3楼,/assets/floor-maps/3F.jpg,all-route-cards/route-0230.jpg,all-route-sheets/sheet-015.jpg,6,true,18,7,1,1,30.117753,30.117753,20.575,20.575,0,0,pending,,,,
R00486,G0230,floorNav,碎石室|||S6|||toElevator,3楼,/assets/floor-maps/3F.jpg,all-route-cards/route-0230.jpg,all-route-sheets/sheet-015.jpg,6,true,18,7,1,1,30.117753,30.117753,20.575,20.575,0,0,pending,,,,
R00487,G0231,floorNav,碎石室|||S7|||fromElevator,3楼,/assets/floor-maps/3F.jpg,all-route-cards/route-0231.jpg,all-route-sheets/sheet-015.jpg,7,false,7,7,1,1,53.681353,53.681353,20.978,20.978,0,0,pending,,,,
R00488,G0231,floorNav,碎石室|||S7|||toElevator,3楼,/assets/floor-maps/3F.jpg,all-route-cards/route-0231.jpg,all-route-sheets/sheet-015.jpg,7,false,7,7,1,1,53.681353,53.681353,20.978,20.978,0,0,pending,,,,
R00489,G0218,floorNav,耳鼻喉科门诊|||S1|||fromElevator,3楼,/assets/floor-maps/3F.jpg,all-route-cards/route-0218.jpg,all-route-sheets/sheet-014.jpg,10,false,2,2,0,0,2.982333,2.982333,21.0,21.0,0,0,pending,,,,
R00490,G0218,floorNav,耳鼻喉科门诊|||S1|||toElevator,3楼,/assets/floor-maps/3F.jpg,all-route-cards/route-0218.jpg,all-route-sheets/sheet-014.jpg,10,false,2,2,0,0,2.982333,2.982333,21.0,21.0,0,0,pending,,,,
R00491,G0219,floorNav,耳鼻喉科门诊|||S2|||fromElevator,3楼,/assets/floor-maps/3F.jpg,all-route-cards/route-0219.jpg,all-route-sheets/sheet-014.jpg,11,true,17,5,1,1,18.422674,18.422674,20.984,20.984,0,0,pending,,,,
R00492,G0219,floorNav,耳鼻喉科门诊|||S2|||toElevator,3楼,/assets/floor-maps/3F.jpg,all-route-cards/route-0219.jpg,all-route-sheets/sheet-014.jpg,11,true,17,5,1,1,18.422674,18.422674,20.984,20.984,0,0,pending,,,,
R00493,G0220,floorNav,耳鼻喉科门诊|||S3|||fromElevator,3楼,/assets/floor-maps/3F.jpg,all-route-cards/route-0220.jpg,all-route-sheets/sheet-014.jpg,12,false,4,4,0,0,19.270988,19.270988,20.984,20.984,0,0,pending,,,,
R00494,G0220,floorNav,耳鼻喉科门诊|||S3|||toElevator,3楼,/assets/floor-maps/3F.jpg,all-route-cards/route-0220.jpg,all-route-sheets/sheet-014.jpg,12,false,4,4,0,0,19.270988,19.270988,20.984,20.984,0,0,pending,,,,
R00495,G0221,floorNav,耳鼻喉科门诊|||S4|||fromElevator,3楼,/assets/floor-maps/3F.jpg,all-route-cards/route-0221.jpg,all-route-sheets/sheet-014.jpg,13,true,30,9,2,2,37.657511,37.657511,20.197,20.197,0,0,pending,,,,
R00496,G0221,floorNav,耳鼻喉科门诊|||S4|||toElevator,3楼,/assets/floor-maps/3F.jpg,all-route-cards/route-0221.jpg,all-route-sheets/sheet-014.jpg,13,true,30,9,2,2,37.657511,37.657511,20.197,20.197,0,0,pending,,,,
R00497,G0222,floorNav,耳鼻喉科门诊|||S5|||fromElevator,3楼,/assets/floor-maps/3F.jpg,all-route-cards/route-0222.jpg,all-route-sheets/sheet-014.jpg,14,true,29,8,2,2,38.601664,38.601664,20.394,20.394,0,0,pending,,,,
R00498,G0222,floorNav,耳鼻喉科门诊|||S5|||toElevator,3楼,/assets/floor-maps/3F.jpg,all-route-cards/route-0222.jpg,all-route-sheets/sheet-014.jpg,14,true,29,8,2,2,38.601664,38.601664,20.394,20.394,0,0,pending,,,,
R00499,G0223,floorNav,耳鼻喉科门诊|||S6|||fromElevator,3楼,/assets/floor-maps/3F.jpg,all-route-cards/route-0223.jpg,all-route-sheets/sheet-014.jpg,15,true,31,18,2,2,67.445192,67.445192,20.375,20.375,0,2,pending,,,,
R00500,G0223,floorNav,耳鼻喉科门诊|||S6|||toElevator,3楼,/assets/floor-maps/3F.jpg,all-route-cards/route-0223.jpg,all-route-sheets/sheet-014.jpg,15,true,31,18,2,2,67.445192,67.445192,20.375,20.375,0,2,pending,,,,
R00501,G0224,floorNav,耳鼻喉科门诊|||S7|||fromElevator,3楼,/assets/floor-maps/3F.jpg,all-route-cards/route-0224.jpg,all-route-sheets/sheet-014.jpg,16,true,36,21,2,2,91.704478,91.704478,20.375,20.375,0,2,pending,,,,
R00502,G0224,floorNav,耳鼻喉科门诊|||S7|||toElevator,3楼,/assets/floor-maps/3F.jpg,all-route-cards/route-0224.jpg,all-route-sheets/sheet-014.jpg,16,true,36,21,2,2,91.704478,91.704478,20.375,20.375,0,2,pending,,,,
R00503,G0232,floorNav,肛肠科门诊|||S1|||fromElevator,3楼,/assets/floor-maps/3F.jpg,all-route-cards/route-0232.jpg,all-route-sheets/sheet-015.jpg,8,true,16,8,1,1,51.679613,51.679613,20.591,20.591,0,2,pending,,,,
R00504,G0232,floorNav,肛肠科门诊|||S1|||toElevator,3楼,/assets/floor-maps/3F.jpg,all-route-cards/route-0232.jpg,all-route-sheets/sheet-015.jpg,8,true,16,8,1,1,51.679613,51.679613,20.591,20.591,0,2,pending,,,,
R00505,G0233,floorNav,肛肠科门诊|||S2|||fromElevator,3楼,/assets/floor-maps/3F.jpg,all-route-cards/route-0233.jpg,all-route-sheets/sheet-015.jpg,9,true,21,11,1,1,37.778542,37.778542,20.197,20.197,0,2,pending,,,,
R00506,G0233,floorNav,肛肠科门诊|||S2|||toElevator,3楼,/assets/floor-maps/3F.jpg,all-route-cards/route-0233.jpg,all-route-sheets/sheet-015.jpg,9,true,21,11,1,1,37.778542,37.778542,20.197,20.197,0,2,pending,,,,
R00507,G0234,floorNav,肛肠科门诊|||S3|||fromElevator,3楼,/assets/floor-maps/3F.jpg,all-route-cards/route-0234.jpg,all-route-sheets/sheet-015.jpg,10,true,34,13,2,2,36.978578,36.978578,20.197,20.197,0,2,pending,,,,
R00508,G0234,floorNav,肛肠科门诊|||S3|||toElevator,3楼,/assets/floor-maps/3F.jpg,all-route-cards/route-0234.jpg,all-route-sheets/sheet-015.jpg,10,true,34,13,2,2,36.978578,36.978578,20.197,20.197,0,2,pending,,,,
R00509,G0235,floorNav,肛肠科门诊|||S4|||fromElevator,3楼,/assets/floor-maps/3F.jpg,all-route-cards/route-0235.jpg,all-route-sheets/sheet-015.jpg,11,true,19,13,0,0,23.948231,23.948231,20.197,20.197,0,3,pending,,,,
R00510,G0235,floorNav,肛肠科门诊|||S4|||toElevator,3楼,/assets/floor-maps/3F.jpg,all-route-cards/route-0235.jpg,all-route-sheets/sheet-015.jpg,11,true,19,13,0,0,23.948231,23.948231,20.197,20.197,0,3,pending,,,,
R00511,G0236,floorNav,肛肠科门诊|||S5|||fromElevator,3楼,/assets/floor-maps/3F.jpg,all-route-cards/route-0236.jpg,all-route-sheets/sheet-015.jpg,12,true,21,10,0,0,24.774869,24.774869,20.375,20.375,0,2,pending,,,,
R00512,G0236,floorNav,肛肠科门诊|||S5|||toElevator,3楼,/assets/floor-maps/3F.jpg,all-route-cards/route-0236.jpg,all-route-sheets/sheet-015.jpg,12,true,21,10,0,0,24.774869,24.774869,20.375,20.375,0,2,pending,,,,
R00513,G0237,floorNav,肛肠科门诊|||S6|||fromElevator,3楼,/assets/floor-maps/3F.jpg,all-route-cards/route-0237.jpg,all-route-sheets/sheet-015.jpg,13,true,19,7,1,1,23.186211,23.186211,20.575,20.575,0,0,pending,,,,
R00514,G0237,floorNav,肛肠科门诊|||S6|||toElevator,3楼,/assets/floor-maps/3F.jpg,all-route-cards/route-0237.jpg,all-route-sheets/sheet-015.jpg,13,true,19,7,1,1,23.186211,23.186211,20.575,20.575,0,0,pending,,,,
R00515,G0238,floorNav,肛肠科门诊|||S7|||fromElevator,3楼,/assets/floor-maps/3F.jpg,all-route-cards/route-0238.jpg,all-route-sheets/sheet-015.jpg,14,false,7,7,1,1,46.700177,46.700177,20.978,20.978,0,0,pending,,,,
R00516,G0238,floorNav,肛肠科门诊|||S7|||toElevator,3楼,/assets/floor-maps/3F.jpg,all-route-cards/route-0238.jpg,all-route-sheets/sheet-015.jpg,14,false,7,7,1,1,46.700177,46.700177,20.978,20.978,0,0,pending,,,,
R00517,G0239,floorNav,血液透析科|||S1|||fromElevator,3楼,/assets/floor-maps/3F.jpg,all-route-cards/route-0239.jpg,all-route-sheets/sheet-015.jpg,15,false,5,5,1,1,18.800829,18.800829,21.0,21.0,0,0,pending,,,,
R00518,G0239,floorNav,血液透析科|||S1|||toElevator,3楼,/assets/floor-maps/3F.jpg,all-route-cards/route-0239.jpg,all-route-sheets/sheet-015.jpg,15,false,5,5,1,1,18.800829,18.800829,21.0,21.0,0,0,pending,,,,
R00519,G0240,floorNav,血液透析科|||S2|||fromElevator,3楼,/assets/floor-maps/3F.jpg,all-route-cards/route-0240.jpg,all-route-sheets/sheet-015.jpg,16,false,2,2,0,0,1.386101,1.386101,21.0,21.0,0,0,pending,,,,
R00520,G0240,floorNav,血液透析科|||S2|||toElevator,3楼,/assets/floor-maps/3F.jpg,all-route-cards/route-0240.jpg,all-route-sheets/sheet-015.jpg,16,false,2,2,0,0,1.386101,1.386101,21.0,21.0,0,0,pending,,,,
R00521,G0241,floorNav,血液透析科|||S3|||fromElevator,3楼,/assets/floor-maps/3F.jpg,all-route-cards/route-0241.jpg,all-route-sheets/sheet-016.jpg,1,false,2,2,0,0,1.617716,1.617716,21.0,21.0,0,0,pending,,,,
R00522,G0241,floorNav,血液透析科|||S3|||toElevator,3楼,/assets/floor-maps/3F.jpg,all-route-cards/route-0241.jpg,all-route-sheets/sheet-016.jpg,1,false,2,2,0,0,1.617716,1.617716,21.0,21.0,0,0,pending,,,,
R00523,G0242,floorNav,血液透析科|||S4|||fromElevator,3楼,/assets/floor-maps/3F.jpg,all-route-cards/route-0242.jpg,all-route-sheets/sheet-016.jpg,2,false,11,11,2,2,23.819521,23.819521,20.197,20.197,0,0,pending,,,,
R00524,G0242,floorNav,血液透析科|||S4|||toElevator,3楼,/assets/floor-maps/3F.jpg,all-route-cards/route-0242.jpg,all-route-sheets/sheet-016.jpg,2,false,11,11,2,2,23.819521,23.819521,20.197,20.197,0,0,pending,,,,
R00525,G0243,floorNav,血液透析科|||S5|||fromElevator,3楼,/assets/floor-maps/3F.jpg,all-route-cards/route-0243.jpg,all-route-sheets/sheet-016.jpg,3,false,10,10,2,2,24.763674,24.763674,20.575,20.575,0,0,pending,,,,
R00526,G0243,floorNav,血液透析科|||S5|||toElevator,3楼,/assets/floor-maps/3F.jpg,all-route-cards/route-0243.jpg,all-route-sheets/sheet-016.jpg,3,false,10,10,2,2,24.763674,24.763674,20.575,20.575,0,0,pending,,,,
R00527,G0244,floorNav,血液透析科|||S6|||fromElevator,3楼,/assets/floor-maps/3F.jpg,all-route-cards/route-0244.jpg,all-route-sheets/sheet-016.jpg,4,true,22,18,2,2,53.636178,53.636178,20.375,20.375,0,1,pending,,,,
R00528,G0244,floorNav,血液透析科|||S6|||toElevator,3楼,/assets/floor-maps/3F.jpg,all-route-cards/route-0244.jpg,all-route-sheets/sheet-016.jpg,4,true,22,18,2,2,53.636178,53.636178,20.375,20.375,0,1,pending,,,,
R00529,G0245,floorNav,血液透析科|||S7|||fromElevator,3楼,/assets/floor-maps/3F.jpg,all-route-cards/route-0245.jpg,all-route-sheets/sheet-016.jpg,5,true,28,21,2,2,77.895464,77.895464,20.375,20.375,0,1,pending,,,,
R00530,G0245,floorNav,血液透析科|||S7|||toElevator,3楼,/assets/floor-maps/3F.jpg,all-route-cards/route-0245.jpg,all-route-sheets/sheet-016.jpg,5,true,28,21,2,2,77.895464,77.895464,20.375,20.375,0,1,pending,,,,
R00531,G0246,sameFloor,产科门诊|||内镜诊疗中心,3楼,/assets/floor-maps/3F.jpg,all-route-cards/route-0246.jpg,all-route-sheets/sheet-016.jpg,6,false,7,7,1,1,33.949384,33.949384,20.378,20.378,0,0,pending,,,,
R00532,G0247,sameFloor,产科门诊|||口腔科门诊,3楼,/assets/floor-maps/3F.jpg,all-route-cards/route-0247.jpg,all-route-sheets/sheet-016.jpg,7,true,31,8,2,2,34.433674,34.433674,20.375,20.375,0,0,pending,,,,
R00533,G0248,sameFloor,产科门诊|||泌尿科门诊,3楼,/assets/floor-maps/3F.jpg,all-route-cards/route-0248.jpg,all-route-sheets/sheet-016.jpg,8,false,3,3,0,0,11.136615,11.136615,20.378,20.378,0,0,pending,,,,
R00534,G0249,sameFloor,产科门诊|||皮肤科门诊,3楼,/assets/floor-maps/3F.jpg,all-route-cards/route-0249.jpg,all-route-sheets/sheet-016.jpg,9,false,7,7,0,0,15.521554,15.521554,20.375,20.375,0,0,pending,,,,
R00535,G0250,sameFloor,产科门诊|||眼科门诊,3楼,/assets/floor-maps/3F.jpg,all-route-cards/route-0250.jpg,all-route-sheets/sheet-016.jpg,10,true,27,6,1,1,47.275077,47.275077,20.378,20.378,0,0,pending,,,,
R00536,G0251,sameFloor,产科门诊|||碎石室,3楼,/assets/floor-maps/3F.jpg,all-route-cards/route-0251.jpg,all-route-sheets/sheet-016.jpg,11,false,11,11,1,1,22.448618,22.448618,20.378,20.378,0,2,pending,,,,
R00537,G0250,sameFloor,产科门诊|||耳鼻喉科门诊,3楼,/assets/floor-maps/3F.jpg,all-route-cards/route-0250.jpg,all-route-sheets/sheet-016.jpg,10,true,27,6,1,1,47.275077,47.275077,20.378,20.378,0,0,pending,,,,
R00538,G0252,sameFloor,产科门诊|||肛肠科门诊,3楼,/assets/floor-maps/3F.jpg,all-route-cards/route-0252.jpg,all-route-sheets/sheet-016.jpg,12,false,5,5,1,1,17.530487,17.530487,20.378,20.378,0,0,pending,,,,
R00539,G0253,sameFloor,产科门诊|||血液透析科,3楼,/assets/floor-maps/3F.jpg,all-route-cards/route-0253.jpg,all-route-sheets/sheet-016.jpg,13,false,7,7,1,1,33.462248,33.462248,20.378,20.378,0,0,pending,,,,
R00540,G0246,sameFloor,内镜诊疗中心|||产科门诊,3楼,/assets/floor-maps/3F.jpg,all-route-cards/route-0246.jpg,all-route-sheets/sheet-016.jpg,6,false,7,7,1,1,33.949384,33.949384,20.378,20.378,0,0,pending,,,,
R00541,G0254,sameFloor,内镜诊疗中心|||口腔科门诊,3楼,/assets/floor-maps/3F.jpg,all-route-cards/route-0254.jpg,all-route-sheets/sheet-016.jpg,14,false,4,4,0,0,13.059438,13.059438,21.181,21.181,0,0,pending,,,,
R00542,G0255,sameFloor,内镜诊疗中心|||泌尿科门诊,3楼,/assets/floor-maps/3F.jpg,all-route-cards/route-0255.jpg,all-route-sheets/sheet-016.jpg,15,false,15,15,1,1,39.60745,39.60745,20.378,20.378,0,0,pending,,,,
R00543,G0256,sameFloor,内镜诊疗中心|||皮肤科门诊,3楼,/assets/floor-maps/3F.jpg,all-route-cards/route-0256.jpg,all-route-sheets/sheet-016.jpg,16,false,13,13,1,1,46.230703,46.230703,20.375,20.375,0,1,pending,,,,
R00544,G0257,sameFloor,内镜诊疗中心|||眼科门诊,3楼,/assets/floor-maps/3F.jpg,all-route-cards/route-0257.jpg,all-route-sheets/sheet-017.jpg,1,false,5,5,1,1,18.373491,18.373491,20.984,20.984,0,0,pending,,,,
R00545,G0258,sameFloor,内镜诊疗中心|||碎石室,3楼,/assets/floor-maps/3F.jpg,all-route-cards/route-0258.jpg,all-route-sheets/sheet-017.jpg,2,true,14,12,3,3,37.999632,37.999632,20.375,20.375,0,0,pending,,,,
R00546,G0257,sameFloor,内镜诊疗中心|||耳鼻喉科门诊,3楼,/assets/floor-maps/3F.jpg,all-route-cards/route-0257.jpg,all-route-sheets/sheet-017.jpg,1,false,5,5,1,1,18.373491,18.373491,20.984,20.984,0,0,pending,,,,
R00547,G0259,sameFloor,内镜诊疗中心|||肛肠科门诊,3楼,/assets/floor-maps/3F.jpg,all-route-cards/route-0259.jpg,all-route-sheets/sheet-017.jpg,3,true,13,12,1,1,36.989838,36.989838,20.375,20.375,0,1,pending,,,,
R00548,G0260,sameFloor,内镜诊疗中心|||血液透析科,3楼,/assets/floor-maps/3F.jpg,all-route-cards/route-0260.jpg,all-route-sheets/sheet-017.jpg,4,false,1,1,0,0,0.0,0.0,0.0,0.0,0,0,pending,,,,
R00549,G0247,sameFloor,口腔科门诊|||产科门诊,3楼,/assets/floor-maps/3F.jpg,all-route-cards/route-0247.jpg,all-route-sheets/sheet-016.jpg,7,true,31,8,2,2,34.433674,34.433674,20.375,20.375,0,0,pending,,,,
R00550,G0254,sameFloor,口腔科门诊|||内镜诊疗中心,3楼,/assets/floor-maps/3F.jpg,all-route-cards/route-0254.jpg,all-route-sheets/sheet-016.jpg,14,false,4,4,0,0,13.059438,13.059438,21.181,21.181,0,0,pending,,,,
R00551,G0261,sameFloor,口腔科门诊|||泌尿科门诊,3楼,/assets/floor-maps/3F.jpg,all-route-cards/route-0261.jpg,all-route-sheets/sheet-017.jpg,5,true,30,15,2,2,40.165218,40.165218,20.375,20.375,0,0,pending,,,,
R00552,G0262,sameFloor,口腔科门诊|||皮肤科门诊,3楼,/assets/floor-maps/3F.jpg,all-route-cards/route-0262.jpg,all-route-sheets/sheet-017.jpg,6,true,22,15,2,2,46.805358,46.805358,20.375,20.375,0,1,pending,,,,
R00553,G0263,sameFloor,口腔科门诊|||眼科门诊,3楼,/assets/floor-maps/3F.jpg,all-route-cards/route-0263.jpg,all-route-sheets/sheet-017.jpg,7,true,23,6,1,1,24.762152,24.762152,20.375,20.375,0,0,pending,,,,
R00554,G0264,sameFloor,口腔科门诊|||碎石室,3楼,/assets/floor-maps/3F.jpg,all-route-cards/route-0264.jpg,all-route-sheets/sheet-017.jpg,8,true,28,13,4,4,38.564709,38.564709,20.375,20.375,0,0,pending,,,,
R00555,G0263,sameFloor,口腔科门诊|||耳鼻喉科门诊,3楼,/assets/floor-maps/3F.jpg,all-route-cards/route-0263.jpg,all-route-sheets/sheet-017.jpg,7,true,23,6,1,1,24.762152,24.762152,20.375,20.375,0,0,pending,,,,
R00556,G0265,sameFloor,口腔科门诊|||肛肠科门诊,3楼,/assets/floor-maps/3F.jpg,all-route-cards/route-0265.jpg,all-route-sheets/sheet-017.jpg,9,true,27,13,2,2,37.554915,37.554915,20.375,20.375,0,1,pending,,,,
R00557,G0266,sameFloor,口腔科门诊|||血液透析科,3楼,/assets/floor-maps/3F.jpg,all-route-cards/route-0266.jpg,all-route-sheets/sheet-017.jpg,10,false,4,4,0,0,12.563651,12.563651,21.181,21.181,0,0,pending,,,,
R00558,G0248,sameFloor,泌尿科门诊|||产科门诊,3楼,/assets/floor-maps/3F.jpg,all-route-cards/route-0248.jpg,all-route-sheets/sheet-016.jpg,8,false,3,3,0,0,11.136615,11.136615,20.378,20.378,0,0,pending,,,,
R00559,G0255,sameFloor,泌尿科门诊|||内镜诊疗中心,3楼,/assets/floor-maps/3F.jpg,all-route-cards/route-0255.jpg,all-route-sheets/sheet-016.jpg,15,false,15,15,1,1,39.60745,39.60745,20.378,20.378,0,0,pending,,,,
R00560,G0261,sameFloor,泌尿科门诊|||口腔科门诊,3楼,/assets/floor-maps/3F.jpg,all-route-cards/route-0261.jpg,all-route-sheets/sheet-017.jpg,5,true,30,15,2,2,40.165218,40.165218,20.375,20.375,0,0,pending,,,,
R00561,G0267,sameFloor,泌尿科门诊|||皮肤科门诊,3楼,/assets/floor-maps/3F.jpg,all-route-cards/route-0267.jpg,all-route-sheets/sheet-017.jpg,11,false,4,4,0,0,9.995139,9.995139,21.0,21.0,0,0,pending,,,,
R00562,G0268,sameFloor,泌尿科门诊|||眼科门诊,3楼,/assets/floor-maps/3F.jpg,all-route-cards/route-0268.jpg,all-route-sheets/sheet-017.jpg,12,true,27,13,0,0,53.109319,53.109319,20.197,20.197,0,2,pending,,,,
R00563,G0269,sameFloor,泌尿科门诊|||碎石室,3楼,/assets/floor-maps/3F.jpg,all-route-cards/route-0269.jpg,all-route-sheets/sheet-017.jpg,13,false,4,4,2,2,12.172389,12.172389,20.375,20.375,0,0,pending,,,,
R00564,G0268,sameFloor,泌尿科门诊|||耳鼻喉科门诊,3楼,/assets/floor-maps/3F.jpg,all-route-cards/route-0268.jpg,all-route-sheets/sheet-017.jpg,12,true,27,13,0,0,53.109319,53.109319,20.197,20.197,0,2,pending,,,,
R00565,G0270,sameFloor,泌尿科门诊|||肛肠科门诊,3楼,/assets/floor-maps/3F.jpg,all-route-cards/route-0270.jpg,all-route-sheets/sheet-017.jpg,14,false,8,8,2,2,8.423413,8.423413,20.772,20.772,0,0,pending,,,,
R00566,G0271,sameFloor,泌尿科门诊|||血液透析科,3楼,/assets/floor-maps/3F.jpg,all-route-cards/route-0271.jpg,all-route-sheets/sheet-017.jpg,15,false,15,15,1,1,39.120314,39.120314,20.378,20.378,0,0,pending,,,,
R00567,G0249,sameFloor,皮肤科门诊|||产科门诊,3楼,/assets/floor-maps/3F.jpg,all-route-cards/route-0249.jpg,all-route-sheets/sheet-016.jpg,9,false,7,7,0,0,15.521554,15.521554,20.375,20.375,0,0,pending,,,,
R00568,G0256,sameFloor,皮肤科门诊|||内镜诊疗中心,3楼,/assets/floor-maps/3F.jpg,all-route-cards/route-0256.jpg,all-route-sheets/sheet-016.jpg,16,false,13,13,1,1,46.230703,46.230703,20.375,20.375,0,1,pending,,,,
R00569,G0262,sameFloor,皮肤科门诊|||口腔科门诊,3楼,/assets/floor-maps/3F.jpg,all-route-cards/route-0262.jpg,all-route-sheets/sheet-017.jpg,6,true,22,15,2,2,46.805358,46.805358,20.375,20.375,0,1,pending,,,,
R00570,G0267,sameFloor,皮肤科门诊|||泌尿科门诊,3楼,/assets/floor-maps/3F.jpg,all-route-cards/route-0267.jpg,all-route-sheets/sheet-017.jpg,11,false,4,4,0,0,9.995139,9.995139,21.0,21.0,0,0,pending,,,,
R00571,G0272,sameFloor,皮肤科门诊|||眼科门诊,3楼,/assets/floor-maps/3F.jpg,all-route-cards/route-0272.jpg,all-route-sheets/sheet-017.jpg,16,true,26,13,1,1,59.552581,59.552581,20.375,20.375,0,2,pending,,,,
R00572,G0273,sameFloor,皮肤科门诊|||碎石室,3楼,/assets/floor-maps/3F.jpg,all-route-cards/route-0273.jpg,all-route-sheets/sheet-018.jpg,1,false,2,2,0,0,21.374895,21.374895,21.0,21.0,0,0,pending,,,,
R00573,G0272,sameFloor,皮肤科门诊|||耳鼻喉科门诊,3楼,/assets/floor-maps/3F.jpg,all-route-cards/route-0272.jpg,all-route-sheets/sheet-017.jpg,16,true,26,13,1,1,59.552581,59.552581,20.375,20.375,0,2,pending,,,,
R00574,G0274,sameFloor,皮肤科门诊|||肛肠科门诊,3楼,/assets/floor-maps/3F.jpg,all-route-cards/route-0274.jpg,all-route-sheets/sheet-018.jpg,2,false,2,2,0,0,14.392668,14.392668,21.0,21.0,0,0,pending,,,,
R00575,G0275,sameFloor,皮肤科门诊|||血液透析科,3楼,/assets/floor-maps/3F.jpg,all-route-cards/route-0275.jpg,all-route-sheets/sheet-018.jpg,3,false,13,13,1,1,45.743566,45.743566,20.375,20.375,0,1,pending,,,,
R00576,G0250,sameFloor,眼科门诊|||产科门诊,3楼,/assets/floor-maps/3F.jpg,all-route-cards/route-0250.jpg,all-route-sheets/sheet-016.jpg,10,true,27,6,1,1,47.275077,47.275077,20.378,20.378,0,0,pending,,,,
R00577,G0257,sameFloor,眼科门诊|||内镜诊疗中心,3楼,/assets/floor-maps/3F.jpg,all-route-cards/route-0257.jpg,all-route-sheets/sheet-017.jpg,1,false,5,5,1,1,18.373491,18.373491,20.984,20.984,0,0,pending,,,,
R00578,G0263,sameFloor,眼科门诊|||口腔科门诊,3楼,/assets/floor-maps/3F.jpg,all-route-cards/route-0263.jpg,all-route-sheets/sheet-017.jpg,7,true,23,6,1,1,24.762152,24.762152,20.375,20.375,0,0,pending,,,,
R00579,G0268,sameFloor,眼科门诊|||泌尿科门诊,3楼,/assets/floor-maps/3F.jpg,all-route-cards/route-0268.jpg,all-route-sheets/sheet-017.jpg,12,true,27,13,0,0,53.109319,53.109319,20.197,20.197,0,2,pending,,,,
R00580,G0272,sameFloor,眼科门诊|||皮肤科门诊,3楼,/assets/floor-maps/3F.jpg,all-route-cards/route-0272.jpg,all-route-sheets/sheet-017.jpg,16,true,26,13,1,1,59.552581,59.552581,20.375,20.375,0,2,pending,,,,
R00581,G0276,sameFloor,眼科门诊|||碎石室,3楼,/assets/floor-maps/3F.jpg,all-route-cards/route-0276.jpg,all-route-sheets/sheet-018.jpg,4,true,22,11,3,3,51.398282,51.398282,20.375,20.375,0,0,pending,,,,
R00582,G0277,sameFloor,眼科门诊|||耳鼻喉科门诊,3楼,/assets/floor-maps/3F.jpg,all-route-cards/route-0277.jpg,all-route-sheets/sheet-018.jpg,5,false,1,1,0,0,0.0,0.0,0.0,0.0,0,0,pending,,,,
R00583,G0278,sameFloor,眼科门诊|||肛肠科门诊,3楼,/assets/floor-maps/3F.jpg,all-route-cards/route-0278.jpg,all-route-sheets/sheet-018.jpg,6,true,27,13,0,0,50.399713,50.399713,20.197,20.197,0,4,pending,,,,
R00584,G0279,sameFloor,眼科门诊|||血液透析科,3楼,/assets/floor-maps/3F.jpg,all-route-cards/route-0279.jpg,all-route-sheets/sheet-018.jpg,7,false,4,4,1,1,17.871055,17.871055,20.984,20.984,0,0,pending,,,,
R00585,G0251,sameFloor,碎石室|||产科门诊,3楼,/assets/floor-maps/3F.jpg,all-route-cards/route-0251.jpg,all-route-sheets/sheet-016.jpg,11,false,11,11,1,1,22.448618,22.448618,20.378,20.378,0,2,pending,,,,
R00586,G0258,sameFloor,碎石室|||内镜诊疗中心,3楼,/assets/floor-maps/3F.jpg,all-route-cards/route-0258.jpg,all-route-sheets/sheet-017.jpg,2,true,14,12,3,3,37.999632,37.999632,20.375,20.375,0,0,pending,,,,
R00587,G0264,sameFloor,碎石室|||口腔科门诊,3楼,/assets/floor-maps/3F.jpg,all-route-cards/route-0264.jpg,all-route-sheets/sheet-017.jpg,8,true,28,13,4,4,38.564709,38.564709,20.375,20.375,0,0,pending,,,,
R00588,G0269,sameFloor,碎石室|||泌尿科门诊,3楼,/assets/floor-maps/3F.jpg,all-route-cards/route-0269.jpg,all-route-sheets/sheet-017.jpg,13,false,4,4,2,2,12.172389,12.172389,20.375,20.375,0,0,pending,,,,
R00589,G0273,sameFloor,碎石室|||皮肤科门诊,3楼,/assets/floor-maps/3F.jpg,all-route-cards/route-0273.jpg,all-route-sheets/sheet-018.jpg,1,false,2,2,0,0,21.374895,21.374895,21.0,21.0,0,0,pending,,,,
R00590,G0276,sameFloor,碎石室|||眼科门诊,3楼,/assets/floor-maps/3F.jpg,all-route-cards/route-0276.jpg,all-route-sheets/sheet-018.jpg,4,true,22,11,3,3,51.398282,51.398282,20.375,20.375,0,0,pending,,,,
R00591,G0276,sameFloor,碎石室|||耳鼻喉科门诊,3楼,/assets/floor-maps/3F.jpg,all-route-cards/route-0276.jpg,all-route-sheets/sheet-018.jpg,4,true,22,11,3,3,51.398282,51.398282,20.375,20.375,0,0,pending,,,,
R00592,G0280,sameFloor,碎石室|||肛肠科门诊,3楼,/assets/floor-maps/3F.jpg,all-route-cards/route-0280.jpg,all-route-sheets/sheet-018.jpg,8,false,2,2,0,0,6.982226,6.982226,21.0,21.0,0,0,pending,,,,
R00593,G0281,sameFloor,碎石室|||血液透析科,3楼,/assets/floor-maps/3F.jpg,all-route-cards/route-0281.jpg,all-route-sheets/sheet-018.jpg,9,true,14,12,3,3,37.512496,37.512496,20.375,20.375,0,0,pending,,,,
R00594,G0250,sameFloor,耳鼻喉科门诊|||产科门诊,3楼,/assets/floor-maps/3F.jpg,all-route-cards/route-0250.jpg,all-route-sheets/sheet-016.jpg,10,true,27,6,1,1,47.275077,47.275077,20.378,20.378,0,0,pending,,,,
R00595,G0257,sameFloor,耳鼻喉科门诊|||内镜诊疗中心,3楼,/assets/floor-maps/3F.jpg,all-route-cards/route-0257.jpg,all-route-sheets/sheet-017.jpg,1,false,5,5,1,1,18.373491,18.373491,20.984,20.984,0,0,pending,,,,
R00596,G0263,sameFloor,耳鼻喉科门诊|||口腔科门诊,3楼,/assets/floor-maps/3F.jpg,all-route-cards/route-0263.jpg,all-route-sheets/sheet-017.jpg,7,true,23,6,1,1,24.762152,24.762152,20.375,20.375,0,0,pending,,,,
R00597,G0268,sameFloor,耳鼻喉科门诊|||泌尿科门诊,3楼,/assets/floor-maps/3F.jpg,all-route-cards/route-0268.jpg,all-route-sheets/sheet-017.jpg,12,true,27,13,0,0,53.109319,53.109319,20.197,20.197,0,2,pending,,,,
R00598,G0272,sameFloor,耳鼻喉科门诊|||皮肤科门诊,3楼,/assets/floor-maps/3F.jpg,all-route-cards/route-0272.jpg,all-route-sheets/sheet-017.jpg,16,true,26,13,1,1,59.552581,59.552581,20.375,20.375,0,2,pending,,,,
R00599,G0277,sameFloor,耳鼻喉科门诊|||眼科门诊,3楼,/assets/floor-maps/3F.jpg,all-route-cards/route-0277.jpg,all-route-sheets/sheet-018.jpg,5,false,1,1,0,0,0.0,0.0,0.0,0.0,0,0,pending,,,,
R00600,G0276,sameFloor,耳鼻喉科门诊|||碎石室,3楼,/assets/floor-maps/3F.jpg,all-route-cards/route-0276.jpg,all-route-sheets/sheet-018.jpg,4,true,22,11,3,3,51.398282,51.398282,20.375,20.375,0,0,pending,,,,
R00601,G0278,sameFloor,耳鼻喉科门诊|||肛肠科门诊,3楼,/assets/floor-maps/3F.jpg,all-route-cards/route-0278.jpg,all-route-sheets/sheet-018.jpg,6,true,27,13,0,0,50.399713,50.399713,20.197,20.197,0,4,pending,,,,
R00602,G0279,sameFloor,耳鼻喉科门诊|||血液透析科,3楼,/assets/floor-maps/3F.jpg,all-route-cards/route-0279.jpg,all-route-sheets/sheet-018.jpg,7,false,4,4,1,1,17.871055,17.871055,20.984,20.984,0,0,pending,,,,
R00603,G0252,sameFloor,肛肠科门诊|||产科门诊,3楼,/assets/floor-maps/3F.jpg,all-route-cards/route-0252.jpg,all-route-sheets/sheet-016.jpg,12,false,5,5,1,1,17.530487,17.530487,20.378,20.378,0,0,pending,,,,
R00604,G0259,sameFloor,肛肠科门诊|||内镜诊疗中心,3楼,/assets/floor-maps/3F.jpg,all-route-cards/route-0259.jpg,all-route-sheets/sheet-017.jpg,3,true,13,12,1,1,36.989838,36.989838,20.375,20.375,0,1,pending,,,,
R00605,G0265,sameFloor,肛肠科门诊|||口腔科门诊,3楼,/assets/floor-maps/3F.jpg,all-route-cards/route-0265.jpg,all-route-sheets/sheet-017.jpg,9,true,27,13,2,2,37.554915,37.554915,20.375,20.375,0,1,pending,,,,
R00606,G0270,sameFloor,肛肠科门诊|||泌尿科门诊,3楼,/assets/floor-maps/3F.jpg,all-route-cards/route-0270.jpg,all-route-sheets/sheet-017.jpg,14,false,8,8,2,2,8.423413,8.423413,20.772,20.772,0,0,pending,,,,
R00607,G0274,sameFloor,肛肠科门诊|||皮肤科门诊,3楼,/assets/floor-maps/3F.jpg,all-route-cards/route-0274.jpg,all-route-sheets/sheet-018.jpg,2,false,2,2,0,0,14.392668,14.392668,21.0,21.0,0,0,pending,,,,
R00608,G0278,sameFloor,肛肠科门诊|||眼科门诊,3楼,/assets/floor-maps/3F.jpg,all-route-cards/route-0278.jpg,all-route-sheets/sheet-018.jpg,6,true,27,13,0,0,50.399713,50.399713,20.197,20.197,0,4,pending,,,,
R00609,G0280,sameFloor,肛肠科门诊|||碎石室,3楼,/assets/floor-maps/3F.jpg,all-route-cards/route-0280.jpg,all-route-sheets/sheet-018.jpg,8,false,2,2,0,0,6.982226,6.982226,21.0,21.0,0,0,pending,,,,
R00610,G0278,sameFloor,肛肠科门诊|||耳鼻喉科门诊,3楼,/assets/floor-maps/3F.jpg,all-route-cards/route-0278.jpg,all-route-sheets/sheet-018.jpg,6,true,27,13,0,0,50.399713,50.399713,20.197,20.197,0,4,pending,,,,
R00611,G0282,sameFloor,肛肠科门诊|||血液透析科,3楼,/assets/floor-maps/3F.jpg,all-route-cards/route-0282.jpg,all-route-sheets/sheet-018.jpg,10,true,13,12,1,1,36.502702,36.502702,20.375,20.375,0,1,pending,,,,
R00612,G0253,sameFloor,血液透析科|||产科门诊,3楼,/assets/floor-maps/3F.jpg,all-route-cards/route-0253.jpg,all-route-sheets/sheet-016.jpg,13,false,7,7,1,1,33.462248,33.462248,20.378,20.378,0,0,pending,,,,
R00613,G0283,sameFloor,血液透析科|||内镜诊疗中心,3楼,/assets/floor-maps/3F.jpg,all-route-cards/route-0283.jpg,all-route-sheets/sheet-018.jpg,11,false,1,1,0,0,0.0,0.0,0.0,0.0,0,0,pending,,,,
R00614,G0266,sameFloor,血液透析科|||口腔科门诊,3楼,/assets/floor-maps/3F.jpg,all-route-cards/route-0266.jpg,all-route-sheets/sheet-017.jpg,10,false,4,4,0,0,12.563651,12.563651,21.181,21.181,0,0,pending,,,,
R00615,G0271,sameFloor,血液透析科|||泌尿科门诊,3楼,/assets/floor-maps/3F.jpg,all-route-cards/route-0271.jpg,all-route-sheets/sheet-017.jpg,15,false,15,15,1,1,39.120314,39.120314,20.378,20.378,0,0,pending,,,,
R00616,G0275,sameFloor,血液透析科|||皮肤科门诊,3楼,/assets/floor-maps/3F.jpg,all-route-cards/route-0275.jpg,all-route-sheets/sheet-018.jpg,3,false,13,13,1,1,45.743566,45.743566,20.375,20.375,0,1,pending,,,,
R00617,G0279,sameFloor,血液透析科|||眼科门诊,3楼,/assets/floor-maps/3F.jpg,all-route-cards/route-0279.jpg,all-route-sheets/sheet-018.jpg,7,false,4,4,1,1,17.871055,17.871055,20.984,20.984,0,0,pending,,,,
R00618,G0281,sameFloor,血液透析科|||碎石室,3楼,/assets/floor-maps/3F.jpg,all-route-cards/route-0281.jpg,all-route-sheets/sheet-018.jpg,9,true,14,12,3,3,37.512496,37.512496,20.375,20.375,0,0,pending,,,,
R00619,G0279,sameFloor,血液透析科|||耳鼻喉科门诊,3楼,/assets/floor-maps/3F.jpg,all-route-cards/route-0279.jpg,all-route-sheets/sheet-018.jpg,7,false,4,4,1,1,17.871055,17.871055,20.984,20.984,0,0,pending,,,,
R00620,G0282,sameFloor,血液透析科|||肛肠科门诊,3楼,/assets/floor-maps/3F.jpg,all-route-cards/route-0282.jpg,all-route-sheets/sheet-018.jpg,10,true,13,12,1,1,36.502702,36.502702,20.375,20.375,0,1,pending,,,,
R00621,G0284,floorNav,病理科|||S1|||fromElevator,4楼,/assets/floor-maps/4F.jpg,all-route-cards/route-0284.jpg,all-route-sheets/sheet-018.jpg,12,false,2,2,0,0,3.07352,3.07352,21.0,21.0,0,0,pending,,,,
R00622,G0284,floorNav,病理科|||S1|||toElevator,4楼,/assets/floor-maps/4F.jpg,all-route-cards/route-0284.jpg,all-route-sheets/sheet-018.jpg,12,false,2,2,0,0,3.07352,3.07352,21.0,21.0,0,0,pending,,,,
R00623,G0285,floorNav,病理科|||S2|||fromElevator,4楼,/assets/floor-maps/4F.jpg,all-route-cards/route-0285.jpg,all-route-sheets/sheet-018.jpg,13,false,5,5,0,0,16.995347,16.995347,20.397,20.397,0,0,pending,,,,
R00624,G0285,floorNav,病理科|||S2|||toElevator,4楼,/assets/floor-maps/4F.jpg,all-route-cards/route-0285.jpg,all-route-sheets/sheet-018.jpg,13,false,5,5,0,0,16.995347,16.995347,20.397,20.397,0,0,pending,,,,
R00625,G0286,floorNav,病理科|||S3|||fromElevator,4楼,/assets/floor-maps/4F.jpg,all-route-cards/route-0286.jpg,all-route-sheets/sheet-018.jpg,14,false,6,6,1,1,16.03859,16.03859,20.397,20.397,0,0,pending,,,,
R00626,G0286,floorNav,病理科|||S3|||toElevator,4楼,/assets/floor-maps/4F.jpg,all-route-cards/route-0286.jpg,all-route-sheets/sheet-018.jpg,14,false,6,6,1,1,16.03859,16.03859,20.397,20.397,0,0,pending,,,,
R00627,G0287,floorNav,病理科|||S4|||fromElevator,4楼,/assets/floor-maps/4F.jpg,all-route-cards/route-0287.jpg,all-route-sheets/sheet-018.jpg,15,true,49,7,2,2,36.076611,36.076611,20.984,20.984,0,0,pending,,,,
R00628,G0287,floorNav,病理科|||S4|||toElevator,4楼,/assets/floor-maps/4F.jpg,all-route-cards/route-0287.jpg,all-route-sheets/sheet-018.jpg,15,true,49,7,2,2,36.076611,36.076611,20.984,20.984,0,0,pending,,,,
R00629,G0288,floorNav,病理科|||S5|||fromElevator,4楼,/assets/floor-maps/4F.jpg,all-route-cards/route-0288.jpg,all-route-sheets/sheet-018.jpg,16,true,26,7,2,2,36.974959,36.974959,20.772,20.772,0,0,pending,,,,
R00630,G0288,floorNav,病理科|||S5|||toElevator,4楼,/assets/floor-maps/4F.jpg,all-route-cards/route-0288.jpg,all-route-sheets/sheet-018.jpg,16,true,26,7,2,2,36.974959,36.974959,20.772,20.772,0,0,pending,,,,
R00631,G0289,floorNav,病理科|||S6|||fromElevator,4楼,/assets/floor-maps/4F.jpg,all-route-cards/route-0289.jpg,all-route-sheets/sheet-019.jpg,1,true,26,12,1,1,70.008167,70.008167,20.375,20.375,0,1,pending,,,,
R00632,G0289,floorNav,病理科|||S6|||toElevator,4楼,/assets/floor-maps/4F.jpg,all-route-cards/route-0289.jpg,all-route-sheets/sheet-019.jpg,1,true,26,12,1,1,70.008167,70.008167,20.375,20.375,0,1,pending,,,,
R00633,G0290,floorNav,病理科|||S7|||fromElevator,4楼,/assets/floor-maps/4F.jpg,all-route-cards/route-0290.jpg,all-route-sheets/sheet-019.jpg,2,true,27,20,3,3,93.20682,93.20682,20.575,20.575,0,1,pending,,,,
R00634,G0290,floorNav,病理科|||S7|||toElevator,4楼,/assets/floor-maps/4F.jpg,all-route-cards/route-0290.jpg,all-route-sheets/sheet-019.jpg,2,true,27,20,3,3,93.20682,93.20682,20.575,20.575,0,1,pending,,,,
R00635,G0291,floorNav,输血科|||S1|||fromElevator,4楼,/assets/floor-maps/4F.jpg,all-route-cards/route-0291.jpg,all-route-sheets/sheet-019.jpg,3,false,2,2,0,0,17.85733,17.85733,21.0,21.0,0,0,pending,,,,
R00636,G0291,floorNav,输血科|||S1|||toElevator,4楼,/assets/floor-maps/4F.jpg,all-route-cards/route-0291.jpg,all-route-sheets/sheet-019.jpg,3,false,2,2,0,0,17.85733,17.85733,21.0,21.0,0,0,pending,,,,
R00637,G0292,floorNav,输血科|||S2|||fromElevator,4楼,/assets/floor-maps/4F.jpg,all-route-cards/route-0292.jpg,all-route-sheets/sheet-019.jpg,4,false,2,2,0,0,5.218026,5.218026,20.984,20.984,0,0,pending,,,,
R00638,G0292,floorNav,输血科|||S2|||toElevator,4楼,/assets/floor-maps/4F.jpg,all-route-cards/route-0292.jpg,all-route-sheets/sheet-019.jpg,4,false,2,2,0,0,5.218026,5.218026,20.984,20.984,0,0,pending,,,,
R00639,G0293,floorNav,输血科|||S3|||fromElevator,4楼,/assets/floor-maps/4F.jpg,all-route-cards/route-0293.jpg,all-route-sheets/sheet-019.jpg,5,false,2,2,0,0,5.615988,5.615988,21.0,21.0,0,0,pending,,,,
R00640,G0293,floorNav,输血科|||S3|||toElevator,4楼,/assets/floor-maps/4F.jpg,all-route-cards/route-0293.jpg,all-route-sheets/sheet-019.jpg,5,false,2,2,0,0,5.615988,5.615988,21.0,21.0,0,0,pending,,,,
R00641,G0294,floorNav,输血科|||S4|||fromElevator,4楼,/assets/floor-maps/4F.jpg,all-route-cards/route-0294.jpg,all-route-sheets/sheet-019.jpg,6,true,57,9,2,2,21.257187,21.257187,20.394,20.394,0,0,pending,,,,
R00642,G0294,floorNav,输血科|||S4|||toElevator,4楼,/assets/floor-maps/4F.jpg,all-route-cards/route-0294.jpg,all-route-sheets/sheet-019.jpg,6,true,57,9,2,2,21.257187,21.257187,20.394,20.394,0,0,pending,,,,
R00643,G0295,floorNav,输血科|||S5|||fromElevator,4楼,/assets/floor-maps/4F.jpg,all-route-cards/route-0295.jpg,all-route-sheets/sheet-019.jpg,7,true,39,9,2,2,22.155535,22.155535,20.394,20.394,0,0,pending,,,,
R00644,G0295,floorNav,输血科|||S5|||toElevator,4楼,/assets/floor-maps/4F.jpg,all-route-cards/route-0295.jpg,all-route-sheets/sheet-019.jpg,7,true,39,9,2,2,22.155535,22.155535,20.394,20.394,0,0,pending,,,,
R00645,G0296,floorNav,输血科|||S6|||fromElevator,4楼,/assets/floor-maps/4F.jpg,all-route-cards/route-0296.jpg,all-route-sheets/sheet-019.jpg,8,true,31,12,2,2,55.482489,55.482489,20.375,20.375,0,0,pending,,,,
R00646,G0296,floorNav,输血科|||S6|||toElevator,4楼,/assets/floor-maps/4F.jpg,all-route-cards/route-0296.jpg,all-route-sheets/sheet-019.jpg,8,true,31,12,2,2,55.482489,55.482489,20.375,20.375,0,0,pending,,,,
R00647,G0297,floorNav,输血科|||S7|||fromElevator,4楼,/assets/floor-maps/4F.jpg,all-route-cards/route-0297.jpg,all-route-sheets/sheet-019.jpg,9,true,29,18,5,5,78.701835,78.701835,20.375,20.375,0,0,pending,,,,
R00648,G0297,floorNav,输血科|||S7|||toElevator,4楼,/assets/floor-maps/4F.jpg,all-route-cards/route-0297.jpg,all-route-sheets/sheet-019.jpg,9,true,29,18,5,5,78.701835,78.701835,20.375,20.375,0,0,pending,,,,
R00649,G0284,floorNav,重症医学科|||S1|||fromElevator,4楼,/assets/floor-maps/4F.jpg,all-route-cards/route-0284.jpg,all-route-sheets/sheet-018.jpg,12,false,2,2,0,0,3.07352,3.07352,21.0,21.0,0,0,pending,,,,
R00650,G0284,floorNav,重症医学科|||S1|||toElevator,4楼,/assets/floor-maps/4F.jpg,all-route-cards/route-0284.jpg,all-route-sheets/sheet-018.jpg,12,false,2,2,0,0,3.07352,3.07352,21.0,21.0,0,0,pending,,,,
R00651,G0285,floorNav,重症医学科|||S2|||fromElevator,4楼,/assets/floor-maps/4F.jpg,all-route-cards/route-0285.jpg,all-route-sheets/sheet-018.jpg,13,false,5,5,0,0,16.995347,16.995347,20.397,20.397,0,0,pending,,,,
R00652,G0285,floorNav,重症医学科|||S2|||toElevator,4楼,/assets/floor-maps/4F.jpg,all-route-cards/route-0285.jpg,all-route-sheets/sheet-018.jpg,13,false,5,5,0,0,16.995347,16.995347,20.397,20.397,0,0,pending,,,,
R00653,G0286,floorNav,重症医学科|||S3|||fromElevator,4楼,/assets/floor-maps/4F.jpg,all-route-cards/route-0286.jpg,all-route-sheets/sheet-018.jpg,14,false,6,6,1,1,16.03859,16.03859,20.397,20.397,0,0,pending,,,,
R00654,G0286,floorNav,重症医学科|||S3|||toElevator,4楼,/assets/floor-maps/4F.jpg,all-route-cards/route-0286.jpg,all-route-sheets/sheet-018.jpg,14,false,6,6,1,1,16.03859,16.03859,20.397,20.397,0,0,pending,,,,
R00655,G0287,floorNav,重症医学科|||S4|||fromElevator,4楼,/assets/floor-maps/4F.jpg,all-route-cards/route-0287.jpg,all-route-sheets/sheet-018.jpg,15,true,49,7,2,2,36.076611,36.076611,20.984,20.984,0,0,pending,,,,
R00656,G0287,floorNav,重症医学科|||S4|||toElevator,4楼,/assets/floor-maps/4F.jpg,all-route-cards/route-0287.jpg,all-route-sheets/sheet-018.jpg,15,true,49,7,2,2,36.076611,36.076611,20.984,20.984,0,0,pending,,,,
R00657,G0288,floorNav,重症医学科|||S5|||fromElevator,4楼,/assets/floor-maps/4F.jpg,all-route-cards/route-0288.jpg,all-route-sheets/sheet-018.jpg,16,true,26,7,2,2,36.974959,36.974959,20.772,20.772,0,0,pending,,,,
R00658,G0288,floorNav,重症医学科|||S5|||toElevator,4楼,/assets/floor-maps/4F.jpg,all-route-cards/route-0288.jpg,all-route-sheets/sheet-018.jpg,16,true,26,7,2,2,36.974959,36.974959,20.772,20.772,0,0,pending,,,,
R00659,G0289,floorNav,重症医学科|||S6|||fromElevator,4楼,/assets/floor-maps/4F.jpg,all-route-cards/route-0289.jpg,all-route-sheets/sheet-019.jpg,1,true,26,12,1,1,70.008167,70.008167,20.375,20.375,0,1,pending,,,,
R00660,G0289,floorNav,重症医学科|||S6|||toElevator,4楼,/assets/floor-maps/4F.jpg,all-route-cards/route-0289.jpg,all-route-sheets/sheet-019.jpg,1,true,26,12,1,1,70.008167,70.008167,20.375,20.375,0,1,pending,,,,
R00661,G0290,floorNav,重症医学科|||S7|||fromElevator,4楼,/assets/floor-maps/4F.jpg,all-route-cards/route-0290.jpg,all-route-sheets/sheet-019.jpg,2,true,27,20,3,3,93.20682,93.20682,20.575,20.575,0,1,pending,,,,
R00662,G0290,floorNav,重症医学科|||S7|||toElevator,4楼,/assets/floor-maps/4F.jpg,all-route-cards/route-0290.jpg,all-route-sheets/sheet-019.jpg,2,true,27,20,3,3,93.20682,93.20682,20.575,20.575,0,1,pending,,,,
R00663,G0298,sameFloor,病理科|||输血科,4楼,/assets/floor-maps/4F.jpg,all-route-cards/route-0298.jpg,all-route-sheets/sheet-019.jpg,10,false,2,2,0,0,14.840254,14.840254,21.0,21.0,0,0,pending,,,,
R00664,G0299,sameFloor,病理科|||重症医学科,4楼,/assets/floor-maps/4F.jpg,all-route-cards/route-0299.jpg,all-route-sheets/sheet-019.jpg,11,false,1,1,0,0,0.0,0.0,0.0,0.0,0,0,pending,,,,
R00665,G0298,sameFloor,输血科|||病理科,4楼,/assets/floor-maps/4F.jpg,all-route-cards/route-0298.jpg,all-route-sheets/sheet-019.jpg,10,false,2,2,0,0,14.840254,14.840254,21.0,21.0,0,0,pending,,,,
R00666,G0298,sameFloor,输血科|||重症医学科,4楼,/assets/floor-maps/4F.jpg,all-route-cards/route-0298.jpg,all-route-sheets/sheet-019.jpg,10,false,2,2,0,0,14.840254,14.840254,21.0,21.0,0,0,pending,,,,
R00667,G0299,sameFloor,重症医学科|||病理科,4楼,/assets/floor-maps/4F.jpg,all-route-cards/route-0299.jpg,all-route-sheets/sheet-019.jpg,11,false,1,1,0,0,0.0,0.0,0.0,0.0,0,0,pending,,,,
R00668,G0298,sameFloor,重症医学科|||输血科,4楼,/assets/floor-maps/4F.jpg,all-route-cards/route-0298.jpg,all-route-sheets/sheet-019.jpg,10,false,2,2,0,0,14.840254,14.840254,21.0,21.0,0,0,pending,,,,
R00669,G0300,floorNav,静脉用药调配中心|||S1|||fromElevator,5楼,/assets/floor-maps/5F.jpg,all-route-cards/route-0300.jpg,all-route-sheets/sheet-019.jpg,12,false,4,4,0,0,11.956211,11.956211,21.0,21.0,0,1,pending,,,,
R00670,G0300,floorNav,静脉用药调配中心|||S1|||toElevator,5楼,/assets/floor-maps/5F.jpg,all-route-cards/route-0300.jpg,all-route-sheets/sheet-019.jpg,12,false,4,4,0,0,11.956211,11.956211,21.0,21.0,0,1,pending,,,,
R00671,G0301,floorNav,静脉用药调配中心|||S2|||fromElevator,5楼,/assets/floor-maps/5F.jpg,all-route-cards/route-0301.jpg,all-route-sheets/sheet-019.jpg,13,true,21,6,1,1,38.72178,38.72178,20.397,20.397,0,0,pending,,,,
R00672,G0301,floorNav,静脉用药调配中心|||S2|||toElevator,5楼,/assets/floor-maps/5F.jpg,all-route-cards/route-0301.jpg,all-route-sheets/sheet-019.jpg,13,true,21,6,1,1,38.72178,38.72178,20.397,20.397,0,0,pending,,,,
R00673,G0302,floorNav,静脉用药调配中心|||S3|||fromElevator,5楼,/assets/floor-maps/5F.jpg,all-route-cards/route-0302.jpg,all-route-sheets/sheet-019.jpg,14,true,17,8,2,2,36.328954,36.328954,20.984,20.984,0,0,pending,,,,
R00674,G0302,floorNav,静脉用药调配中心|||S3|||toElevator,5楼,/assets/floor-maps/5F.jpg,all-route-cards/route-0302.jpg,all-route-sheets/sheet-019.jpg,14,true,17,8,2,2,36.328954,36.328954,20.984,20.984,0,0,pending,,,,
R00675,G0303,floorNav,儿科病房|||S1|||fromElevator,6楼,/assets/floor-maps/6F.jpg,all-route-cards/route-0303.jpg,all-route-sheets/sheet-019.jpg,15,false,9,9,0,0,35.232327,35.232327,21.0,21.0,0,1,pending,,,,
R00676,G0303,floorNav,儿科病房|||S1|||toElevator,6楼,/assets/floor-maps/6F.jpg,all-route-cards/route-0303.jpg,all-route-sheets/sheet-019.jpg,15,false,9,9,0,0,35.232327,35.232327,21.0,21.0,0,1,pending,,,,
R00677,G0304,floorNav,儿科病房|||S2|||fromElevator,6楼,/assets/floor-maps/6F.jpg,all-route-cards/route-0304.jpg,all-route-sheets/sheet-019.jpg,16,false,2,2,0,0,2.296837,2.296837,21.0,21.0,0,0,pending,,,,
R00678,G0304,floorNav,儿科病房|||S2|||toElevator,6楼,/assets/floor-maps/6F.jpg,all-route-cards/route-0304.jpg,all-route-sheets/sheet-019.jpg,16,false,2,2,0,0,2.296837,2.296837,21.0,21.0,0,0,pending,,,,
R00679,G0305,floorNav,儿科病房|||S3|||fromElevator,6楼,/assets/floor-maps/6F.jpg,all-route-cards/route-0305.jpg,all-route-sheets/sheet-020.jpg,1,false,4,4,0,0,2.781646,2.781646,20.378,20.378,0,0,pending,,,,
R00680,G0305,floorNav,儿科病房|||S3|||toElevator,6楼,/assets/floor-maps/6F.jpg,all-route-cards/route-0305.jpg,all-route-sheets/sheet-020.jpg,1,false,4,4,0,0,2.781646,2.781646,20.378,20.378,0,0,pending,,,,
R00681,G0306,floorNav,产房|||S1|||fromElevator,7楼,/assets/floor-maps/7F.jpg,all-route-cards/route-0306.jpg,all-route-sheets/sheet-020.jpg,2,true,11,7,1,1,29.079457,29.079457,20.394,20.394,0,0,pending,,,,
R00682,G0306,floorNav,产房|||S1|||toElevator,7楼,/assets/floor-maps/7F.jpg,all-route-cards/route-0306.jpg,all-route-sheets/sheet-020.jpg,2,true,11,7,1,1,29.079457,29.079457,20.394,20.394,0,0,pending,,,,
R00683,G0307,floorNav,产房|||S2|||fromElevator,7楼,/assets/floor-maps/7F.jpg,all-route-cards/route-0307.jpg,all-route-sheets/sheet-020.jpg,3,false,2,2,0,0,1.93154,1.93154,21.0,21.0,0,0,pending,,,,
R00684,G0307,floorNav,产房|||S2|||toElevator,7楼,/assets/floor-maps/7F.jpg,all-route-cards/route-0307.jpg,all-route-sheets/sheet-020.jpg,3,false,2,2,0,0,1.93154,1.93154,21.0,21.0,0,0,pending,,,,
R00685,G0308,floorNav,产房|||S3|||fromElevator,7楼,/assets/floor-maps/7F.jpg,all-route-cards/route-0308.jpg,all-route-sheets/sheet-020.jpg,4,false,2,2,0,0,3.399349,3.399349,21.0,21.0,0,0,pending,,,,
R00686,G0308,floorNav,产房|||S3|||toElevator,7楼,/assets/floor-maps/7F.jpg,all-route-cards/route-0308.jpg,all-route-sheets/sheet-020.jpg,4,false,2,2,0,0,3.399349,3.399349,21.0,21.0,0,0,pending,,,,
R00687,G0306,floorNav,妇产科病房|||S1|||fromElevator,7楼,/assets/floor-maps/7F.jpg,all-route-cards/route-0306.jpg,all-route-sheets/sheet-020.jpg,2,true,11,7,1,1,29.079457,29.079457,20.394,20.394,0,0,pending,,,,
R00688,G0306,floorNav,妇产科病房|||S1|||toElevator,7楼,/assets/floor-maps/7F.jpg,all-route-cards/route-0306.jpg,all-route-sheets/sheet-020.jpg,2,true,11,7,1,1,29.079457,29.079457,20.394,20.394,0,0,pending,,,,
R00689,G0307,floorNav,妇产科病房|||S2|||fromElevator,7楼,/assets/floor-maps/7F.jpg,all-route-cards/route-0307.jpg,all-route-sheets/sheet-020.jpg,3,false,2,2,0,0,1.93154,1.93154,21.0,21.0,0,0,pending,,,,
R00690,G0307,floorNav,妇产科病房|||S2|||toElevator,7楼,/assets/floor-maps/7F.jpg,all-route-cards/route-0307.jpg,all-route-sheets/sheet-020.jpg,3,false,2,2,0,0,1.93154,1.93154,21.0,21.0,0,0,pending,,,,
R00691,G0308,floorNav,妇产科病房|||S3|||fromElevator,7楼,/assets/floor-maps/7F.jpg,all-route-cards/route-0308.jpg,all-route-sheets/sheet-020.jpg,4,false,2,2,0,0,3.399349,3.399349,21.0,21.0,0,0,pending,,,,
R00692,G0308,floorNav,妇产科病房|||S3|||toElevator,7楼,/assets/floor-maps/7F.jpg,all-route-cards/route-0308.jpg,all-route-sheets/sheet-020.jpg,4,false,2,2,0,0,3.399349,3.399349,21.0,21.0,0,0,pending,,,,
R00693,G0309,sameFloor,产房|||妇产科病房,7楼,/assets/floor-maps/7F.jpg,all-route-cards/route-0309.jpg,all-route-sheets/sheet-020.jpg,5,false,1,1,0,0,0.0,0.0,0.0,0.0,0,0,pending,,,,
R00694,G0309,sameFloor,妇产科病房|||产房,7楼,/assets/floor-maps/7F.jpg,all-route-cards/route-0309.jpg,all-route-sheets/sheet-020.jpg,5,false,1,1,0,0,0.0,0.0,0.0,0.0,0,0,pending,,,,
R00695,G0310,floorNav,外一科病房|||S1|||fromElevator,8楼,/assets/floor-maps/8F.jpg,all-route-cards/route-0310.jpg,all-route-sheets/sheet-020.jpg,6,false,3,3,0,0,28.783927,28.783927,20.197,20.197,0,0,pending,,,,
R00696,G0310,floorNav,外一科病房|||S1|||toElevator,8楼,/assets/floor-maps/8F.jpg,all-route-cards/route-0310.jpg,all-route-sheets/sheet-020.jpg,6,false,3,3,0,0,28.783927,28.783927,20.197,20.197,0,0,pending,,,,
R00697,G0311,floorNav,外一科病房|||S2|||fromElevator,8楼,/assets/floor-maps/8F.jpg,all-route-cards/route-0311.jpg,all-route-sheets/sheet-020.jpg,7,false,2,2,0,0,9.190966,9.190966,21.0,21.0,0,0,pending,,,,
R00698,G0311,floorNav,外一科病房|||S2|||toElevator,8楼,/assets/floor-maps/8F.jpg,all-route-cards/route-0311.jpg,all-route-sheets/sheet-020.jpg,7,false,2,2,0,0,9.190966,9.190966,21.0,21.0,0,0,pending,,,,
R00699,G0312,floorNav,外一科病房|||S3|||fromElevator,8楼,/assets/floor-maps/8F.jpg,all-route-cards/route-0312.jpg,all-route-sheets/sheet-020.jpg,8,false,2,2,0,0,9.454864,9.454864,21.0,21.0,0,0,pending,,,,
R00700,G0312,floorNav,外一科病房|||S3|||toElevator,8楼,/assets/floor-maps/8F.jpg,all-route-cards/route-0312.jpg,all-route-sheets/sheet-020.jpg,8,false,2,2,0,0,9.454864,9.454864,21.0,21.0,0,0,pending,,,,
R00701,G0313,floorNav,外二科病房|||S1|||fromElevator,9楼,/assets/floor-maps/9F.jpg,all-route-cards/route-0313.jpg,all-route-sheets/sheet-020.jpg,9,false,4,4,0,0,28.564943,28.564943,20.197,20.197,0,0,pending,,,,
R00702,G0313,floorNav,外二科病房|||S1|||toElevator,9楼,/assets/floor-maps/9F.jpg,all-route-cards/route-0313.jpg,all-route-sheets/sheet-020.jpg,9,false,4,4,0,0,28.564943,28.564943,20.197,20.197,0,0,pending,,,,
R00703,G0314,floorNav,外二科病房|||S2|||fromElevator,9楼,/assets/floor-maps/9F.jpg,all-route-cards/route-0314.jpg,all-route-sheets/sheet-020.jpg,10,false,2,2,0,0,9.349549,9.349549,21.0,21.0,0,0,pending,,,,
R00704,G0314,floorNav,外二科病房|||S2|||toElevator,9楼,/assets/floor-maps/9F.jpg,all-route-cards/route-0314.jpg,all-route-sheets/sheet-020.jpg,10,false,2,2,0,0,9.349549,9.349549,21.0,21.0,0,0,pending,,,,
R00705,G0315,floorNav,外二科病房|||S3|||fromElevator,9楼,/assets/floor-maps/9F.jpg,all-route-cards/route-0315.jpg,all-route-sheets/sheet-020.jpg,11,false,2,2,0,0,9.393075,9.393075,21.0,21.0,0,0,pending,,,,
R00706,G0315,floorNav,外二科病房|||S3|||toElevator,9楼,/assets/floor-maps/9F.jpg,all-route-cards/route-0315.jpg,all-route-sheets/sheet-020.jpg,11,false,2,2,0,0,9.393075,9.393075,21.0,21.0,0,0,pending,,,,
R00707,G0316,floorNav,骨一科病房|||S1|||fromElevator,10楼,/assets/floor-maps/10F.jpg,all-route-cards/route-0316.jpg,all-route-sheets/sheet-020.jpg,12,false,4,4,0,0,28.564943,28.564943,20.197,20.197,0,0,pending,,,,
R00708,G0316,floorNav,骨一科病房|||S1|||toElevator,10楼,/assets/floor-maps/10F.jpg,all-route-cards/route-0316.jpg,all-route-sheets/sheet-020.jpg,12,false,4,4,0,0,28.564943,28.564943,20.197,20.197,0,0,pending,,,,
R00709,G0317,floorNav,骨一科病房|||S2|||fromElevator,10楼,/assets/floor-maps/10F.jpg,all-route-cards/route-0317.jpg,all-route-sheets/sheet-020.jpg,13,false,2,2,0,0,9.349549,9.349549,21.0,21.0,0,0,pending,,,,
R00710,G0317,floorNav,骨一科病房|||S2|||toElevator,10楼,/assets/floor-maps/10F.jpg,all-route-cards/route-0317.jpg,all-route-sheets/sheet-020.jpg,13,false,2,2,0,0,9.349549,9.349549,21.0,21.0,0,0,pending,,,,
R00711,G0318,floorNav,骨一科病房|||S3|||fromElevator,10楼,/assets/floor-maps/10F.jpg,all-route-cards/route-0318.jpg,all-route-sheets/sheet-020.jpg,14,false,2,2,0,0,9.393075,9.393075,21.0,21.0,0,0,pending,,,,
R00712,G0318,floorNav,骨一科病房|||S3|||toElevator,10楼,/assets/floor-maps/10F.jpg,all-route-cards/route-0318.jpg,all-route-sheets/sheet-020.jpg,14,false,2,2,0,0,9.393075,9.393075,21.0,21.0,0,0,pending,,,,
R00713,G0319,floorNav,骨二科病房|||S1|||fromElevator,11楼,/assets/floor-maps/11F.jpg,all-route-cards/route-0319.jpg,all-route-sheets/sheet-020.jpg,15,false,3,3,0,0,28.5687,28.5687,20.591,20.591,0,0,pending,,,,
R00714,G0319,floorNav,骨二科病房|||S1|||toElevator,11楼,/assets/floor-maps/11F.jpg,all-route-cards/route-0319.jpg,all-route-sheets/sheet-020.jpg,15,false,3,3,0,0,28.5687,28.5687,20.591,20.591,0,0,pending,,,,
R00715,G0320,floorNav,骨二科病房|||S2|||fromElevator,11楼,/assets/floor-maps/11F.jpg,all-route-cards/route-0320.jpg,all-route-sheets/sheet-020.jpg,16,false,2,2,0,0,9.349549,9.349549,21.0,21.0,0,0,pending,,,,
R00716,G0320,floorNav,骨二科病房|||S2|||toElevator,11楼,/assets/floor-maps/11F.jpg,all-route-cards/route-0320.jpg,all-route-sheets/sheet-020.jpg,16,false,2,2,0,0,9.349549,9.349549,21.0,21.0,0,0,pending,,,,
R00717,G0321,floorNav,骨二科病房|||S3|||fromElevator,11楼,/assets/floor-maps/11F.jpg,all-route-cards/route-0321.jpg,all-route-sheets/sheet-021.jpg,1,false,2,2,0,0,9.393075,9.393075,21.0,21.0,0,0,pending,,,,
R00718,G0321,floorNav,骨二科病房|||S3|||toElevator,11楼,/assets/floor-maps/11F.jpg,all-route-cards/route-0321.jpg,all-route-sheets/sheet-021.jpg,1,false,2,2,0,0,9.393075,9.393075,21.0,21.0,0,0,pending,,,,
R00719,G0322,floorNav,内一科病房|||S1|||fromElevator,12楼,/assets/floor-maps/12F.jpg,all-route-cards/route-0322.jpg,all-route-sheets/sheet-021.jpg,2,false,3,3,0,0,28.5687,28.5687,20.591,20.591,0,0,pending,,,,
R00720,G0322,floorNav,内一科病房|||S1|||toElevator,12楼,/assets/floor-maps/12F.jpg,all-route-cards/route-0322.jpg,all-route-sheets/sheet-021.jpg,2,false,3,3,0,0,28.5687,28.5687,20.591,20.591,0,0,pending,,,,
R00721,G0323,floorNav,内一科病房|||S2|||fromElevator,12楼,/assets/floor-maps/12F.jpg,all-route-cards/route-0323.jpg,all-route-sheets/sheet-021.jpg,3,false,2,2,0,0,9.349549,9.349549,21.0,21.0,0,0,pending,,,,
R00722,G0323,floorNav,内一科病房|||S2|||toElevator,12楼,/assets/floor-maps/12F.jpg,all-route-cards/route-0323.jpg,all-route-sheets/sheet-021.jpg,3,false,2,2,0,0,9.349549,9.349549,21.0,21.0,0,0,pending,,,,
R00723,G0324,floorNav,内一科病房|||S3|||fromElevator,12楼,/assets/floor-maps/12F.jpg,all-route-cards/route-0324.jpg,all-route-sheets/sheet-021.jpg,4,false,2,2,0,0,9.393075,9.393075,21.0,21.0,0,0,pending,,,,
R00724,G0324,floorNav,内一科病房|||S3|||toElevator,12楼,/assets/floor-maps/12F.jpg,all-route-cards/route-0324.jpg,all-route-sheets/sheet-021.jpg,4,false,2,2,0,0,9.393075,9.393075,21.0,21.0,0,0,pending,,,,
R00725,G0325,floorNav,内二科病房|||S1|||fromElevator,13楼,/assets/floor-maps/13F.jpg,all-route-cards/route-0325.jpg,all-route-sheets/sheet-021.jpg,5,false,3,3,0,0,28.5687,28.5687,20.591,20.591,0,0,pending,,,,
R00726,G0325,floorNav,内二科病房|||S1|||toElevator,13楼,/assets/floor-maps/13F.jpg,all-route-cards/route-0325.jpg,all-route-sheets/sheet-021.jpg,5,false,3,3,0,0,28.5687,28.5687,20.591,20.591,0,0,pending,,,,
R00727,G0326,floorNav,内二科病房|||S2|||fromElevator,13楼,/assets/floor-maps/13F.jpg,all-route-cards/route-0326.jpg,all-route-sheets/sheet-021.jpg,6,false,2,2,0,0,9.349549,9.349549,21.0,21.0,0,0,pending,,,,
R00728,G0326,floorNav,内二科病房|||S2|||toElevator,13楼,/assets/floor-maps/13F.jpg,all-route-cards/route-0326.jpg,all-route-sheets/sheet-021.jpg,6,false,2,2,0,0,9.349549,9.349549,21.0,21.0,0,0,pending,,,,
R00729,G0327,floorNav,内二科病房|||S3|||fromElevator,13楼,/assets/floor-maps/13F.jpg,all-route-cards/route-0327.jpg,all-route-sheets/sheet-021.jpg,7,false,2,2,0,0,9.393075,9.393075,21.0,21.0,0,0,pending,,,,
R00730,G0327,floorNav,内二科病房|||S3|||toElevator,13楼,/assets/floor-maps/13F.jpg,all-route-cards/route-0327.jpg,all-route-sheets/sheet-021.jpg,7,false,2,2,0,0,9.393075,9.393075,21.0,21.0,0,0,pending,,,,
