{
  "schemaVersion": 2,
  "mode": "existing-route-scaled-runtime-map-clearance-preserving-merge",
  "routeFiles": {
    "sameFloorPaths.js": {
      "routeCount": 260,
      "uniqueGeometryCount": 115,
      "changedRouteCount": 100,
      "changedUniqueGeometryCount": 40,
      "runtimeMapReproducedGeometryCount": 9,
      "runtimeMapInconclusiveGeometryCount": 100,
      "scaledMapSimplifiedGeometryCount": 1,
      "collinearOnlySimplifiedGeometryCount": 40,
      "pointsBefore": 3140,
      "pointsAfter": 1892,
      "turnsBefore": 268,
      "turnsAfter": 268,
      "endpointRegressionCount": 0,
      "lengthRegressionCount": 0,
      "turnRegressionCount": 1,
      "runtimeClearanceRegressionCount": 0,
      "rejectedRegressionGeometryCount": 1,
      "geometryAudits": [
        {
          "floor": "1楼",
          "representativeKey": "放射科|||消控室",
          "routeCount": 2,
          "pointsBefore": 20,
          "pointsAfter": 12,
          "turnsBefore": 0,
          "turnsAfter": 0,
          "runtimeMapReproduced": false,
          "baselineRuntimeClearancePx": null,
          "candidateRuntimeClearancePx": null,
          "mode": "collinear-only"
        },
        {
          "floor": "1楼",
          "representativeKey": "中药房|||消控室",
          "routeCount": 4,
          "pointsBefore": 12,
          "pointsAfter": 11,
          "turnsBefore": 1,
          "turnsAfter": 1,
          "runtimeMapReproduced": false,
          "baselineRuntimeClearancePx": null,
          "candidateRuntimeClearancePx": null,
          "mode": "collinear-only"
        },
        {
          "floor": "1楼",
          "representativeKey": "挂号缴费|||消控室",
          "routeCount": 2,
          "pointsBefore": 15,
          "pointsAfter": 14,
          "turnsBefore": 1,
          "turnsAfter": 1,
          "runtimeMapReproduced": false,
          "baselineRuntimeClearancePx": null,
          "candidateRuntimeClearancePx": null,
          "mode": "collinear-only"
        },
        {
          "floor": "1楼",
          "representativeKey": "儿科门诊|||消控室",
          "routeCount": 2,
          "pointsBefore": 28,
          "pointsAfter": 16,
          "turnsBefore": 3,
          "turnsAfter": 3,
          "runtimeMapReproduced": false,
          "baselineRuntimeClearancePx": null,
          "candidateRuntimeClearancePx": null,
          "mode": "collinear-only"
        },
        {
          "floor": "1楼",
          "representativeKey": "消控室|||输液室",
          "routeCount": 2,
          "pointsBefore": 10,
          "pointsAfter": 9,
          "turnsBefore": 0,
          "turnsAfter": 0,
          "runtimeMapReproduced": false,
          "baselineRuntimeClearancePx": null,
          "candidateRuntimeClearancePx": null,
          "mode": "collinear-only"
        },
        {
          "floor": "1楼",
          "representativeKey": "消控室|||大伤门诊",
          "routeCount": 2,
          "pointsBefore": 6,
          "pointsAfter": 6,
          "turnsBefore": 2,
          "turnsAfter": 2,
          "runtimeMapReproduced": false,
          "baselineRuntimeClearancePx": null,
          "candidateRuntimeClearancePx": null,
          "mode": "collinear-only"
        },
        {
          "floor": "1楼",
          "representativeKey": "消控室|||急诊科",
          "routeCount": 2,
          "pointsBefore": 18,
          "pointsAfter": 7,
          "turnsBefore": 2,
          "turnsAfter": 2,
          "runtimeMapReproduced": false,
          "baselineRuntimeClearancePx": null,
          "candidateRuntimeClearancePx": null,
          "mode": "collinear-only"
        },
        {
          "floor": "1楼",
          "representativeKey": "儿科门诊|||放射科",
          "routeCount": 2,
          "pointsBefore": 22,
          "pointsAfter": 10,
          "turnsBefore": 5,
          "turnsAfter": 5,
          "runtimeMapReproduced": false,
          "baselineRuntimeClearancePx": null,
          "candidateRuntimeClearancePx": null,
          "mode": "collinear-only"
        },
        {
          "floor": "1楼",
          "representativeKey": "挂号缴费|||放射科",
          "routeCount": 2,
          "pointsBefore": 8,
          "pointsAfter": 8,
          "turnsBefore": 3,
          "turnsAfter": 3,
          "runtimeMapReproduced": false,
          "baselineRuntimeClearancePx": null,
          "candidateRuntimeClearancePx": null,
          "mode": "collinear-only"
        },
        {
          "floor": "1楼",
          "representativeKey": "中药房|||放射科",
          "routeCount": 4,
          "pointsBefore": 5,
          "pointsAfter": 5,
          "turnsBefore": 3,
          "turnsAfter": 3,
          "runtimeMapReproduced": false,
          "baselineRuntimeClearancePx": null,
          "candidateRuntimeClearancePx": null,
          "mode": "collinear-only"
        },
        {
          "floor": "1楼",
          "representativeKey": "放射科|||急诊科",
          "routeCount": 2,
          "pointsBefore": 7,
          "pointsAfter": 7,
          "turnsBefore": 3,
          "turnsAfter": 3,
          "runtimeMapReproduced": false,
          "baselineRuntimeClearancePx": null,
          "candidateRuntimeClearancePx": null,
          "mode": "collinear-only"
        },
        {
          "floor": "1楼",
          "representativeKey": "放射科|||大伤门诊",
          "routeCount": 2,
          "pointsBefore": 7,
          "pointsAfter": 7,
          "turnsBefore": 3,
          "turnsAfter": 3,
          "runtimeMapReproduced": false,
          "baselineRuntimeClearancePx": null,
          "candidateRuntimeClearancePx": null,
          "mode": "collinear-only"
        },
        {
          "floor": "1楼",
          "representativeKey": "放射科|||输液室",
          "routeCount": 2,
          "pointsBefore": 4,
          "pointsAfter": 4,
          "turnsBefore": 1,
          "turnsAfter": 1,
          "runtimeMapReproduced": false,
          "baselineRuntimeClearancePx": null,
          "candidateRuntimeClearancePx": null,
          "mode": "collinear-only"
        },
        {
          "floor": "1楼",
          "representativeKey": "中药房|||急诊科",
          "routeCount": 4,
          "pointsBefore": 4,
          "pointsAfter": 4,
          "turnsBefore": 1,
          "turnsAfter": 1,
          "runtimeMapReproduced": false,
          "baselineRuntimeClearancePx": null,
          "candidateRuntimeClearancePx": null,
          "mode": "collinear-only"
        },
        {
          "floor": "1楼",
          "representativeKey": "儿科门诊|||中药房",
          "routeCount": 4,
          "pointsBefore": 25,
          "pointsAfter": 8,
          "turnsBefore": 1,
          "turnsAfter": 1,
          "runtimeMapReproduced": false,
          "baselineRuntimeClearancePx": null,
          "candidateRuntimeClearancePx": null,
          "mode": "collinear-only"
        },
        {
          "floor": "1楼",
          "representativeKey": "挂号缴费|||中药房",
          "routeCount": 4,
          "pointsBefore": 42,
          "pointsAfter": 7,
          "turnsBefore": 0,
          "turnsAfter": 0,
          "runtimeMapReproduced": false,
          "baselineRuntimeClearancePx": null,
          "candidateRuntimeClearancePx": null,
          "mode": "collinear-only"
        },
        {
          "floor": "1楼",
          "representativeKey": "中药房|||输液室",
          "routeCount": 4,
          "pointsBefore": 5,
          "pointsAfter": 5,
          "turnsBefore": 0,
          "turnsAfter": 0,
          "runtimeMapReproduced": false,
          "baselineRuntimeClearancePx": null,
          "candidateRuntimeClearancePx": null,
          "mode": "collinear-only"
        },
        {
          "floor": "1楼",
          "representativeKey": "中药房|||大伤门诊",
          "routeCount": 4,
          "pointsBefore": 10,
          "pointsAfter": 9,
          "turnsBefore": 1,
          "turnsAfter": 1,
          "runtimeMapReproduced": false,
          "baselineRuntimeClearancePx": null,
          "candidateRuntimeClearancePx": null,
          "mode": "collinear-only"
        },
        {
          "floor": "1楼",
          "representativeKey": "中药房|||西药房",
          "routeCount": 2,
          "pointsBefore": 1,
          "pointsAfter": 1,
          "turnsBefore": 0,
          "turnsAfter": 0,
          "mode": "co-located",
          "runtimeMapReproduced": false,
          "baselineRuntimeClearancePx": null,
          "candidateRuntimeClearancePx": null
        },
        {
          "floor": "1楼",
          "representativeKey": "急诊科|||输液室",
          "routeCount": 2,
          "pointsBefore": 29,
          "pointsAfter": 7,
          "turnsBefore": 2,
          "turnsAfter": 2,
          "runtimeMapReproduced": false,
          "baselineRuntimeClearancePx": null,
          "candidateRuntimeClearancePx": null,
          "mode": "collinear-only"
        },
        {
          "floor": "1楼",
          "representativeKey": "挂号缴费|||急诊科",
          "routeCount": 2,
          "pointsBefore": 20,
          "pointsAfter": 8,
          "turnsBefore": 2,
          "turnsAfter": 2,
          "runtimeMapReproduced": false,
          "baselineRuntimeClearancePx": null,
          "candidateRuntimeClearancePx": null,
          "mode": "collinear-only"
        },
        {
          "floor": "1楼",
          "representativeKey": "儿科门诊|||急诊科",
          "routeCount": 2,
          "pointsBefore": 4,
          "pointsAfter": 4,
          "turnsBefore": 1,
          "turnsAfter": 1,
          "runtimeMapReproduced": false,
          "baselineRuntimeClearancePx": null,
          "candidateRuntimeClearancePx": null,
          "mode": "collinear-only"
        },
        {
          "floor": "1楼",
          "representativeKey": "急诊科|||大伤门诊",
          "routeCount": 2,
          "pointsBefore": 2,
          "pointsAfter": 2,
          "turnsBefore": 0,
          "turnsAfter": 0,
          "runtimeMapReproduced": true,
          "baselineRuntimeClearancePx": 4.0,
          "candidateRuntimeClearancePx": 4.0,
          "mode": "scaled-runtime-map-clearance-preserving"
        },
        {
          "floor": "1楼",
          "representativeKey": "儿科门诊|||挂号缴费",
          "routeCount": 2,
          "pointsBefore": 28,
          "pointsAfter": 4,
          "turnsBefore": 1,
          "turnsAfter": 1,
          "runtimeMapReproduced": false,
          "baselineRuntimeClearancePx": null,
          "candidateRuntimeClearancePx": null,
          "mode": "collinear-only"
        },
        {
          "floor": "1楼",
          "representativeKey": "挂号缴费|||输液室",
          "routeCount": 2,
          "pointsBefore": 2,
          "pointsAfter": 2,
          "turnsBefore": 0,
          "turnsAfter": 0,
          "runtimeMapReproduced": true,
          "baselineRuntimeClearancePx": 4.0,
          "candidateRuntimeClearancePx": 4.0,
          "mode": "scaled-runtime-map-clearance-preserving"
        },
        {
          "floor": "1楼",
          "representativeKey": "挂号缴费|||大伤门诊",
          "routeCount": 2,
          "pointsBefore": 5,
          "pointsAfter": 5,
          "turnsBefore": 0,
          "turnsAfter": 0,
          "runtimeMapReproduced": false,
          "baselineRuntimeClearancePx": null,
          "candidateRuntimeClearancePx": null,
          "mode": "collinear-only"
        },
        {
          "floor": "1楼",
          "representativeKey": "输液室|||大伤门诊",
          "routeCount": 2,
          "pointsBefore": 6,
          "pointsAfter": 6,
          "turnsBefore": 1,
          "turnsAfter": 1,
          "runtimeMapReproduced": false,
          "baselineRuntimeClearancePx": null,
          "candidateRuntimeClearancePx": null,
          "mode": "collinear-only"
        },
        {
          "floor": "1楼",
          "representativeKey": "儿科门诊|||输液室",
          "routeCount": 2,
          "pointsBefore": 6,
          "pointsAfter": 6,
          "turnsBefore": 1,
          "turnsAfter": 1,
          "runtimeMapReproduced": false,
          "baselineRuntimeClearancePx": null,
          "candidateRuntimeClearancePx": null,
          "mode": "collinear-only"
        },
        {
          "floor": "1楼",
          "representativeKey": "儿科门诊|||大伤门诊",
          "routeCount": 2,
          "pointsBefore": 2,
          "pointsAfter": 2,
          "turnsBefore": 0,
          "turnsAfter": 0,
          "runtimeMapReproduced": false,
          "baselineRuntimeClearancePx": null,
          "candidateRuntimeClearancePx": null,
          "mode": "collinear-only"
        },
        {
          "floor": "2楼",
          "representativeKey": "中医馆|||多功能科",
          "routeCount": 2,
          "pointsBefore": 24,
          "pointsAfter": 13,
          "turnsBefore": 2,
          "turnsAfter": 2,
          "runtimeMapReproduced": false,
          "baselineRuntimeClearancePx": null,
          "candidateRuntimeClearancePx": null,
          "mode": "collinear-only"
        },
        {
          "floor": "2楼",
          "representativeKey": "超声医学科|||多功能科",
          "routeCount": 2,
          "pointsBefore": 29,
          "pointsAfter": 8,
          "turnsBefore": 1,
          "turnsAfter": 1,
          "runtimeMapReproduced": false,
          "baselineRuntimeClearancePx": null,
          "candidateRuntimeClearancePx": null,
          "mode": "collinear-only"
        },
        {
          "floor": "2楼",
          "representativeKey": "多功能科|||外科门诊",
          "routeCount": 2,
          "pointsBefore": 19,
          "pointsAfter": 9,
          "turnsBefore": 0,
          "turnsAfter": 0,
          "runtimeMapReproduced": false,
          "baselineRuntimeClearancePx": null,
          "candidateRuntimeClearancePx": null,
          "mode": "collinear-only"
        },
        {
          "floor": "2楼",
          "representativeKey": "多功能科|||伤口门诊",
          "routeCount": 2,
          "pointsBefore": 19,
          "pointsAfter": 12,
          "turnsBefore": 2,
          "turnsAfter": 2,
          "runtimeMapReproduced": false,
          "baselineRuntimeClearancePx": null,
          "candidateRuntimeClearancePx": null,
          "mode": "collinear-only"
        },
        {
          "floor": "2楼",
          "representativeKey": "多功能科|||内科门诊",
          "routeCount": 2,
          "pointsBefore": 8,
          "pointsAfter": 8,
          "turnsBefore": 1,
          "turnsAfter": 1,
          "runtimeMapReproduced": false,
          "baselineRuntimeClearancePx": null,
          "candidateRuntimeClearancePx": null,
          "mode": "collinear-only"
        },
        {
          "floor": "2楼",
          "representativeKey": "多功能科|||检验科",
          "routeCount": 2,
          "pointsBefore": 7,
          "pointsAfter": 7,
          "turnsBefore": 0,
          "turnsAfter": 0,
          "runtimeMapReproduced": false,
          "baselineRuntimeClearancePx": null,
          "candidateRuntimeClearancePx": null,
          "mode": "collinear-only"
        },
        {
          "floor": "2楼",
          "representativeKey": "多功能科|||急诊科办公区",
          "routeCount": 2,
          "pointsBefore": 8,
          "pointsAfter": 8,
          "turnsBefore": 0,
          "turnsAfter": 0,
          "runtimeMapReproduced": false,
          "baselineRuntimeClearancePx": null,
          "candidateRuntimeClearancePx": null,
          "mode": "collinear-only"
        },
        {
          "floor": "2楼",
          "representativeKey": "多功能科|||计算机机房",
          "routeCount": 2,
          "pointsBefore": 7,
          "pointsAfter": 7,
          "turnsBefore": 0,
          "turnsAfter": 0,
          "runtimeMapReproduced": false,
          "baselineRuntimeClearancePx": null,
          "candidateRuntimeClearancePx": null,
          "mode": "collinear-only"
        },
        {
          "floor": "2楼",
          "representativeKey": "妇科门诊|||多功能科",
          "routeCount": 2,
          "pointsBefore": 7,
          "pointsAfter": 7,
          "turnsBefore": 2,
          "turnsAfter": 2,
          "runtimeMapReproduced": false,
          "baselineRuntimeClearancePx": null,
          "candidateRuntimeClearancePx": null,
          "mode": "collinear-only"
        },
        {
          "floor": "2楼",
          "representativeKey": "计算机机房|||急诊科办公区",
          "routeCount": 2,
          "pointsBefore": 2,
          "pointsAfter": 2,
          "turnsBefore": 0,
          "turnsAfter": 0,
          "runtimeMapReproduced": true,
          "baselineRuntimeClearancePx": 17.0,
          "candidateRuntimeClearancePx": 17.0,
          "mode": "scaled-runtime-map-clearance-preserving"
        },
        {
          "floor": "2楼",
          "representativeKey": "妇科门诊|||急诊科办公区",
          "routeCount": 2,
          "pointsBefore": 7,
          "pointsAfter": 7,
          "turnsBefore": 1,
          "turnsAfter": 1,
          "runtimeMapReproduced": false,
          "baselineRuntimeClearancePx": null,
          "candidateRuntimeClearancePx": null,
          "mode": "collinear-only"
        },
        {
          "floor": "2楼",
          "representativeKey": "检验科|||急诊科办公区",
          "routeCount": 2,
          "pointsBefore": 2,
          "pointsAfter": 2,
          "turnsBefore": 0,
          "turnsAfter": 0,
          "runtimeMapReproduced": true,
          "baselineRuntimeClearancePx": 13.0,
          "candidateRuntimeClearancePx": 13.0,
          "mode": "scaled-runtime-map-clearance-preserving"
        },
        {
          "floor": "2楼",
          "representativeKey": "超声医学科|||急诊科办公区",
          "routeCount": 2,
          "pointsBefore": 2,
          "pointsAfter": 2,
          "turnsBefore": 0,
          "turnsAfter": 0,
          "runtimeMapReproduced": true,
          "baselineRuntimeClearancePx": 6.0,
          "candidateRuntimeClearancePx": 6.0,
          "mode": "scaled-runtime-map-clearance-preserving"
        },
        {
          "floor": "2楼",
          "representativeKey": "急诊科办公区|||内科门诊",
          "routeCount": 2,
          "pointsBefore": 27,
          "pointsAfter": 7,
          "turnsBefore": 2,
          "turnsAfter": 2,
          "runtimeMapReproduced": false,
          "baselineRuntimeClearancePx": null,
          "candidateRuntimeClearancePx": null,
          "mode": "collinear-only"
        },
        {
          "floor": "2楼",
          "representativeKey": "急诊科办公区|||伤口门诊",
          "routeCount": 2,
          "pointsBefore": 11,
          "pointsAfter": 11,
          "turnsBefore": 3,
          "turnsAfter": 3,
          "runtimeMapReproduced": false,
          "baselineRuntimeClearancePx": null,
          "candidateRuntimeClearancePx": null,
          "mode": "collinear-only"
        },
        {
          "floor": "2楼",
          "representativeKey": "急诊科办公区|||外科门诊",
          "routeCount": 2,
          "pointsBefore": 6,
          "pointsAfter": 6,
          "turnsBefore": 0,
          "turnsAfter": 0,
          "runtimeMapReproduced": false,
          "baselineRuntimeClearancePx": null,
          "candidateRuntimeClearancePx": null,
          "mode": "collinear-only"
        },
        {
          "floor": "2楼",
          "representativeKey": "中医馆|||急诊科办公区",
          "routeCount": 2,
          "pointsBefore": 12,
          "pointsAfter": 12,
          "turnsBefore": 2,
          "turnsAfter": 2,
          "runtimeMapReproduced": false,
          "baselineRuntimeClearancePx": null,
          "candidateRuntimeClearancePx": null,
          "mode": "collinear-only"
        },
        {
          "floor": "2楼",
          "representativeKey": "检验科|||计算机机房",
          "routeCount": 2,
          "pointsBefore": 2,
          "pointsAfter": 2,
          "turnsBefore": 0,
          "turnsAfter": 0,
          "runtimeMapReproduced": true,
          "baselineRuntimeClearancePx": 13.0,
          "candidateRuntimeClearancePx": 13.0,
          "mode": "scaled-runtime-map-clearance-preserving"
        },
        {
          "floor": "2楼",
          "representativeKey": "超声医学科|||计算机机房",
          "routeCount": 2,
          "pointsBefore": 2,
          "pointsAfter": 2,
          "turnsBefore": 0,
          "turnsAfter": 0,
          "runtimeMapReproduced": true,
          "baselineRuntimeClearancePx": 6.0,
          "candidateRuntimeClearancePx": 6.0,
          "mode": "scaled-runtime-map-clearance-preserving"
        },
        {
          "floor": "2楼",
          "representativeKey": "计算机机房|||内科门诊",
          "routeCount": 2,
          "pointsBefore": 27,
          "pointsAfter": 7,
          "turnsBefore": 2,
          "turnsAfter": 2,
          "runtimeMapReproduced": false,
          "baselineRuntimeClearancePx": null,
          "candidateRuntimeClearancePx": null,
          "mode": "collinear-only"
        },
        {
          "floor": "2楼",
          "representativeKey": "妇科门诊|||计算机机房",
          "routeCount": 2,
          "pointsBefore": 6,
          "pointsAfter": 6,
          "turnsBefore": 1,
          "turnsAfter": 1,
          "runtimeMapReproduced": false,
          "baselineRuntimeClearancePx": null,
          "candidateRuntimeClearancePx": null,
          "mode": "collinear-only"
        },
        {
          "floor": "2楼",
          "representativeKey": "中医馆|||计算机机房",
          "routeCount": 2,
          "pointsBefore": 13,
          "pointsAfter": 13,
          "turnsBefore": 1,
          "turnsAfter": 1,
          "runtimeMapReproduced": false,
          "baselineRuntimeClearancePx": null,
          "candidateRuntimeClearancePx": null,
          "mode": "collinear-only"
        },
        {
          "floor": "2楼",
          "representativeKey": "计算机机房|||伤口门诊",
          "routeCount": 2,
          "pointsBefore": 10,
          "pointsAfter": 10,
          "turnsBefore": 3,
          "turnsAfter": 3,
          "runtimeMapReproduced": false,
          "baselineRuntimeClearancePx": null,
          "candidateRuntimeClearancePx": null,
          "mode": "collinear-only"
        },
        {
          "floor": "2楼",
          "representativeKey": "计算机机房|||外科门诊",
          "routeCount": 2,
          "pointsBefore": 5,
          "pointsAfter": 5,
          "turnsBefore": 0,
          "turnsAfter": 0,
          "runtimeMapReproduced": false,
          "baselineRuntimeClearancePx": null,
          "candidateRuntimeClearancePx": null,
          "mode": "collinear-only"
        },
        {
          "floor": "2楼",
          "representativeKey": "妇科门诊|||检验科",
          "routeCount": 2,
          "pointsBefore": 7,
          "pointsAfter": 7,
          "turnsBefore": 1,
          "turnsAfter": 1,
          "runtimeMapReproduced": false,
          "baselineRuntimeClearancePx": null,
          "candidateRuntimeClearancePx": null,
          "mode": "collinear-only"
        },
        {
          "floor": "2楼",
          "representativeKey": "中医馆|||检验科",
          "routeCount": 2,
          "pointsBefore": 14,
          "pointsAfter": 14,
          "turnsBefore": 1,
          "turnsAfter": 1,
          "runtimeMapReproduced": false,
          "baselineRuntimeClearancePx": null,
          "candidateRuntimeClearancePx": null,
          "mode": "collinear-only"
        },
        {
          "floor": "2楼",
          "representativeKey": "超声医学科|||检验科",
          "routeCount": 2,
          "pointsBefore": 2,
          "pointsAfter": 2,
          "turnsBefore": 0,
          "turnsAfter": 0,
          "runtimeMapReproduced": true,
          "baselineRuntimeClearancePx": 7.0,
          "candidateRuntimeClearancePx": 7.0,
          "mode": "scaled-runtime-map-clearance-preserving"
        },
        {
          "floor": "2楼",
          "representativeKey": "检验科|||内科门诊",
          "routeCount": 2,
          "pointsBefore": 27,
          "pointsAfter": 7,
          "turnsBefore": 2,
          "turnsAfter": 2,
          "runtimeMapReproduced": false,
          "baselineRuntimeClearancePx": null,
          "candidateRuntimeClearancePx": null,
          "mode": "collinear-only"
        },
        {
          "floor": "2楼",
          "representativeKey": "检验科|||伤口门诊",
          "routeCount": 2,
          "pointsBefore": 11,
          "pointsAfter": 11,
          "turnsBefore": 3,
          "turnsAfter": 3,
          "runtimeMapReproduced": false,
          "baselineRuntimeClearancePx": null,
          "candidateRuntimeClearancePx": null,
          "mode": "collinear-only"
        },
        {
          "floor": "2楼",
          "representativeKey": "检验科|||外科门诊",
          "routeCount": 2,
          "pointsBefore": 6,
          "pointsAfter": 6,
          "turnsBefore": 0,
          "turnsAfter": 0,
          "runtimeMapReproduced": false,
          "baselineRuntimeClearancePx": null,
          "candidateRuntimeClearancePx": null,
          "mode": "collinear-only"
        },
        {
          "floor": "2楼",
          "representativeKey": "中医馆|||超声医学科",
          "routeCount": 2,
          "pointsBefore": 23,
          "pointsAfter": 12,
          "turnsBefore": 3,
          "turnsAfter": 3,
          "runtimeMapReproduced": false,
          "baselineRuntimeClearancePx": null,
          "candidateRuntimeClearancePx": null,
          "mode": "collinear-only"
        },
        {
          "floor": "2楼",
          "representativeKey": "妇科门诊|||超声医学科",
          "routeCount": 2,
          "pointsBefore": 14,
          "pointsAfter": 8,
          "turnsBefore": 2,
          "turnsAfter": 2,
          "runtimeMapReproduced": false,
          "baselineRuntimeClearancePx": null,
          "candidateRuntimeClearancePx": null,
          "mode": "collinear-only"
        },
        {
          "floor": "2楼",
          "representativeKey": "超声医学科|||外科门诊",
          "routeCount": 2,
          "pointsBefore": 18,
          "pointsAfter": 8,
          "turnsBefore": 0,
          "turnsAfter": 0,
          "runtimeMapReproduced": false,
          "baselineRuntimeClearancePx": null,
          "candidateRuntimeClearancePx": null,
          "mode": "collinear-only"
        },
        {
          "floor": "2楼",
          "representativeKey": "超声医学科|||伤口门诊",
          "routeCount": 2,
          "pointsBefore": 18,
          "pointsAfter": 11,
          "turnsBefore": 2,
          "turnsAfter": 2,
          "runtimeMapReproduced": false,
          "baselineRuntimeClearancePx": null,
          "candidateRuntimeClearancePx": null,
          "mode": "collinear-only"
        },
        {
          "floor": "2楼",
          "representativeKey": "超声医学科|||内科门诊",
          "routeCount": 2,
          "pointsBefore": 19,
          "pointsAfter": 9,
          "turnsBefore": 2,
          "turnsAfter": 2,
          "runtimeMapReproduced": false,
          "baselineRuntimeClearancePx": null,
          "candidateRuntimeClearancePx": null,
          "mode": "collinear-only"
        },
        {
          "floor": "2楼",
          "representativeKey": "中医馆|||妇科门诊",
          "routeCount": 2,
          "pointsBefore": 7,
          "pointsAfter": 7,
          "turnsBefore": 0,
          "turnsAfter": 0,
          "runtimeMapReproduced": true,
          "baselineRuntimeClearancePx": 3.5969,
          "candidateRuntimeClearancePx": 3.5969,
          "mode": "rejected-turn-count"
        },
        {
          "floor": "2楼",
          "representativeKey": "妇科门诊|||内科门诊",
          "routeCount": 2,
          "pointsBefore": 10,
          "pointsAfter": 10,
          "turnsBefore": 0,
          "turnsAfter": 0,
          "runtimeMapReproduced": false,
          "baselineRuntimeClearancePx": null,
          "candidateRuntimeClearancePx": null,
          "mode": "collinear-only"
        },
        {
          "floor": "2楼",
          "representativeKey": "妇科门诊|||外科门诊",
          "routeCount": 2,
          "pointsBefore": 8,
          "pointsAfter": 8,
          "turnsBefore": 0,
          "turnsAfter": 0,
          "runtimeMapReproduced": false,
          "baselineRuntimeClearancePx": null,
          "candidateRuntimeClearancePx": null,
          "mode": "collinear-only"
        },
        {
          "floor": "2楼",
          "representativeKey": "妇科门诊|||伤口门诊",
          "routeCount": 2,
          "pointsBefore": 6,
          "pointsAfter": 6,
          "turnsBefore": 0,
          "turnsAfter": 0,
          "runtimeMapReproduced": false,
          "baselineRuntimeClearancePx": null,
          "candidateRuntimeClearancePx": null,
          "mode": "collinear-only"
        },
        {
          "floor": "2楼",
          "representativeKey": "内科门诊|||外科门诊",
          "routeCount": 2,
          "pointsBefore": 2,
          "pointsAfter": 2,
          "turnsBefore": 0,
          "turnsAfter": 0,
          "runtimeMapReproduced": false,
          "baselineRuntimeClearancePx": null,
          "candidateRuntimeClearancePx": null,
          "mode": "collinear-only"
        },
        {
          "floor": "2楼",
          "representativeKey": "中医馆|||内科门诊",
          "routeCount": 2,
          "pointsBefore": 2,
          "pointsAfter": 2,
          "turnsBefore": 0,
          "turnsAfter": 0,
          "runtimeMapReproduced": false,
          "baselineRuntimeClearancePx": null,
          "candidateRuntimeClearancePx": null,
          "mode": "collinear-only"
        },
        {
          "floor": "2楼",
          "representativeKey": "内科门诊|||伤口门诊",
          "routeCount": 2,
          "pointsBefore": 3,
          "pointsAfter": 3,
          "turnsBefore": 1,
          "turnsAfter": 1,
          "runtimeMapReproduced": false,
          "baselineRuntimeClearancePx": null,
          "candidateRuntimeClearancePx": null,
          "mode": "collinear-only"
        },
        {
          "floor": "2楼",
          "representativeKey": "中医馆|||外科门诊",
          "routeCount": 2,
          "pointsBefore": 2,
          "pointsAfter": 2,
          "turnsBefore": 0,
          "turnsAfter": 0,
          "runtimeMapReproduced": false,
          "baselineRuntimeClearancePx": null,
          "candidateRuntimeClearancePx": null,
          "mode": "collinear-only"
        },
        {
          "floor": "2楼",
          "representativeKey": "外科门诊|||伤口门诊",
          "routeCount": 2,
          "pointsBefore": 3,
          "pointsAfter": 3,
          "turnsBefore": 1,
          "turnsAfter": 1,
          "runtimeMapReproduced": false,
          "baselineRuntimeClearancePx": null,
          "candidateRuntimeClearancePx": null,
          "mode": "collinear-only"
        },
        {
          "floor": "2楼",
          "representativeKey": "中医馆|||伤口门诊",
          "routeCount": 2,
          "pointsBefore": 2,
          "pointsAfter": 2,
          "turnsBefore": 0,
          "turnsAfter": 0,
          "runtimeMapReproduced": false,
          "baselineRuntimeClearancePx": null,
          "candidateRuntimeClearancePx": null,
          "mode": "collinear-only"
        },
        {
          "floor": "3楼",
          "representativeKey": "耳鼻喉科门诊|||眼科门诊",
          "routeCount": 2,
          "pointsBefore": 1,
          "pointsAfter": 1,
          "turnsBefore": 0,
          "turnsAfter": 0,
          "mode": "co-located",
          "runtimeMapReproduced": false,
          "baselineRuntimeClearancePx": null,
          "candidateRuntimeClearancePx": null
        },
        {
          "floor": "3楼",
          "representativeKey": "耳鼻喉科门诊|||泌尿科门诊",
          "routeCount": 4,
          "pointsBefore": 27,
          "pointsAfter": 13,
          "turnsBefore": 0,
          "turnsAfter": 0,
          "runtimeMapReproduced": false,
          "baselineRuntimeClearancePx": null,
          "candidateRuntimeClearancePx": null,
          "mode": "collinear-only"
        },
        {
          "floor": "3楼",
          "representativeKey": "耳鼻喉科门诊|||肛肠科门诊",
          "routeCount": 4,
          "pointsBefore": 27,
          "pointsAfter": 13,
          "turnsBefore": 0,
          "turnsAfter": 0,
          "runtimeMapReproduced": false,
          "baselineRuntimeClearancePx": null,
          "candidateRuntimeClearancePx": null,
          "mode": "collinear-only"
        },
        {
          "floor": "3楼",
          "representativeKey": "耳鼻喉科门诊|||碎石室",
          "routeCount": 4,
          "pointsBefore": 22,
          "pointsAfter": 11,
          "turnsBefore": 3,
          "turnsAfter": 3,
          "runtimeMapReproduced": false,
          "baselineRuntimeClearancePx": null,
          "candidateRuntimeClearancePx": null,
          "mode": "collinear-only"
        },
        {
          "floor": "3楼",
          "representativeKey": "口腔科门诊|||耳鼻喉科门诊",
          "routeCount": 4,
          "pointsBefore": 23,
          "pointsAfter": 6,
          "turnsBefore": 1,
          "turnsAfter": 1,
          "runtimeMapReproduced": false,
          "baselineRuntimeClearancePx": null,
          "candidateRuntimeClearancePx": null,
          "mode": "collinear-only"
        },
        {
          "floor": "3楼",
          "representativeKey": "产科门诊|||耳鼻喉科门诊",
          "routeCount": 4,
          "pointsBefore": 27,
          "pointsAfter": 6,
          "turnsBefore": 1,
          "turnsAfter": 1,
          "runtimeMapReproduced": false,
          "baselineRuntimeClearancePx": null,
          "candidateRuntimeClearancePx": null,
          "mode": "collinear-only"
        },
        {
          "floor": "3楼",
          "representativeKey": "耳鼻喉科门诊|||皮肤科门诊",
          "routeCount": 4,
          "pointsBefore": 26,
          "pointsAfter": 13,
          "turnsBefore": 1,
          "turnsAfter": 1,
          "runtimeMapReproduced": false,
          "baselineRuntimeClearancePx": null,
          "candidateRuntimeClearancePx": null,
          "mode": "collinear-only"
        },
        {
          "floor": "3楼",
          "representativeKey": "耳鼻喉科门诊|||内镜诊疗中心",
          "routeCount": 4,
          "pointsBefore": 5,
          "pointsAfter": 5,
          "turnsBefore": 1,
          "turnsAfter": 1,
          "runtimeMapReproduced": false,
          "baselineRuntimeClearancePx": null,
          "candidateRuntimeClearancePx": null,
          "mode": "collinear-only"
        },
        {
          "floor": "3楼",
          "representativeKey": "耳鼻喉科门诊|||血液透析科",
          "routeCount": 4,
          "pointsBefore": 4,
          "pointsAfter": 4,
          "turnsBefore": 1,
          "turnsAfter": 1,
          "runtimeMapReproduced": false,
          "baselineRuntimeClearancePx": null,
          "candidateRuntimeClearancePx": null,
          "mode": "collinear-only"
        },
        {
          "floor": "3楼",
          "representativeKey": "内镜诊疗中心|||血液透析科",
          "routeCount": 1,
          "pointsBefore": 1,
          "pointsAfter": 1,
          "turnsBefore": 0,
          "turnsAfter": 0,
          "mode": "co-located",
          "runtimeMapReproduced": false,
          "baselineRuntimeClearancePx": null,
          "candidateRuntimeClearancePx": null
        },
        {
          "floor": "3楼",
          "representativeKey": "血液透析科|||内镜诊疗中心",
          "routeCount": 1,
          "pointsBefore": 1,
          "pointsAfter": 1,
          "turnsBefore": 0,
          "turnsAfter": 0,
          "mode": "co-located",
          "runtimeMapReproduced": false,
          "baselineRuntimeClearancePx": null,
          "candidateRuntimeClearancePx": null
        },
        {
          "floor": "3楼",
          "representativeKey": "产科门诊|||内镜诊疗中心",
          "routeCount": 2,
          "pointsBefore": 7,
          "pointsAfter": 7,
          "turnsBefore": 1,
          "turnsAfter": 1,
          "runtimeMapReproduced": false,
          "baselineRuntimeClearancePx": null,
          "candidateRuntimeClearancePx": null,
          "mode": "collinear-only"
        },
        {
          "floor": "3楼",
          "representativeKey": "内镜诊疗中心|||皮肤科门诊",
          "routeCount": 2,
          "pointsBefore": 13,
          "pointsAfter": 13,
          "turnsBefore": 1,
          "turnsAfter": 1,
          "runtimeMapReproduced": false,
          "baselineRuntimeClearancePx": null,
          "candidateRuntimeClearancePx": null,
          "mode": "collinear-only"
        },
        {
          "floor": "3楼",
          "representativeKey": "内镜诊疗中心|||泌尿科门诊",
          "routeCount": 2,
          "pointsBefore": 15,
          "pointsAfter": 15,
          "turnsBefore": 1,
          "turnsAfter": 1,
          "runtimeMapReproduced": false,
          "baselineRuntimeClearancePx": null,
          "candidateRuntimeClearancePx": null,
          "mode": "collinear-only"
        },
        {
          "floor": "3楼",
          "representativeKey": "内镜诊疗中心|||碎石室",
          "routeCount": 2,
          "pointsBefore": 14,
          "pointsAfter": 12,
          "turnsBefore": 3,
          "turnsAfter": 3,
          "runtimeMapReproduced": false,
          "baselineRuntimeClearancePx": null,
          "candidateRuntimeClearancePx": null,
          "mode": "collinear-only"
        },
        {
          "floor": "3楼",
          "representativeKey": "内镜诊疗中心|||肛肠科门诊",
          "routeCount": 2,
          "pointsBefore": 13,
          "pointsAfter": 12,
          "turnsBefore": 1,
          "turnsAfter": 1,
          "runtimeMapReproduced": false,
          "baselineRuntimeClearancePx": null,
          "candidateRuntimeClearancePx": null,
          "mode": "collinear-only"
        },
        {
          "floor": "3楼",
          "representativeKey": "口腔科门诊|||内镜诊疗中心",
          "routeCount": 2,
          "pointsBefore": 4,
          "pointsAfter": 4,
          "turnsBefore": 0,
          "turnsAfter": 0,
          "runtimeMapReproduced": false,
          "baselineRuntimeClearancePx": null,
          "candidateRuntimeClearancePx": null,
          "mode": "collinear-only"
        },
        {
          "floor": "3楼",
          "representativeKey": "产科门诊|||血液透析科",
          "routeCount": 2,
          "pointsBefore": 7,
          "pointsAfter": 7,
          "turnsBefore": 1,
          "turnsAfter": 1,
          "runtimeMapReproduced": false,
          "baselineRuntimeClearancePx": null,
          "candidateRuntimeClearancePx": null,
          "mode": "collinear-only"
        },
        {
          "floor": "3楼",
          "representativeKey": "血液透析科|||皮肤科门诊",
          "routeCount": 2,
          "pointsBefore": 13,
          "pointsAfter": 13,
          "turnsBefore": 1,
          "turnsAfter": 1,
          "runtimeMapReproduced": false,
          "baselineRuntimeClearancePx": null,
          "candidateRuntimeClearancePx": null,
          "mode": "collinear-only"
        },
        {
          "floor": "3楼",
          "representativeKey": "血液透析科|||泌尿科门诊",
          "routeCount": 2,
          "pointsBefore": 15,
          "pointsAfter": 15,
          "turnsBefore": 1,
          "turnsAfter": 1,
          "runtimeMapReproduced": false,
          "baselineRuntimeClearancePx": null,
          "candidateRuntimeClearancePx": null,
          "mode": "collinear-only"
        },
        {
          "floor": "3楼",
          "representativeKey": "血液透析科|||碎石室",
          "routeCount": 2,
          "pointsBefore": 14,
          "pointsAfter": 12,
          "turnsBefore": 3,
          "turnsAfter": 3,
          "runtimeMapReproduced": false,
          "baselineRuntimeClearancePx": null,
          "candidateRuntimeClearancePx": null,
          "mode": "collinear-only"
        },
        {
          "floor": "3楼",
          "representativeKey": "血液透析科|||肛肠科门诊",
          "routeCount": 2,
          "pointsBefore": 13,
          "pointsAfter": 12,
          "turnsBefore": 1,
          "turnsAfter": 1,
          "runtimeMapReproduced": false,
          "baselineRuntimeClearancePx": null,
          "candidateRuntimeClearancePx": null,
          "mode": "collinear-only"
        },
        {
          "floor": "3楼",
          "representativeKey": "口腔科门诊|||血液透析科",
          "routeCount": 2,
          "pointsBefore": 4,
          "pointsAfter": 4,
          "turnsBefore": 0,
          "turnsAfter": 0,
          "runtimeMapReproduced": false,
          "baselineRuntimeClearancePx": null,
          "candidateRuntimeClearancePx": null,
          "mode": "collinear-only"
        },
        {
          "floor": "3楼",
          "representativeKey": "口腔科门诊|||皮肤科门诊",
          "routeCount": 2,
          "pointsBefore": 22,
          "pointsAfter": 15,
          "turnsBefore": 2,
          "turnsAfter": 2,
          "runtimeMapReproduced": false,
          "baselineRuntimeClearancePx": null,
          "candidateRuntimeClearancePx": null,
          "mode": "collinear-only"
        },
        {
          "floor": "3楼",
          "representativeKey": "口腔科门诊|||碎石室",
          "routeCount": 2,
          "pointsBefore": 28,
          "pointsAfter": 13,
          "turnsBefore": 4,
          "turnsAfter": 4,
          "runtimeMapReproduced": false,
          "baselineRuntimeClearancePx": null,
          "candidateRuntimeClearancePx": null,
          "mode": "collinear-only"
        },
        {
          "floor": "3楼",
          "representativeKey": "口腔科门诊|||肛肠科门诊",
          "routeCount": 2,
          "pointsBefore": 27,
          "pointsAfter": 13,
          "turnsBefore": 2,
          "turnsAfter": 2,
          "runtimeMapReproduced": false,
          "baselineRuntimeClearancePx": null,
          "candidateRuntimeClearancePx": null,
          "mode": "collinear-only"
        },
        {
          "floor": "3楼",
          "representativeKey": "口腔科门诊|||泌尿科门诊",
          "routeCount": 2,
          "pointsBefore": 30,
          "pointsAfter": 15,
          "turnsBefore": 2,
          "turnsAfter": 2,
          "runtimeMapReproduced": false,
          "baselineRuntimeClearancePx": null,
          "candidateRuntimeClearancePx": null,
          "mode": "collinear-only"
        },
        {
          "floor": "3楼",
          "representativeKey": "产科门诊|||口腔科门诊",
          "routeCount": 2,
          "pointsBefore": 31,
          "pointsAfter": 8,
          "turnsBefore": 2,
          "turnsAfter": 2,
          "runtimeMapReproduced": false,
          "baselineRuntimeClearancePx": null,
          "candidateRuntimeClearancePx": null,
          "mode": "collinear-only"
        },
        {
          "floor": "3楼",
          "representativeKey": "产科门诊|||碎石室",
          "routeCount": 2,
          "pointsBefore": 11,
          "pointsAfter": 11,
          "turnsBefore": 1,
          "turnsAfter": 1,
          "runtimeMapReproduced": false,
          "baselineRuntimeClearancePx": null,
          "candidateRuntimeClearancePx": null,
          "mode": "collinear-only"
        },
        {
          "floor": "3楼",
          "representativeKey": "产科门诊|||皮肤科门诊",
          "routeCount": 2,
          "pointsBefore": 7,
          "pointsAfter": 7,
          "turnsBefore": 0,
          "turnsAfter": 0,
          "runtimeMapReproduced": false,
          "baselineRuntimeClearancePx": null,
          "candidateRuntimeClearancePx": null,
          "mode": "collinear-only"
        },
        {
          "floor": "3楼",
          "representativeKey": "产科门诊|||泌尿科门诊",
          "routeCount": 2,
          "pointsBefore": 3,
          "pointsAfter": 3,
          "turnsBefore": 0,
          "turnsAfter": 0,
          "runtimeMapReproduced": false,
          "baselineRuntimeClearancePx": null,
          "candidateRuntimeClearancePx": null,
          "mode": "collinear-only"
        },
        {
          "floor": "3楼",
          "representativeKey": "产科门诊|||肛肠科门诊",
          "routeCount": 2,
          "pointsBefore": 5,
          "pointsAfter": 5,
          "turnsBefore": 1,
          "turnsAfter": 1,
          "runtimeMapReproduced": false,
          "baselineRuntimeClearancePx": null,
          "candidateRuntimeClearancePx": null,
          "mode": "collinear-only"
        },
        {
          "floor": "3楼",
          "representativeKey": "碎石室|||泌尿科门诊",
          "routeCount": 2,
          "pointsBefore": 4,
          "pointsAfter": 4,
          "turnsBefore": 2,
          "turnsAfter": 2,
          "runtimeMapReproduced": false,
          "baselineRuntimeClearancePx": null,
          "candidateRuntimeClearancePx": null,
          "mode": "collinear-only"
        },
        {
          "floor": "3楼",
          "representativeKey": "肛肠科门诊|||泌尿科门诊",
          "routeCount": 2,
          "pointsBefore": 8,
          "pointsAfter": 8,
          "turnsBefore": 2,
          "turnsAfter": 2,
          "runtimeMapReproduced": false,
          "baselineRuntimeClearancePx": null,
          "candidateRuntimeClearancePx": null,
          "mode": "collinear-only"
        },
        {
          "floor": "3楼",
          "representativeKey": "泌尿科门诊|||皮肤科门诊",
          "routeCount": 2,
          "pointsBefore": 4,
          "pointsAfter": 4,
          "turnsBefore": 0,
          "turnsAfter": 0,
          "runtimeMapReproduced": false,
          "baselineRuntimeClearancePx": null,
          "candidateRuntimeClearancePx": null,
          "mode": "collinear-only"
        },
        {
          "floor": "3楼",
          "representativeKey": "碎石室|||肛肠科门诊",
          "routeCount": 2,
          "pointsBefore": 2,
          "pointsAfter": 2,
          "turnsBefore": 0,
          "turnsAfter": 0,
          "runtimeMapReproduced": false,
          "baselineRuntimeClearancePx": null,
          "candidateRuntimeClearancePx": null,
          "mode": "collinear-only"
        },
        {
          "floor": "3楼",
          "representativeKey": "碎石室|||皮肤科门诊",
          "routeCount": 2,
          "pointsBefore": 2,
          "pointsAfter": 2,
          "turnsBefore": 0,
          "turnsAfter": 0,
          "runtimeMapReproduced": false,
          "baselineRuntimeClearancePx": null,
          "candidateRuntimeClearancePx": null,
          "mode": "collinear-only"
        },
        {
          "floor": "3楼",
          "representativeKey": "肛肠科门诊|||皮肤科门诊",
          "routeCount": 2,
          "pointsBefore": 2,
          "pointsAfter": 2,
          "turnsBefore": 0,
          "turnsAfter": 0,
          "runtimeMapReproduced": false,
          "baselineRuntimeClearancePx": null,
          "candidateRuntimeClearancePx": null,
          "mode": "collinear-only"
        },
        {
          "floor": "4楼",
          "representativeKey": "病理科|||重症医学科",
          "routeCount": 2,
          "pointsBefore": 1,
          "pointsAfter": 1,
          "turnsBefore": 0,
          "turnsAfter": 0,
          "mode": "co-located",
          "runtimeMapReproduced": false,
          "baselineRuntimeClearancePx": null,
          "candidateRuntimeClearancePx": null
        },
        {
          "floor": "4楼",
          "representativeKey": "输血科|||病理科",
          "routeCount": 4,
          "pointsBefore": 2,
          "pointsAfter": 2,
          "turnsBefore": 0,
          "turnsAfter": 0,
          "runtimeMapReproduced": false,
          "baselineRuntimeClearancePx": null,
          "candidateRuntimeClearancePx": null,
          "mode": "collinear-only"
        },
        {
          "floor": "7楼",
          "representativeKey": "妇产科病房|||产房",
          "routeCount": 2,
          "pointsBefore": 1,
          "pointsAfter": 1,
          "turnsBefore": 0,
          "turnsAfter": 0,
          "mode": "co-located",
          "runtimeMapReproduced": false,
          "baselineRuntimeClearancePx": null,
          "candidateRuntimeClearancePx": null
        }
      ],
      "failures": [],
      "pointsRemoved": 1248,
      "turnsRemoved": 0
    },
    "floorNavPaths.js": {
      "routeCount": 470,
      "uniqueGeometryCount": 212,
      "changedRouteCount": 226,
      "changedUniqueGeometryCount": 100,
      "runtimeMapReproducedGeometryCount": 1,
      "runtimeMapInconclusiveGeometryCount": 211,
      "scaledMapSimplifiedGeometryCount": 0,
      "collinearOnlySimplifiedGeometryCount": 100,
      "pointsBefore": 6460,
      "pointsAfter": 3650,
      "turnsBefore": 532,
      "turnsAfter": 532,
      "endpointRegressionCount": 0,
      "lengthRegressionCount": 0,
      "turnRegressionCount": 0,
      "runtimeClearanceRegressionCount": 0,
      "rejectedRegressionGeometryCount": 0,
      "geometryAudits": [
        {
          "floor": "10楼",
          "representativeKey": "骨一科病房|||S1|||toElevator",
          "routeCount": 2,
          "pointsBefore": 4,
          "pointsAfter": 4,
          "turnsBefore": 0,
          "turnsAfter": 0,
          "runtimeMapReproduced": false,
          "baselineRuntimeClearancePx": null,
          "candidateRuntimeClearancePx": null,
          "mode": "collinear-only"
        },
        {
          "floor": "10楼",
          "representativeKey": "骨一科病房|||S3|||toElevator",
          "routeCount": 2,
          "pointsBefore": 2,
          "pointsAfter": 2,
          "turnsBefore": 0,
          "turnsAfter": 0,
          "runtimeMapReproduced": false,
          "baselineRuntimeClearancePx": null,
          "candidateRuntimeClearancePx": null,
          "mode": "collinear-only"
        },
        {
          "floor": "10楼",
          "representativeKey": "骨一科病房|||S2|||toElevator",
          "routeCount": 2,
          "pointsBefore": 2,
          "pointsAfter": 2,
          "turnsBefore": 0,
          "turnsAfter": 0,
          "runtimeMapReproduced": false,
          "baselineRuntimeClearancePx": null,
          "candidateRuntimeClearancePx": null,
          "mode": "collinear-only"
        },
        {
          "floor": "11楼",
          "representativeKey": "骨二科病房|||S1|||toElevator",
          "routeCount": 2,
          "pointsBefore": 3,
          "pointsAfter": 3,
          "turnsBefore": 0,
          "turnsAfter": 0,
          "runtimeMapReproduced": false,
          "baselineRuntimeClearancePx": null,
          "candidateRuntimeClearancePx": null,
          "mode": "collinear-only"
        },
        {
          "floor": "11楼",
          "representativeKey": "骨二科病房|||S3|||toElevator",
          "routeCount": 2,
          "pointsBefore": 2,
          "pointsAfter": 2,
          "turnsBefore": 0,
          "turnsAfter": 0,
          "runtimeMapReproduced": false,
          "baselineRuntimeClearancePx": null,
          "candidateRuntimeClearancePx": null,
          "mode": "collinear-only"
        },
        {
          "floor": "11楼",
          "representativeKey": "骨二科病房|||S2|||toElevator",
          "routeCount": 2,
          "pointsBefore": 2,
          "pointsAfter": 2,
          "turnsBefore": 0,
          "turnsAfter": 0,
          "runtimeMapReproduced": false,
          "baselineRuntimeClearancePx": null,
          "candidateRuntimeClearancePx": null,
          "mode": "collinear-only"
        },
        {
          "floor": "12楼",
          "representativeKey": "内一科病房|||S1|||toElevator",
          "routeCount": 2,
          "pointsBefore": 3,
          "pointsAfter": 3,
          "turnsBefore": 0,
          "turnsAfter": 0,
          "runtimeMapReproduced": false,
          "baselineRuntimeClearancePx": null,
          "candidateRuntimeClearancePx": null,
          "mode": "collinear-only"
        },
        {
          "floor": "12楼",
          "representativeKey": "内一科病房|||S3|||toElevator",
          "routeCount": 2,
          "pointsBefore": 2,
          "pointsAfter": 2,
          "turnsBefore": 0,
          "turnsAfter": 0,
          "runtimeMapReproduced": false,
          "baselineRuntimeClearancePx": null,
          "candidateRuntimeClearancePx": null,
          "mode": "collinear-only"
        },
        {
          "floor": "12楼",
          "representativeKey": "内一科病房|||S2|||toElevator",
          "routeCount": 2,
          "pointsBefore": 2,
          "pointsAfter": 2,
          "turnsBefore": 0,
          "turnsAfter": 0,
          "runtimeMapReproduced": false,
          "baselineRuntimeClearancePx": null,
          "candidateRuntimeClearancePx": null,
          "mode": "collinear-only"
        },
        {
          "floor": "13楼",
          "representativeKey": "内二科病房|||S1|||toElevator",
          "routeCount": 2,
          "pointsBefore": 3,
          "pointsAfter": 3,
          "turnsBefore": 0,
          "turnsAfter": 0,
          "runtimeMapReproduced": false,
          "baselineRuntimeClearancePx": null,
          "candidateRuntimeClearancePx": null,
          "mode": "collinear-only"
        },
        {
          "floor": "13楼",
          "representativeKey": "内二科病房|||S3|||toElevator",
          "routeCount": 2,
          "pointsBefore": 2,
          "pointsAfter": 2,
          "turnsBefore": 0,
          "turnsAfter": 0,
          "runtimeMapReproduced": false,
          "baselineRuntimeClearancePx": null,
          "candidateRuntimeClearancePx": null,
          "mode": "collinear-only"
        },
        {
          "floor": "13楼",
          "representativeKey": "内二科病房|||S2|||toElevator",
          "routeCount": 2,
          "pointsBefore": 2,
          "pointsAfter": 2,
          "turnsBefore": 0,
          "turnsAfter": 0,
          "runtimeMapReproduced": false,
          "baselineRuntimeClearancePx": null,
          "candidateRuntimeClearancePx": null,
          "mode": "collinear-only"
        },
        {
          "floor": "1楼",
          "representativeKey": "消控室|||S4|||toElevator",
          "routeCount": 2,
          "pointsBefore": 13,
          "pointsAfter": 11,
          "turnsBefore": 2,
          "turnsAfter": 2,
          "runtimeMapReproduced": false,
          "baselineRuntimeClearancePx": null,
          "candidateRuntimeClearancePx": null,
          "mode": "collinear-only"
        },
        {
          "floor": "1楼",
          "representativeKey": "消控室|||S5|||toElevator",
          "routeCount": 2,
          "pointsBefore": 13,
          "pointsAfter": 11,
          "turnsBefore": 1,
          "turnsAfter": 1,
          "runtimeMapReproduced": false,
          "baselineRuntimeClearancePx": null,
          "candidateRuntimeClearancePx": null,
          "mode": "collinear-only"
        },
        {
          "floor": "1楼",
          "representativeKey": "消控室|||S2|||toElevator",
          "routeCount": 2,
          "pointsBefore": 13,
          "pointsAfter": 12,
          "turnsBefore": 0,
          "turnsAfter": 0,
          "runtimeMapReproduced": false,
          "baselineRuntimeClearancePx": null,
          "candidateRuntimeClearancePx": null,
          "mode": "collinear-only"
        },
        {
          "floor": "1楼",
          "representativeKey": "消控室|||S1|||toElevator",
          "routeCount": 2,
          "pointsBefore": 13,
          "pointsAfter": 10,
          "turnsBefore": 4,
          "turnsAfter": 4,
          "runtimeMapReproduced": false,
          "baselineRuntimeClearancePx": null,
          "candidateRuntimeClearancePx": null,
          "mode": "collinear-only"
        },
        {
          "floor": "1楼",
          "representativeKey": "消控室|||S3|||toElevator",
          "routeCount": 2,
          "pointsBefore": 19,
          "pointsAfter": 14,
          "turnsBefore": 1,
          "turnsAfter": 1,
          "runtimeMapReproduced": false,
          "baselineRuntimeClearancePx": null,
          "candidateRuntimeClearancePx": null,
          "mode": "collinear-only"
        },
        {
          "floor": "1楼",
          "representativeKey": "消控室|||S6|||toElevator",
          "routeCount": 2,
          "pointsBefore": 27,
          "pointsAfter": 25,
          "turnsBefore": 1,
          "turnsAfter": 1,
          "runtimeMapReproduced": false,
          "baselineRuntimeClearancePx": null,
          "candidateRuntimeClearancePx": null,
          "mode": "collinear-only"
        },
        {
          "floor": "1楼",
          "representativeKey": "放射科|||S1|||toElevator",
          "routeCount": 2,
          "pointsBefore": 25,
          "pointsAfter": 14,
          "turnsBefore": 3,
          "turnsAfter": 3,
          "runtimeMapReproduced": false,
          "baselineRuntimeClearancePx": null,
          "candidateRuntimeClearancePx": null,
          "mode": "collinear-only"
        },
        {
          "floor": "1楼",
          "representativeKey": "急诊科|||S1|||toElevator",
          "routeCount": 2,
          "pointsBefore": 27,
          "pointsAfter": 9,
          "turnsBefore": 1,
          "turnsAfter": 1,
          "runtimeMapReproduced": false,
          "baselineRuntimeClearancePx": null,
          "candidateRuntimeClearancePx": null,
          "mode": "collinear-only"
        },
        {
          "floor": "1楼",
          "representativeKey": "大伤门诊|||S1|||toElevator",
          "routeCount": 2,
          "pointsBefore": 14,
          "pointsAfter": 8,
          "turnsBefore": 1,
          "turnsAfter": 1,
          "runtimeMapReproduced": false,
          "baselineRuntimeClearancePx": null,
          "candidateRuntimeClearancePx": null,
          "mode": "collinear-only"
        },
        {
          "floor": "1楼",
          "representativeKey": "儿科门诊|||S1|||toElevator",
          "routeCount": 2,
          "pointsBefore": 14,
          "pointsAfter": 14,
          "turnsBefore": 5,
          "turnsAfter": 5,
          "runtimeMapReproduced": false,
          "baselineRuntimeClearancePx": null,
          "candidateRuntimeClearancePx": null,
          "mode": "collinear-only"
        },
        {
          "floor": "1楼",
          "representativeKey": "挂号缴费|||S1|||toElevator",
          "routeCount": 2,
          "pointsBefore": 21,
          "pointsAfter": 13,
          "turnsBefore": 4,
          "turnsAfter": 4,
          "runtimeMapReproduced": false,
          "baselineRuntimeClearancePx": null,
          "candidateRuntimeClearancePx": null,
          "mode": "collinear-only"
        },
        {
          "floor": "1楼",
          "representativeKey": "中药房|||S1|||toElevator",
          "routeCount": 4,
          "pointsBefore": 21,
          "pointsAfter": 11,
          "turnsBefore": 4,
          "turnsAfter": 4,
          "runtimeMapReproduced": false,
          "baselineRuntimeClearancePx": null,
          "candidateRuntimeClearancePx": null,
          "mode": "collinear-only"
        },
        {
          "floor": "1楼",
          "representativeKey": "输液室|||S1|||toElevator",
          "routeCount": 2,
          "pointsBefore": 10,
          "pointsAfter": 10,
          "turnsBefore": 5,
          "turnsAfter": 5,
          "runtimeMapReproduced": false,
          "baselineRuntimeClearancePx": null,
          "candidateRuntimeClearancePx": null,
          "mode": "collinear-only"
        },
        {
          "floor": "1楼",
          "representativeKey": "放射科|||S3|||toElevator",
          "routeCount": 2,
          "pointsBefore": 19,
          "pointsAfter": 9,
          "turnsBefore": 2,
          "turnsAfter": 2,
          "runtimeMapReproduced": false,
          "baselineRuntimeClearancePx": null,
          "candidateRuntimeClearancePx": null,
          "mode": "collinear-only"
        },
        {
          "floor": "1楼",
          "representativeKey": "放射科|||S2|||toElevator",
          "routeCount": 2,
          "pointsBefore": 7,
          "pointsAfter": 7,
          "turnsBefore": 2,
          "turnsAfter": 2,
          "runtimeMapReproduced": false,
          "baselineRuntimeClearancePx": null,
          "candidateRuntimeClearancePx": null,
          "mode": "collinear-only"
        },
        {
          "floor": "1楼",
          "representativeKey": "放射科|||S4|||toElevator",
          "routeCount": 2,
          "pointsBefore": 6,
          "pointsAfter": 6,
          "turnsBefore": 4,
          "turnsAfter": 4,
          "runtimeMapReproduced": false,
          "baselineRuntimeClearancePx": null,
          "candidateRuntimeClearancePx": null,
          "mode": "collinear-only"
        },
        {
          "floor": "1楼",
          "representativeKey": "放射科|||S5|||toElevator",
          "routeCount": 2,
          "pointsBefore": 6,
          "pointsAfter": 6,
          "turnsBefore": 3,
          "turnsAfter": 3,
          "runtimeMapReproduced": false,
          "baselineRuntimeClearancePx": null,
          "candidateRuntimeClearancePx": null,
          "mode": "collinear-only"
        },
        {
          "floor": "1楼",
          "representativeKey": "放射科|||S6|||toElevator",
          "routeCount": 2,
          "pointsBefore": 15,
          "pointsAfter": 15,
          "turnsBefore": 3,
          "turnsAfter": 3,
          "runtimeMapReproduced": false,
          "baselineRuntimeClearancePx": null,
          "candidateRuntimeClearancePx": null,
          "mode": "collinear-only"
        },
        {
          "floor": "1楼",
          "representativeKey": "中药房|||S3|||toElevator",
          "routeCount": 4,
          "pointsBefore": 4,
          "pointsAfter": 4,
          "turnsBefore": 1,
          "turnsAfter": 1,
          "runtimeMapReproduced": false,
          "baselineRuntimeClearancePx": null,
          "candidateRuntimeClearancePx": null,
          "mode": "collinear-only"
        },
        {
          "floor": "1楼",
          "representativeKey": "儿科门诊|||S3|||toElevator",
          "routeCount": 2,
          "pointsBefore": 21,
          "pointsAfter": 9,
          "turnsBefore": 2,
          "turnsAfter": 2,
          "runtimeMapReproduced": false,
          "baselineRuntimeClearancePx": null,
          "candidateRuntimeClearancePx": null,
          "mode": "collinear-only"
        },
        {
          "floor": "1楼",
          "representativeKey": "挂号缴费|||S3|||toElevator",
          "routeCount": 2,
          "pointsBefore": 7,
          "pointsAfter": 7,
          "turnsBefore": 0,
          "turnsAfter": 0,
          "runtimeMapReproduced": false,
          "baselineRuntimeClearancePx": null,
          "candidateRuntimeClearancePx": null,
          "mode": "collinear-only"
        },
        {
          "floor": "1楼",
          "representativeKey": "急诊科|||S3|||toElevator",
          "routeCount": 2,
          "pointsBefore": 6,
          "pointsAfter": 6,
          "turnsBefore": 0,
          "turnsAfter": 0,
          "runtimeMapReproduced": false,
          "baselineRuntimeClearancePx": null,
          "candidateRuntimeClearancePx": null,
          "mode": "collinear-only"
        },
        {
          "floor": "1楼",
          "representativeKey": "大伤门诊|||S3|||toElevator",
          "routeCount": 2,
          "pointsBefore": 5,
          "pointsAfter": 5,
          "turnsBefore": 0,
          "turnsAfter": 0,
          "runtimeMapReproduced": false,
          "baselineRuntimeClearancePx": null,
          "candidateRuntimeClearancePx": null,
          "mode": "collinear-only"
        },
        {
          "floor": "1楼",
          "representativeKey": "输液室|||S3|||toElevator",
          "routeCount": 2,
          "pointsBefore": 6,
          "pointsAfter": 6,
          "turnsBefore": 0,
          "turnsAfter": 0,
          "runtimeMapReproduced": false,
          "baselineRuntimeClearancePx": null,
          "candidateRuntimeClearancePx": null,
          "mode": "collinear-only"
        },
        {
          "floor": "1楼",
          "representativeKey": "挂号缴费|||S2|||toElevator",
          "routeCount": 2,
          "pointsBefore": 11,
          "pointsAfter": 8,
          "turnsBefore": 0,
          "turnsAfter": 0,
          "runtimeMapReproduced": false,
          "baselineRuntimeClearancePx": null,
          "candidateRuntimeClearancePx": null,
          "mode": "collinear-only"
        },
        {
          "floor": "1楼",
          "representativeKey": "中药房|||S2|||toElevator",
          "routeCount": 4,
          "pointsBefore": 8,
          "pointsAfter": 5,
          "turnsBefore": 1,
          "turnsAfter": 1,
          "runtimeMapReproduced": false,
          "baselineRuntimeClearancePx": null,
          "candidateRuntimeClearancePx": null,
          "mode": "collinear-only"
        },
        {
          "floor": "1楼",
          "representativeKey": "儿科门诊|||S2|||toElevator",
          "routeCount": 2,
          "pointsBefore": 26,
          "pointsAfter": 11,
          "turnsBefore": 3,
          "turnsAfter": 3,
          "runtimeMapReproduced": false,
          "baselineRuntimeClearancePx": null,
          "candidateRuntimeClearancePx": null,
          "mode": "collinear-only"
        },
        {
          "floor": "1楼",
          "representativeKey": "输液室|||S2|||toElevator",
          "routeCount": 2,
          "pointsBefore": 7,
          "pointsAfter": 6,
          "turnsBefore": 1,
          "turnsAfter": 1,
          "runtimeMapReproduced": false,
          "baselineRuntimeClearancePx": null,
          "candidateRuntimeClearancePx": null,
          "mode": "collinear-only"
        },
        {
          "floor": "1楼",
          "representativeKey": "急诊科|||S2|||toElevator",
          "routeCount": 2,
          "pointsBefore": 8,
          "pointsAfter": 7,
          "turnsBefore": 2,
          "turnsAfter": 2,
          "runtimeMapReproduced": false,
          "baselineRuntimeClearancePx": null,
          "candidateRuntimeClearancePx": null,
          "mode": "collinear-only"
        },
        {
          "floor": "1楼",
          "representativeKey": "大伤门诊|||S2|||toElevator",
          "routeCount": 2,
          "pointsBefore": 7,
          "pointsAfter": 6,
          "turnsBefore": 2,
          "turnsAfter": 2,
          "runtimeMapReproduced": false,
          "baselineRuntimeClearancePx": null,
          "candidateRuntimeClearancePx": null,
          "mode": "collinear-only"
        },
        {
          "floor": "1楼",
          "representativeKey": "中药房|||S6|||toElevator",
          "routeCount": 4,
          "pointsBefore": 23,
          "pointsAfter": 9,
          "turnsBefore": 0,
          "turnsAfter": 0,
          "runtimeMapReproduced": false,
          "baselineRuntimeClearancePx": null,
          "candidateRuntimeClearancePx": null,
          "mode": "collinear-only"
        },
        {
          "floor": "1楼",
          "representativeKey": "中药房|||S5|||toElevator",
          "routeCount": 4,
          "pointsBefore": 5,
          "pointsAfter": 5,
          "turnsBefore": 0,
          "turnsAfter": 0,
          "runtimeMapReproduced": false,
          "baselineRuntimeClearancePx": null,
          "candidateRuntimeClearancePx": null,
          "mode": "collinear-only"
        },
        {
          "floor": "1楼",
          "representativeKey": "中药房|||S4|||toElevator",
          "routeCount": 4,
          "pointsBefore": 2,
          "pointsAfter": 2,
          "turnsBefore": 0,
          "turnsAfter": 0,
          "runtimeMapReproduced": false,
          "baselineRuntimeClearancePx": null,
          "candidateRuntimeClearancePx": null,
          "mode": "collinear-only"
        },
        {
          "floor": "1楼",
          "representativeKey": "急诊科|||S4|||toElevator",
          "routeCount": 2,
          "pointsBefore": 19,
          "pointsAfter": 7,
          "turnsBefore": 2,
          "turnsAfter": 2,
          "runtimeMapReproduced": false,
          "baselineRuntimeClearancePx": null,
          "candidateRuntimeClearancePx": null,
          "mode": "collinear-only"
        },
        {
          "floor": "1楼",
          "representativeKey": "大伤门诊|||S4|||toElevator",
          "routeCount": 2,
          "pointsBefore": 26,
          "pointsAfter": 17,
          "turnsBefore": 1,
          "turnsAfter": 1,
          "runtimeMapReproduced": false,
          "baselineRuntimeClearancePx": null,
          "candidateRuntimeClearancePx": null,
          "mode": "collinear-only"
        },
        {
          "floor": "1楼",
          "representativeKey": "输液室|||S4|||toElevator",
          "routeCount": 2,
          "pointsBefore": 16,
          "pointsAfter": 5,
          "turnsBefore": 1,
          "turnsAfter": 1,
          "runtimeMapReproduced": false,
          "baselineRuntimeClearancePx": null,
          "candidateRuntimeClearancePx": null,
          "mode": "collinear-only"
        },
        {
          "floor": "1楼",
          "representativeKey": "挂号缴费|||S4|||toElevator",
          "routeCount": 2,
          "pointsBefore": 3,
          "pointsAfter": 3,
          "turnsBefore": 0,
          "turnsAfter": 0,
          "runtimeMapReproduced": false,
          "baselineRuntimeClearancePx": null,
          "candidateRuntimeClearancePx": null,
          "mode": "collinear-only"
        },
        {
          "floor": "1楼",
          "representativeKey": "儿科门诊|||S4|||toElevator",
          "routeCount": 2,
          "pointsBefore": 5,
          "pointsAfter": 5,
          "turnsBefore": 0,
          "turnsAfter": 0,
          "runtimeMapReproduced": false,
          "baselineRuntimeClearancePx": null,
          "candidateRuntimeClearancePx": null,
          "mode": "collinear-only"
        },
        {
          "floor": "1楼",
          "representativeKey": "急诊科|||S5|||toElevator",
          "routeCount": 2,
          "pointsBefore": 25,
          "pointsAfter": 7,
          "turnsBefore": 1,
          "turnsAfter": 1,
          "runtimeMapReproduced": false,
          "baselineRuntimeClearancePx": null,
          "candidateRuntimeClearancePx": null,
          "mode": "collinear-only"
        },
        {
          "floor": "1楼",
          "representativeKey": "儿科门诊|||S5|||toElevator",
          "routeCount": 2,
          "pointsBefore": 31,
          "pointsAfter": 7,
          "turnsBefore": 2,
          "turnsAfter": 2,
          "runtimeMapReproduced": false,
          "baselineRuntimeClearancePx": null,
          "candidateRuntimeClearancePx": null,
          "mode": "collinear-only"
        },
        {
          "floor": "1楼",
          "representativeKey": "挂号缴费|||S5|||toElevator",
          "routeCount": 2,
          "pointsBefore": 26,
          "pointsAfter": 6,
          "turnsBefore": 1,
          "turnsAfter": 1,
          "runtimeMapReproduced": false,
          "baselineRuntimeClearancePx": null,
          "candidateRuntimeClearancePx": null,
          "mode": "collinear-only"
        },
        {
          "floor": "1楼",
          "representativeKey": "输液室|||S5|||toElevator",
          "routeCount": 2,
          "pointsBefore": 3,
          "pointsAfter": 3,
          "turnsBefore": 0,
          "turnsAfter": 0,
          "runtimeMapReproduced": false,
          "baselineRuntimeClearancePx": null,
          "candidateRuntimeClearancePx": null,
          "mode": "collinear-only"
        },
        {
          "floor": "1楼",
          "representativeKey": "大伤门诊|||S5|||toElevator",
          "routeCount": 2,
          "pointsBefore": 9,
          "pointsAfter": 9,
          "turnsBefore": 0,
          "turnsAfter": 0,
          "runtimeMapReproduced": false,
          "baselineRuntimeClearancePx": null,
          "candidateRuntimeClearancePx": null,
          "mode": "collinear-only"
        },
        {
          "floor": "1楼",
          "representativeKey": "急诊科|||S6|||toElevator",
          "routeCount": 2,
          "pointsBefore": 10,
          "pointsAfter": 10,
          "turnsBefore": 2,
          "turnsAfter": 2,
          "runtimeMapReproduced": false,
          "baselineRuntimeClearancePx": null,
          "candidateRuntimeClearancePx": null,
          "mode": "collinear-only"
        },
        {
          "floor": "1楼",
          "representativeKey": "挂号缴费|||S6|||toElevator",
          "routeCount": 2,
          "pointsBefore": 16,
          "pointsAfter": 5,
          "turnsBefore": 1,
          "turnsAfter": 1,
          "runtimeMapReproduced": false,
          "baselineRuntimeClearancePx": null,
          "candidateRuntimeClearancePx": null,
          "mode": "collinear-only"
        },
        {
          "floor": "1楼",
          "representativeKey": "输液室|||S6|||toElevator",
          "routeCount": 2,
          "pointsBefore": 6,
          "pointsAfter": 6,
          "turnsBefore": 0,
          "turnsAfter": 0,
          "runtimeMapReproduced": false,
          "baselineRuntimeClearancePx": null,
          "candidateRuntimeClearancePx": null,
          "mode": "collinear-only"
        },
        {
          "floor": "1楼",
          "representativeKey": "大伤门诊|||S6|||toElevator",
          "routeCount": 2,
          "pointsBefore": 6,
          "pointsAfter": 6,
          "turnsBefore": 1,
          "turnsAfter": 1,
          "runtimeMapReproduced": false,
          "baselineRuntimeClearancePx": null,
          "candidateRuntimeClearancePx": null,
          "mode": "collinear-only"
        },
        {
          "floor": "1楼",
          "representativeKey": "儿科门诊|||S6|||toElevator",
          "routeCount": 2,
          "pointsBefore": 18,
          "pointsAfter": 8,
          "turnsBefore": 2,
          "turnsAfter": 2,
          "runtimeMapReproduced": false,
          "baselineRuntimeClearancePx": null,
          "candidateRuntimeClearancePx": null,
          "mode": "collinear-only"
        },
        {
          "floor": "2楼",
          "representativeKey": "计算机机房|||S1|||toElevator",
          "routeCount": 2,
          "pointsBefore": 6,
          "pointsAfter": 6,
          "turnsBefore": 1,
          "turnsAfter": 1,
          "runtimeMapReproduced": false,
          "baselineRuntimeClearancePx": null,
          "candidateRuntimeClearancePx": null,
          "mode": "collinear-only"
        },
        {
          "floor": "2楼",
          "representativeKey": "检验科|||S1|||toElevator",
          "routeCount": 2,
          "pointsBefore": 5,
          "pointsAfter": 5,
          "turnsBefore": 1,
          "turnsAfter": 1,
          "runtimeMapReproduced": false,
          "baselineRuntimeClearancePx": null,
          "candidateRuntimeClearancePx": null,
          "mode": "collinear-only"
        },
        {
          "floor": "2楼",
          "representativeKey": "急诊科办公区|||S1|||toElevator",
          "routeCount": 2,
          "pointsBefore": 5,
          "pointsAfter": 5,
          "turnsBefore": 1,
          "turnsAfter": 1,
          "runtimeMapReproduced": false,
          "baselineRuntimeClearancePx": null,
          "candidateRuntimeClearancePx": null,
          "mode": "collinear-only"
        },
        {
          "floor": "2楼",
          "representativeKey": "内科门诊|||S1|||toElevator",
          "routeCount": 2,
          "pointsBefore": 6,
          "pointsAfter": 6,
          "turnsBefore": 1,
          "turnsAfter": 1,
          "runtimeMapReproduced": false,
          "baselineRuntimeClearancePx": null,
          "candidateRuntimeClearancePx": null,
          "mode": "collinear-only"
        },
        {
          "floor": "2楼",
          "representativeKey": "多功能科|||S1|||toElevator",
          "routeCount": 2,
          "pointsBefore": 8,
          "pointsAfter": 5,
          "turnsBefore": 1,
          "turnsAfter": 1,
          "runtimeMapReproduced": false,
          "baselineRuntimeClearancePx": null,
          "candidateRuntimeClearancePx": null,
          "mode": "collinear-only"
        },
        {
          "floor": "2楼",
          "representativeKey": "外科门诊|||S1|||toElevator",
          "routeCount": 2,
          "pointsBefore": 4,
          "pointsAfter": 4,
          "turnsBefore": 0,
          "turnsAfter": 0,
          "runtimeMapReproduced": false,
          "baselineRuntimeClearancePx": null,
          "candidateRuntimeClearancePx": null,
          "mode": "collinear-only"
        },
        {
          "floor": "2楼",
          "representativeKey": "超声医学科|||S1|||toElevator",
          "routeCount": 2,
          "pointsBefore": 4,
          "pointsAfter": 4,
          "turnsBefore": 1,
          "turnsAfter": 1,
          "runtimeMapReproduced": false,
          "baselineRuntimeClearancePx": null,
          "candidateRuntimeClearancePx": null,
          "mode": "collinear-only"
        },
        {
          "floor": "2楼",
          "representativeKey": "中医馆|||S1|||toElevator",
          "routeCount": 2,
          "pointsBefore": 11,
          "pointsAfter": 11,
          "turnsBefore": 1,
          "turnsAfter": 1,
          "runtimeMapReproduced": false,
          "baselineRuntimeClearancePx": null,
          "candidateRuntimeClearancePx": null,
          "mode": "collinear-only"
        },
        {
          "floor": "2楼",
          "representativeKey": "妇科门诊|||S1|||toElevator",
          "routeCount": 2,
          "pointsBefore": 4,
          "pointsAfter": 4,
          "turnsBefore": 1,
          "turnsAfter": 1,
          "runtimeMapReproduced": false,
          "baselineRuntimeClearancePx": null,
          "candidateRuntimeClearancePx": null,
          "mode": "collinear-only"
        },
        {
          "floor": "2楼",
          "representativeKey": "伤口门诊|||S1|||toElevator",
          "routeCount": 2,
          "pointsBefore": 6,
          "pointsAfter": 6,
          "turnsBefore": 2,
          "turnsAfter": 2,
          "runtimeMapReproduced": false,
          "baselineRuntimeClearancePx": null,
          "candidateRuntimeClearancePx": null,
          "mode": "collinear-only"
        },
        {
          "floor": "2楼",
          "representativeKey": "多功能科|||S5|||toElevator",
          "routeCount": 2,
          "pointsBefore": 39,
          "pointsAfter": 10,
          "turnsBefore": 2,
          "turnsAfter": 2,
          "runtimeMapReproduced": false,
          "baselineRuntimeClearancePx": null,
          "candidateRuntimeClearancePx": null,
          "mode": "collinear-only"
        },
        {
          "floor": "2楼",
          "representativeKey": "多功能科|||S3|||toElevator",
          "routeCount": 2,
          "pointsBefore": 7,
          "pointsAfter": 7,
          "turnsBefore": 0,
          "turnsAfter": 0,
          "runtimeMapReproduced": false,
          "baselineRuntimeClearancePx": null,
          "candidateRuntimeClearancePx": null,
          "mode": "collinear-only"
        },
        {
          "floor": "2楼",
          "representativeKey": "多功能科|||S2|||toElevator",
          "routeCount": 2,
          "pointsBefore": 7,
          "pointsAfter": 7,
          "turnsBefore": 1,
          "turnsAfter": 1,
          "runtimeMapReproduced": false,
          "baselineRuntimeClearancePx": null,
          "candidateRuntimeClearancePx": null,
          "mode": "collinear-only"
        },
        {
          "floor": "2楼",
          "representativeKey": "多功能科|||S4|||toElevator",
          "routeCount": 2,
          "pointsBefore": 37,
          "pointsAfter": 9,
          "turnsBefore": 3,
          "turnsAfter": 3,
          "runtimeMapReproduced": false,
          "baselineRuntimeClearancePx": null,
          "candidateRuntimeClearancePx": null,
          "mode": "collinear-only"
        },
        {
          "floor": "2楼",
          "representativeKey": "多功能科|||S6|||toElevator",
          "routeCount": 2,
          "pointsBefore": 27,
          "pointsAfter": 14,
          "turnsBefore": 2,
          "turnsAfter": 2,
          "runtimeMapReproduced": false,
          "baselineRuntimeClearancePx": null,
          "candidateRuntimeClearancePx": null,
          "mode": "collinear-only"
        },
        {
          "floor": "2楼",
          "representativeKey": "超声医学科|||S2|||toElevator",
          "routeCount": 2,
          "pointsBefore": 3,
          "pointsAfter": 3,
          "turnsBefore": 0,
          "turnsAfter": 0,
          "runtimeMapReproduced": false,
          "baselineRuntimeClearancePx": null,
          "candidateRuntimeClearancePx": null,
          "mode": "collinear-only"
        },
        {
          "floor": "2楼",
          "representativeKey": "急诊科办公区|||S2|||toElevator",
          "routeCount": 2,
          "pointsBefore": 2,
          "pointsAfter": 2,
          "turnsBefore": 0,
          "turnsAfter": 0,
          "runtimeMapReproduced": false,
          "baselineRuntimeClearancePx": null,
          "candidateRuntimeClearancePx": null,
          "mode": "collinear-only"
        },
        {
          "floor": "2楼",
          "representativeKey": "计算机机房|||S2|||toElevator",
          "routeCount": 2,
          "pointsBefore": 2,
          "pointsAfter": 2,
          "turnsBefore": 0,
          "turnsAfter": 0,
          "runtimeMapReproduced": false,
          "baselineRuntimeClearancePx": null,
          "candidateRuntimeClearancePx": null,
          "mode": "collinear-only"
        },
        {
          "floor": "2楼",
          "representativeKey": "检验科|||S2|||toElevator",
          "routeCount": 2,
          "pointsBefore": 2,
          "pointsAfter": 2,
          "turnsBefore": 0,
          "turnsAfter": 0,
          "runtimeMapReproduced": false,
          "baselineRuntimeClearancePx": null,
          "candidateRuntimeClearancePx": null,
          "mode": "collinear-only"
        },
        {
          "floor": "2楼",
          "representativeKey": "内科门诊|||S2|||toElevator",
          "routeCount": 2,
          "pointsBefore": 29,
          "pointsAfter": 7,
          "turnsBefore": 2,
          "turnsAfter": 2,
          "runtimeMapReproduced": false,
          "baselineRuntimeClearancePx": null,
          "candidateRuntimeClearancePx": null,
          "mode": "collinear-only"
        },
        {
          "floor": "2楼",
          "representativeKey": "妇科门诊|||S2|||toElevator",
          "routeCount": 2,
          "pointsBefore": 5,
          "pointsAfter": 5,
          "turnsBefore": 1,
          "turnsAfter": 1,
          "runtimeMapReproduced": false,
          "baselineRuntimeClearancePx": null,
          "candidateRuntimeClearancePx": null,
          "mode": "collinear-only"
        },
        {
          "floor": "2楼",
          "representativeKey": "中医馆|||S2|||toElevator",
          "routeCount": 2,
          "pointsBefore": 12,
          "pointsAfter": 12,
          "turnsBefore": 1,
          "turnsAfter": 1,
          "runtimeMapReproduced": false,
          "baselineRuntimeClearancePx": null,
          "candidateRuntimeClearancePx": null,
          "mode": "collinear-only"
        },
        {
          "floor": "2楼",
          "representativeKey": "伤口门诊|||S2|||toElevator",
          "routeCount": 2,
          "pointsBefore": 8,
          "pointsAfter": 8,
          "turnsBefore": 2,
          "turnsAfter": 2,
          "runtimeMapReproduced": false,
          "baselineRuntimeClearancePx": null,
          "candidateRuntimeClearancePx": null,
          "mode": "collinear-only"
        },
        {
          "floor": "2楼",
          "representativeKey": "外科门诊|||S2|||toElevator",
          "routeCount": 2,
          "pointsBefore": 4,
          "pointsAfter": 4,
          "turnsBefore": 0,
          "turnsAfter": 0,
          "runtimeMapReproduced": false,
          "baselineRuntimeClearancePx": null,
          "candidateRuntimeClearancePx": null,
          "mode": "collinear-only"
        },
        {
          "floor": "2楼",
          "representativeKey": "急诊科办公区|||S5|||toElevator",
          "routeCount": 2,
          "pointsBefore": 29,
          "pointsAfter": 9,
          "turnsBefore": 2,
          "turnsAfter": 2,
          "runtimeMapReproduced": false,
          "baselineRuntimeClearancePx": null,
          "candidateRuntimeClearancePx": null,
          "mode": "collinear-only"
        },
        {
          "floor": "2楼",
          "representativeKey": "急诊科办公区|||S4|||toElevator",
          "routeCount": 2,
          "pointsBefore": 32,
          "pointsAfter": 11,
          "turnsBefore": 2,
          "turnsAfter": 2,
          "runtimeMapReproduced": false,
          "baselineRuntimeClearancePx": null,
          "candidateRuntimeClearancePx": null,
          "mode": "collinear-only"
        },
        {
          "floor": "2楼",
          "representativeKey": "急诊科办公区|||S6|||toElevator",
          "routeCount": 2,
          "pointsBefore": 20,
          "pointsAfter": 16,
          "turnsBefore": 1,
          "turnsAfter": 1,
          "runtimeMapReproduced": false,
          "baselineRuntimeClearancePx": null,
          "candidateRuntimeClearancePx": null,
          "mode": "collinear-only"
        },
        {
          "floor": "2楼",
          "representativeKey": "急诊科办公区|||S3|||toElevator",
          "routeCount": 2,
          "pointsBefore": 2,
          "pointsAfter": 2,
          "turnsBefore": 0,
          "turnsAfter": 0,
          "runtimeMapReproduced": false,
          "baselineRuntimeClearancePx": null,
          "candidateRuntimeClearancePx": null,
          "mode": "collinear-only"
        },
        {
          "floor": "2楼",
          "representativeKey": "计算机机房|||S5|||toElevator",
          "routeCount": 2,
          "pointsBefore": 28,
          "pointsAfter": 8,
          "turnsBefore": 2,
          "turnsAfter": 2,
          "runtimeMapReproduced": false,
          "baselineRuntimeClearancePx": null,
          "candidateRuntimeClearancePx": null,
          "mode": "collinear-only"
        },
        {
          "floor": "2楼",
          "representativeKey": "计算机机房|||S4|||toElevator",
          "routeCount": 2,
          "pointsBefore": 31,
          "pointsAfter": 10,
          "turnsBefore": 2,
          "turnsAfter": 2,
          "runtimeMapReproduced": false,
          "baselineRuntimeClearancePx": null,
          "candidateRuntimeClearancePx": null,
          "mode": "collinear-only"
        },
        {
          "floor": "2楼",
          "representativeKey": "计算机机房|||S6|||toElevator",
          "routeCount": 2,
          "pointsBefore": 19,
          "pointsAfter": 15,
          "turnsBefore": 1,
          "turnsAfter": 1,
          "runtimeMapReproduced": false,
          "baselineRuntimeClearancePx": null,
          "candidateRuntimeClearancePx": null,
          "mode": "collinear-only"
        },
        {
          "floor": "2楼",
          "representativeKey": "计算机机房|||S3|||toElevator",
          "routeCount": 2,
          "pointsBefore": 2,
          "pointsAfter": 2,
          "turnsBefore": 0,
          "turnsAfter": 0,
          "runtimeMapReproduced": false,
          "baselineRuntimeClearancePx": null,
          "candidateRuntimeClearancePx": null,
          "mode": "collinear-only"
        },
        {
          "floor": "2楼",
          "representativeKey": "检验科|||S6|||toElevator",
          "routeCount": 2,
          "pointsBefore": 19,
          "pointsAfter": 15,
          "turnsBefore": 1,
          "turnsAfter": 1,
          "runtimeMapReproduced": false,
          "baselineRuntimeClearancePx": null,
          "candidateRuntimeClearancePx": null,
          "mode": "collinear-only"
        },
        {
          "floor": "2楼",
          "representativeKey": "检验科|||S5|||toElevator",
          "routeCount": 2,
          "pointsBefore": 29,
          "pointsAfter": 9,
          "turnsBefore": 2,
          "turnsAfter": 2,
          "runtimeMapReproduced": false,
          "baselineRuntimeClearancePx": null,
          "candidateRuntimeClearancePx": null,
          "mode": "collinear-only"
        },
        {
          "floor": "2楼",
          "representativeKey": "检验科|||S4|||toElevator",
          "routeCount": 2,
          "pointsBefore": 32,
          "pointsAfter": 11,
          "turnsBefore": 2,
          "turnsAfter": 2,
          "runtimeMapReproduced": false,
          "baselineRuntimeClearancePx": null,
          "candidateRuntimeClearancePx": null,
          "mode": "collinear-only"
        },
        {
          "floor": "2楼",
          "representativeKey": "检验科|||S3|||toElevator",
          "routeCount": 2,
          "pointsBefore": 2,
          "pointsAfter": 2,
          "turnsBefore": 0,
          "turnsAfter": 0,
          "runtimeMapReproduced": false,
          "baselineRuntimeClearancePx": null,
          "candidateRuntimeClearancePx": null,
          "mode": "collinear-only"
        },
        {
          "floor": "2楼",
          "representativeKey": "超声医学科|||S5|||toElevator",
          "routeCount": 2,
          "pointsBefore": 38,
          "pointsAfter": 9,
          "turnsBefore": 2,
          "turnsAfter": 2,
          "runtimeMapReproduced": false,
          "baselineRuntimeClearancePx": null,
          "candidateRuntimeClearancePx": null,
          "mode": "collinear-only"
        },
        {
          "floor": "2楼",
          "representativeKey": "超声医学科|||S4|||toElevator",
          "routeCount": 2,
          "pointsBefore": 38,
          "pointsAfter": 11,
          "turnsBefore": 2,
          "turnsAfter": 2,
          "runtimeMapReproduced": false,
          "baselineRuntimeClearancePx": null,
          "candidateRuntimeClearancePx": null,
          "mode": "collinear-only"
        },
        {
          "floor": "2楼",
          "representativeKey": "超声医学科|||S6|||toElevator",
          "routeCount": 2,
          "pointsBefore": 28,
          "pointsAfter": 16,
          "turnsBefore": 1,
          "turnsAfter": 1,
          "runtimeMapReproduced": false,
          "baselineRuntimeClearancePx": null,
          "candidateRuntimeClearancePx": null,
          "mode": "collinear-only"
        },
        {
          "floor": "2楼",
          "representativeKey": "超声医学科|||S3|||toElevator",
          "routeCount": 2,
          "pointsBefore": 2,
          "pointsAfter": 2,
          "turnsBefore": 0,
          "turnsAfter": 0,
          "runtimeMapReproduced": false,
          "baselineRuntimeClearancePx": null,
          "candidateRuntimeClearancePx": null,
          "mode": "collinear-only"
        },
        {
          "floor": "2楼",
          "representativeKey": "内科门诊|||S3|||toElevator",
          "routeCount": 2,
          "pointsBefore": 31,
          "pointsAfter": 7,
          "turnsBefore": 2,
          "turnsAfter": 2,
          "runtimeMapReproduced": false,
          "baselineRuntimeClearancePx": null,
          "candidateRuntimeClearancePx": null,
          "mode": "collinear-only"
        },
        {
          "floor": "2楼",
          "representativeKey": "妇科门诊|||S3|||toElevator",
          "routeCount": 2,
          "pointsBefore": 5,
          "pointsAfter": 5,
          "turnsBefore": 2,
          "turnsAfter": 2,
          "runtimeMapReproduced": false,
          "baselineRuntimeClearancePx": null,
          "candidateRuntimeClearancePx": null,
          "mode": "collinear-only"
        },
        {
          "floor": "2楼",
          "representativeKey": "中医馆|||S3|||toElevator",
          "routeCount": 2,
          "pointsBefore": 12,
          "pointsAfter": 12,
          "turnsBefore": 2,
          "turnsAfter": 2,
          "runtimeMapReproduced": false,
          "baselineRuntimeClearancePx": null,
          "candidateRuntimeClearancePx": null,
          "mode": "collinear-only"
        },
        {
          "floor": "2楼",
          "representativeKey": "伤口门诊|||S3|||toElevator",
          "routeCount": 2,
          "pointsBefore": 8,
          "pointsAfter": 8,
          "turnsBefore": 3,
          "turnsAfter": 3,
          "runtimeMapReproduced": false,
          "baselineRuntimeClearancePx": null,
          "candidateRuntimeClearancePx": null,
          "mode": "collinear-only"
        },
        {
          "floor": "2楼",
          "representativeKey": "外科门诊|||S3|||toElevator",
          "routeCount": 2,
          "pointsBefore": 4,
          "pointsAfter": 4,
          "turnsBefore": 1,
          "turnsAfter": 1,
          "runtimeMapReproduced": false,
          "baselineRuntimeClearancePx": null,
          "candidateRuntimeClearancePx": null,
          "mode": "collinear-only"
        },
        {
          "floor": "2楼",
          "representativeKey": "内科门诊|||S4|||toElevator",
          "routeCount": 2,
          "pointsBefore": 8,
          "pointsAfter": 8,
          "turnsBefore": 3,
          "turnsAfter": 3,
          "runtimeMapReproduced": false,
          "baselineRuntimeClearancePx": null,
          "candidateRuntimeClearancePx": null,
          "mode": "collinear-only"
        },
        {
          "floor": "2楼",
          "representativeKey": "外科门诊|||S4|||toElevator",
          "routeCount": 2,
          "pointsBefore": 7,
          "pointsAfter": 5,
          "turnsBefore": 0,
          "turnsAfter": 0,
          "runtimeMapReproduced": false,
          "baselineRuntimeClearancePx": null,
          "candidateRuntimeClearancePx": null,
          "mode": "collinear-only"
        },
        {
          "floor": "2楼",
          "representativeKey": "妇科门诊|||S4|||toElevator",
          "routeCount": 2,
          "pointsBefore": 4,
          "pointsAfter": 4,
          "turnsBefore": 0,
          "turnsAfter": 0,
          "runtimeMapReproduced": false,
          "baselineRuntimeClearancePx": null,
          "candidateRuntimeClearancePx": null,
          "mode": "collinear-only"
        },
        {
          "floor": "2楼",
          "representativeKey": "伤口门诊|||S4|||toElevator",
          "routeCount": 2,
          "pointsBefore": 9,
          "pointsAfter": 9,
          "turnsBefore": 1,
          "turnsAfter": 1,
          "runtimeMapReproduced": false,
          "baselineRuntimeClearancePx": null,
          "candidateRuntimeClearancePx": null,
          "mode": "collinear-only"
        },
        {
          "floor": "2楼",
          "representativeKey": "中医馆|||S4|||toElevator",
          "routeCount": 2,
          "pointsBefore": 8,
          "pointsAfter": 8,
          "turnsBefore": 0,
          "turnsAfter": 0,
          "runtimeMapReproduced": false,
          "baselineRuntimeClearancePx": null,
          "candidateRuntimeClearancePx": null,
          "mode": "collinear-only"
        },
        {
          "floor": "2楼",
          "representativeKey": "妇科门诊|||S5|||toElevator",
          "routeCount": 2,
          "pointsBefore": 5,
          "pointsAfter": 5,
          "turnsBefore": 1,
          "turnsAfter": 1,
          "runtimeMapReproduced": false,
          "baselineRuntimeClearancePx": null,
          "candidateRuntimeClearancePx": null,
          "mode": "collinear-only"
        },
        {
          "floor": "2楼",
          "representativeKey": "伤口门诊|||S5|||toElevator",
          "routeCount": 2,
          "pointsBefore": 10,
          "pointsAfter": 10,
          "turnsBefore": 2,
          "turnsAfter": 2,
          "runtimeMapReproduced": false,
          "baselineRuntimeClearancePx": null,
          "candidateRuntimeClearancePx": null,
          "mode": "collinear-only"
        },
        {
          "floor": "2楼",
          "representativeKey": "中医馆|||S5|||toElevator",
          "routeCount": 2,
          "pointsBefore": 9,
          "pointsAfter": 9,
          "turnsBefore": 1,
          "turnsAfter": 1,
          "runtimeMapReproduced": false,
          "baselineRuntimeClearancePx": null,
          "candidateRuntimeClearancePx": null,
          "mode": "collinear-only"
        },
        {
          "floor": "2楼",
          "representativeKey": "内科门诊|||S5|||toElevator",
          "routeCount": 2,
          "pointsBefore": 6,
          "pointsAfter": 6,
          "turnsBefore": 2,
          "turnsAfter": 2,
          "runtimeMapReproduced": false,
          "baselineRuntimeClearancePx": null,
          "candidateRuntimeClearancePx": null,
          "mode": "collinear-only"
        },
        {
          "floor": "2楼",
          "representativeKey": "外科门诊|||S5|||toElevator",
          "routeCount": 2,
          "pointsBefore": 7,
          "pointsAfter": 5,
          "turnsBefore": 0,
          "turnsAfter": 0,
          "runtimeMapReproduced": false,
          "baselineRuntimeClearancePx": null,
          "candidateRuntimeClearancePx": null,
          "mode": "collinear-only"
        },
        {
          "floor": "2楼",
          "representativeKey": "妇科门诊|||S6|||toElevator",
          "routeCount": 2,
          "pointsBefore": 19,
          "pointsAfter": 8,
          "turnsBefore": 0,
          "turnsAfter": 0,
          "runtimeMapReproduced": false,
          "baselineRuntimeClearancePx": null,
          "candidateRuntimeClearancePx": null,
          "mode": "collinear-only"
        },
        {
          "floor": "2楼",
          "representativeKey": "伤口门诊|||S6|||toElevator",
          "routeCount": 2,
          "pointsBefore": 16,
          "pointsAfter": 4,
          "turnsBefore": 0,
          "turnsAfter": 0,
          "runtimeMapReproduced": false,
          "baselineRuntimeClearancePx": null,
          "candidateRuntimeClearancePx": null,
          "mode": "collinear-only"
        },
        {
          "floor": "2楼",
          "representativeKey": "外科门诊|||S6|||toElevator",
          "routeCount": 2,
          "pointsBefore": 16,
          "pointsAfter": 5,
          "turnsBefore": 0,
          "turnsAfter": 0,
          "runtimeMapReproduced": false,
          "baselineRuntimeClearancePx": null,
          "candidateRuntimeClearancePx": null,
          "mode": "collinear-only"
        },
        {
          "floor": "2楼",
          "representativeKey": "中医馆|||S6|||toElevator",
          "routeCount": 2,
          "pointsBefore": 6,
          "pointsAfter": 6,
          "turnsBefore": 0,
          "turnsAfter": 0,
          "runtimeMapReproduced": false,
          "baselineRuntimeClearancePx": null,
          "candidateRuntimeClearancePx": null,
          "mode": "collinear-only"
        },
        {
          "floor": "2楼",
          "representativeKey": "内科门诊|||S6|||toElevator",
          "routeCount": 2,
          "pointsBefore": 12,
          "pointsAfter": 11,
          "turnsBefore": 1,
          "turnsAfter": 1,
          "runtimeMapReproduced": false,
          "baselineRuntimeClearancePx": null,
          "candidateRuntimeClearancePx": null,
          "mode": "collinear-only"
        },
        {
          "floor": "3楼",
          "representativeKey": "耳鼻喉科门诊|||S1|||toElevator",
          "routeCount": 4,
          "pointsBefore": 2,
          "pointsAfter": 2,
          "turnsBefore": 0,
          "turnsAfter": 0,
          "runtimeMapReproduced": false,
          "baselineRuntimeClearancePx": null,
          "candidateRuntimeClearancePx": null,
          "mode": "collinear-only"
        },
        {
          "floor": "3楼",
          "representativeKey": "内镜诊疗中心|||S1|||toElevator",
          "routeCount": 2,
          "pointsBefore": 5,
          "pointsAfter": 5,
          "turnsBefore": 1,
          "turnsAfter": 1,
          "runtimeMapReproduced": false,
          "baselineRuntimeClearancePx": null,
          "candidateRuntimeClearancePx": null,
          "mode": "collinear-only"
        },
        {
          "floor": "3楼",
          "representativeKey": "血液透析科|||S1|||toElevator",
          "routeCount": 2,
          "pointsBefore": 5,
          "pointsAfter": 5,
          "turnsBefore": 1,
          "turnsAfter": 1,
          "runtimeMapReproduced": false,
          "baselineRuntimeClearancePx": null,
          "candidateRuntimeClearancePx": null,
          "mode": "collinear-only"
        },
        {
          "floor": "3楼",
          "representativeKey": "口腔科门诊|||S1|||toElevator",
          "routeCount": 2,
          "pointsBefore": 5,
          "pointsAfter": 5,
          "turnsBefore": 1,
          "turnsAfter": 1,
          "runtimeMapReproduced": false,
          "baselineRuntimeClearancePx": null,
          "candidateRuntimeClearancePx": null,
          "mode": "collinear-only"
        },
        {
          "floor": "3楼",
          "representativeKey": "皮肤科门诊|||S1|||toElevator",
          "routeCount": 2,
          "pointsBefore": 18,
          "pointsAfter": 13,
          "turnsBefore": 1,
          "turnsAfter": 1,
          "runtimeMapReproduced": false,
          "baselineRuntimeClearancePx": null,
          "candidateRuntimeClearancePx": null,
          "mode": "collinear-only"
        },
        {
          "floor": "3楼",
          "representativeKey": "产科门诊|||S1|||toElevator",
          "routeCount": 2,
          "pointsBefore": 4,
          "pointsAfter": 4,
          "turnsBefore": 1,
          "turnsAfter": 1,
          "runtimeMapReproduced": false,
          "baselineRuntimeClearancePx": null,
          "candidateRuntimeClearancePx": null,
          "mode": "collinear-only"
        },
        {
          "floor": "3楼",
          "representativeKey": "肛肠科门诊|||S1|||toElevator",
          "routeCount": 2,
          "pointsBefore": 16,
          "pointsAfter": 8,
          "turnsBefore": 1,
          "turnsAfter": 1,
          "runtimeMapReproduced": false,
          "baselineRuntimeClearancePx": null,
          "candidateRuntimeClearancePx": null,
          "mode": "collinear-only"
        },
        {
          "floor": "3楼",
          "representativeKey": "泌尿科门诊|||S1|||toElevator",
          "routeCount": 2,
          "pointsBefore": 9,
          "pointsAfter": 8,
          "turnsBefore": 0,
          "turnsAfter": 0,
          "runtimeMapReproduced": false,
          "baselineRuntimeClearancePx": null,
          "candidateRuntimeClearancePx": null,
          "mode": "collinear-only"
        },
        {
          "floor": "3楼",
          "representativeKey": "碎石室|||S1|||toElevator",
          "routeCount": 2,
          "pointsBefore": 9,
          "pointsAfter": 8,
          "turnsBefore": 2,
          "turnsAfter": 2,
          "runtimeMapReproduced": false,
          "baselineRuntimeClearancePx": null,
          "candidateRuntimeClearancePx": null,
          "mode": "collinear-only"
        },
        {
          "floor": "3楼",
          "representativeKey": "耳鼻喉科门诊|||S5|||toElevator",
          "routeCount": 4,
          "pointsBefore": 29,
          "pointsAfter": 8,
          "turnsBefore": 2,
          "turnsAfter": 2,
          "runtimeMapReproduced": false,
          "baselineRuntimeClearancePx": null,
          "candidateRuntimeClearancePx": null,
          "mode": "collinear-only"
        },
        {
          "floor": "3楼",
          "representativeKey": "耳鼻喉科门诊|||S4|||toElevator",
          "routeCount": 4,
          "pointsBefore": 30,
          "pointsAfter": 9,
          "turnsBefore": 2,
          "turnsAfter": 2,
          "runtimeMapReproduced": false,
          "baselineRuntimeClearancePx": null,
          "candidateRuntimeClearancePx": null,
          "mode": "collinear-only"
        },
        {
          "floor": "3楼",
          "representativeKey": "耳鼻喉科门诊|||S6|||toElevator",
          "routeCount": 4,
          "pointsBefore": 31,
          "pointsAfter": 18,
          "turnsBefore": 2,
          "turnsAfter": 2,
          "runtimeMapReproduced": false,
          "baselineRuntimeClearancePx": null,
          "candidateRuntimeClearancePx": null,
          "mode": "collinear-only"
        },
        {
          "floor": "3楼",
          "representativeKey": "耳鼻喉科门诊|||S7|||toElevator",
          "routeCount": 4,
          "pointsBefore": 36,
          "pointsAfter": 21,
          "turnsBefore": 2,
          "turnsAfter": 2,
          "runtimeMapReproduced": false,
          "baselineRuntimeClearancePx": null,
          "candidateRuntimeClearancePx": null,
          "mode": "collinear-only"
        },
        {
          "floor": "3楼",
          "representativeKey": "耳鼻喉科门诊|||S3|||toElevator",
          "routeCount": 4,
          "pointsBefore": 4,
          "pointsAfter": 4,
          "turnsBefore": 0,
          "turnsAfter": 0,
          "runtimeMapReproduced": false,
          "baselineRuntimeClearancePx": null,
          "candidateRuntimeClearancePx": null,
          "mode": "collinear-only"
        },
        {
          "floor": "3楼",
          "representativeKey": "耳鼻喉科门诊|||S2|||toElevator",
          "routeCount": 4,
          "pointsBefore": 17,
          "pointsAfter": 5,
          "turnsBefore": 1,
          "turnsAfter": 1,
          "runtimeMapReproduced": false,
          "baselineRuntimeClearancePx": null,
          "candidateRuntimeClearancePx": null,
          "mode": "collinear-only"
        },
        {
          "floor": "3楼",
          "representativeKey": "内镜诊疗中心|||S2|||toElevator",
          "routeCount": 2,
          "pointsBefore": 2,
          "pointsAfter": 2,
          "turnsBefore": 0,
          "turnsAfter": 0,
          "runtimeMapReproduced": false,
          "baselineRuntimeClearancePx": null,
          "candidateRuntimeClearancePx": null,
          "mode": "collinear-only"
        },
        {
          "floor": "3楼",
          "representativeKey": "血液透析科|||S2|||toElevator",
          "routeCount": 2,
          "pointsBefore": 2,
          "pointsAfter": 2,
          "turnsBefore": 0,
          "turnsAfter": 0,
          "runtimeMapReproduced": false,
          "baselineRuntimeClearancePx": null,
          "candidateRuntimeClearancePx": null,
          "mode": "collinear-only"
        },
        {
          "floor": "3楼",
          "representativeKey": "皮肤科门诊|||S2|||toElevator",
          "routeCount": 2,
          "pointsBefore": 23,
          "pointsAfter": 17,
          "turnsBefore": 1,
          "turnsAfter": 1,
          "runtimeMapReproduced": false,
          "baselineRuntimeClearancePx": null,
          "candidateRuntimeClearancePx": null,
          "mode": "collinear-only"
        },
        {
          "floor": "3楼",
          "representativeKey": "产科门诊|||S2|||toElevator",
          "routeCount": 2,
          "pointsBefore": 6,
          "pointsAfter": 6,
          "turnsBefore": 1,
          "turnsAfter": 1,
          "runtimeMapReproduced": false,
          "baselineRuntimeClearancePx": null,
          "candidateRuntimeClearancePx": null,
          "mode": "collinear-only"
        },
        {
          "floor": "3楼",
          "representativeKey": "肛肠科门诊|||S2|||toElevator",
          "routeCount": 2,
          "pointsBefore": 21,
          "pointsAfter": 11,
          "turnsBefore": 1,
          "turnsAfter": 1,
          "runtimeMapReproduced": false,
          "baselineRuntimeClearancePx": null,
          "candidateRuntimeClearancePx": null,
          "mode": "collinear-only"
        },
        {
          "floor": "3楼",
          "representativeKey": "泌尿科门诊|||S2|||toElevator",
          "routeCount": 2,
          "pointsBefore": 14,
          "pointsAfter": 11,
          "turnsBefore": 0,
          "turnsAfter": 0,
          "runtimeMapReproduced": false,
          "baselineRuntimeClearancePx": null,
          "candidateRuntimeClearancePx": null,
          "mode": "collinear-only"
        },
        {
          "floor": "3楼",
          "representativeKey": "碎石室|||S2|||toElevator",
          "routeCount": 2,
          "pointsBefore": 14,
          "pointsAfter": 11,
          "turnsBefore": 2,
          "turnsAfter": 2,
          "runtimeMapReproduced": false,
          "baselineRuntimeClearancePx": null,
          "candidateRuntimeClearancePx": null,
          "mode": "collinear-only"
        },
        {
          "floor": "3楼",
          "representativeKey": "口腔科门诊|||S2|||toElevator",
          "routeCount": 2,
          "pointsBefore": 3,
          "pointsAfter": 3,
          "turnsBefore": 0,
          "turnsAfter": 0,
          "runtimeMapReproduced": false,
          "baselineRuntimeClearancePx": null,
          "candidateRuntimeClearancePx": null,
          "mode": "collinear-only"
        },
        {
          "floor": "3楼",
          "representativeKey": "内镜诊疗中心|||S5|||toElevator",
          "routeCount": 2,
          "pointsBefore": 10,
          "pointsAfter": 10,
          "turnsBefore": 2,
          "turnsAfter": 2,
          "runtimeMapReproduced": false,
          "baselineRuntimeClearancePx": null,
          "candidateRuntimeClearancePx": null,
          "mode": "collinear-only"
        },
        {
          "floor": "3楼",
          "representativeKey": "内镜诊疗中心|||S4|||toElevator",
          "routeCount": 2,
          "pointsBefore": 11,
          "pointsAfter": 11,
          "turnsBefore": 2,
          "turnsAfter": 2,
          "runtimeMapReproduced": false,
          "baselineRuntimeClearancePx": null,
          "candidateRuntimeClearancePx": null,
          "mode": "collinear-only"
        },
        {
          "floor": "3楼",
          "representativeKey": "内镜诊疗中心|||S6|||toElevator",
          "routeCount": 2,
          "pointsBefore": 22,
          "pointsAfter": 18,
          "turnsBefore": 2,
          "turnsAfter": 2,
          "runtimeMapReproduced": false,
          "baselineRuntimeClearancePx": null,
          "candidateRuntimeClearancePx": null,
          "mode": "collinear-only"
        },
        {
          "floor": "3楼",
          "representativeKey": "内镜诊疗中心|||S7|||toElevator",
          "routeCount": 2,
          "pointsBefore": 28,
          "pointsAfter": 21,
          "turnsBefore": 2,
          "turnsAfter": 2,
          "runtimeMapReproduced": false,
          "baselineRuntimeClearancePx": null,
          "candidateRuntimeClearancePx": null,
          "mode": "collinear-only"
        },
        {
          "floor": "3楼",
          "representativeKey": "内镜诊疗中心|||S3|||toElevator",
          "routeCount": 2,
          "pointsBefore": 2,
          "pointsAfter": 2,
          "turnsBefore": 0,
          "turnsAfter": 0,
          "runtimeMapReproduced": false,
          "baselineRuntimeClearancePx": null,
          "candidateRuntimeClearancePx": null,
          "mode": "collinear-only"
        },
        {
          "floor": "3楼",
          "representativeKey": "血液透析科|||S5|||toElevator",
          "routeCount": 2,
          "pointsBefore": 10,
          "pointsAfter": 10,
          "turnsBefore": 2,
          "turnsAfter": 2,
          "runtimeMapReproduced": false,
          "baselineRuntimeClearancePx": null,
          "candidateRuntimeClearancePx": null,
          "mode": "collinear-only"
        },
        {
          "floor": "3楼",
          "representativeKey": "血液透析科|||S4|||toElevator",
          "routeCount": 2,
          "pointsBefore": 11,
          "pointsAfter": 11,
          "turnsBefore": 2,
          "turnsAfter": 2,
          "runtimeMapReproduced": false,
          "baselineRuntimeClearancePx": null,
          "candidateRuntimeClearancePx": null,
          "mode": "collinear-only"
        },
        {
          "floor": "3楼",
          "representativeKey": "血液透析科|||S6|||toElevator",
          "routeCount": 2,
          "pointsBefore": 22,
          "pointsAfter": 18,
          "turnsBefore": 2,
          "turnsAfter": 2,
          "runtimeMapReproduced": false,
          "baselineRuntimeClearancePx": null,
          "candidateRuntimeClearancePx": null,
          "mode": "collinear-only"
        },
        {
          "floor": "3楼",
          "representativeKey": "血液透析科|||S7|||toElevator",
          "routeCount": 2,
          "pointsBefore": 28,
          "pointsAfter": 21,
          "turnsBefore": 2,
          "turnsAfter": 2,
          "runtimeMapReproduced": false,
          "baselineRuntimeClearancePx": null,
          "candidateRuntimeClearancePx": null,
          "mode": "collinear-only"
        },
        {
          "floor": "3楼",
          "representativeKey": "血液透析科|||S3|||toElevator",
          "routeCount": 2,
          "pointsBefore": 2,
          "pointsAfter": 2,
          "turnsBefore": 0,
          "turnsAfter": 0,
          "runtimeMapReproduced": false,
          "baselineRuntimeClearancePx": null,
          "candidateRuntimeClearancePx": null,
          "mode": "collinear-only"
        },
        {
          "floor": "3楼",
          "representativeKey": "产科门诊|||S3|||toElevator",
          "routeCount": 2,
          "pointsBefore": 28,
          "pointsAfter": 8,
          "turnsBefore": 2,
          "turnsAfter": 2,
          "runtimeMapReproduced": false,
          "baselineRuntimeClearancePx": null,
          "candidateRuntimeClearancePx": null,
          "mode": "collinear-only"
        },
        {
          "floor": "3楼",
          "representativeKey": "口腔科门诊|||S3|||toElevator",
          "routeCount": 2,
          "pointsBefore": 26,
          "pointsAfter": 6,
          "turnsBefore": 0,
          "turnsAfter": 0,
          "runtimeMapReproduced": false,
          "baselineRuntimeClearancePx": null,
          "candidateRuntimeClearancePx": null,
          "mode": "collinear-only"
        },
        {
          "floor": "3楼",
          "representativeKey": "肛肠科门诊|||S3|||toElevator",
          "routeCount": 2,
          "pointsBefore": 34,
          "pointsAfter": 13,
          "turnsBefore": 2,
          "turnsAfter": 2,
          "runtimeMapReproduced": false,
          "baselineRuntimeClearancePx": null,
          "candidateRuntimeClearancePx": null,
          "mode": "collinear-only"
        },
        {
          "floor": "3楼",
          "representativeKey": "泌尿科门诊|||S3|||toElevator",
          "routeCount": 2,
          "pointsBefore": 28,
          "pointsAfter": 13,
          "turnsBefore": 1,
          "turnsAfter": 1,
          "runtimeMapReproduced": false,
          "baselineRuntimeClearancePx": null,
          "candidateRuntimeClearancePx": null,
          "mode": "collinear-only"
        },
        {
          "floor": "3楼",
          "representativeKey": "碎石室|||S3|||toElevator",
          "routeCount": 2,
          "pointsBefore": 27,
          "pointsAfter": 13,
          "turnsBefore": 3,
          "turnsAfter": 3,
          "runtimeMapReproduced": false,
          "baselineRuntimeClearancePx": null,
          "candidateRuntimeClearancePx": null,
          "mode": "collinear-only"
        },
        {
          "floor": "3楼",
          "representativeKey": "皮肤科门诊|||S3|||toElevator",
          "routeCount": 2,
          "pointsBefore": 25,
          "pointsAfter": 16,
          "turnsBefore": 3,
          "turnsAfter": 3,
          "runtimeMapReproduced": false,
          "baselineRuntimeClearancePx": null,
          "candidateRuntimeClearancePx": null,
          "mode": "collinear-only"
        },
        {
          "floor": "3楼",
          "representativeKey": "口腔科门诊|||S4|||toElevator",
          "routeCount": 2,
          "pointsBefore": 26,
          "pointsAfter": 11,
          "turnsBefore": 3,
          "turnsAfter": 3,
          "runtimeMapReproduced": false,
          "baselineRuntimeClearancePx": null,
          "candidateRuntimeClearancePx": null,
          "mode": "collinear-only"
        },
        {
          "floor": "3楼",
          "representativeKey": "口腔科门诊|||S5|||toElevator",
          "routeCount": 2,
          "pointsBefore": 26,
          "pointsAfter": 10,
          "turnsBefore": 3,
          "turnsAfter": 3,
          "runtimeMapReproduced": false,
          "baselineRuntimeClearancePx": null,
          "candidateRuntimeClearancePx": null,
          "mode": "collinear-only"
        },
        {
          "floor": "3楼",
          "representativeKey": "口腔科门诊|||S6|||toElevator",
          "routeCount": 2,
          "pointsBefore": 26,
          "pointsAfter": 19,
          "turnsBefore": 4,
          "turnsAfter": 4,
          "runtimeMapReproduced": false,
          "baselineRuntimeClearancePx": null,
          "candidateRuntimeClearancePx": null,
          "mode": "collinear-only"
        },
        {
          "floor": "3楼",
          "representativeKey": "口腔科门诊|||S7|||toElevator",
          "routeCount": 2,
          "pointsBefore": 31,
          "pointsAfter": 22,
          "turnsBefore": 4,
          "turnsAfter": 4,
          "runtimeMapReproduced": false,
          "baselineRuntimeClearancePx": null,
          "candidateRuntimeClearancePx": null,
          "mode": "collinear-only"
        },
        {
          "floor": "3楼",
          "representativeKey": "肛肠科门诊|||S4|||toElevator",
          "routeCount": 2,
          "pointsBefore": 19,
          "pointsAfter": 13,
          "turnsBefore": 0,
          "turnsAfter": 0,
          "runtimeMapReproduced": false,
          "baselineRuntimeClearancePx": null,
          "candidateRuntimeClearancePx": null,
          "mode": "collinear-only"
        },
        {
          "floor": "3楼",
          "representativeKey": "碎石室|||S4|||toElevator",
          "routeCount": 2,
          "pointsBefore": 20,
          "pointsAfter": 12,
          "turnsBefore": 1,
          "turnsAfter": 1,
          "runtimeMapReproduced": false,
          "baselineRuntimeClearancePx": null,
          "candidateRuntimeClearancePx": null,
          "mode": "collinear-only"
        },
        {
          "floor": "3楼",
          "representativeKey": "产科门诊|||S4|||toElevator",
          "routeCount": 2,
          "pointsBefore": 4,
          "pointsAfter": 4,
          "turnsBefore": 0,
          "turnsAfter": 0,
          "runtimeMapReproduced": false,
          "baselineRuntimeClearancePx": null,
          "candidateRuntimeClearancePx": null,
          "mode": "collinear-only"
        },
        {
          "floor": "3楼",
          "representativeKey": "皮肤科门诊|||S4|||toElevator",
          "routeCount": 2,
          "pointsBefore": 8,
          "pointsAfter": 8,
          "turnsBefore": 0,
          "turnsAfter": 0,
          "runtimeMapReproduced": false,
          "baselineRuntimeClearancePx": null,
          "candidateRuntimeClearancePx": null,
          "mode": "collinear-only"
        },
        {
          "floor": "3楼",
          "representativeKey": "泌尿科门诊|||S4|||toElevator",
          "routeCount": 2,
          "pointsBefore": 8,
          "pointsAfter": 8,
          "turnsBefore": 0,
          "turnsAfter": 0,
          "runtimeMapReproduced": false,
          "baselineRuntimeClearancePx": null,
          "candidateRuntimeClearancePx": null,
          "mode": "collinear-only"
        },
        {
          "floor": "3楼",
          "representativeKey": "产科门诊|||S5|||toElevator",
          "routeCount": 2,
          "pointsBefore": 6,
          "pointsAfter": 6,
          "turnsBefore": 0,
          "turnsAfter": 0,
          "runtimeMapReproduced": false,
          "baselineRuntimeClearancePx": null,
          "candidateRuntimeClearancePx": null,
          "mode": "collinear-only"
        },
        {
          "floor": "3楼",
          "representativeKey": "皮肤科门诊|||S5|||toElevator",
          "routeCount": 2,
          "pointsBefore": 9,
          "pointsAfter": 9,
          "turnsBefore": 1,
          "turnsAfter": 1,
          "runtimeMapReproduced": false,
          "baselineRuntimeClearancePx": null,
          "candidateRuntimeClearancePx": null,
          "mode": "collinear-only"
        },
        {
          "floor": "3楼",
          "representativeKey": "泌尿科门诊|||S5|||toElevator",
          "routeCount": 2,
          "pointsBefore": 10,
          "pointsAfter": 8,
          "turnsBefore": 1,
          "turnsAfter": 1,
          "runtimeMapReproduced": false,
          "baselineRuntimeClearancePx": null,
          "candidateRuntimeClearancePx": null,
          "mode": "collinear-only"
        },
        {
          "floor": "3楼",
          "representativeKey": "肛肠科门诊|||S5|||toElevator",
          "routeCount": 2,
          "pointsBefore": 21,
          "pointsAfter": 10,
          "turnsBefore": 0,
          "turnsAfter": 0,
          "runtimeMapReproduced": false,
          "baselineRuntimeClearancePx": null,
          "candidateRuntimeClearancePx": null,
          "mode": "collinear-only"
        },
        {
          "floor": "3楼",
          "representativeKey": "碎石室|||S5|||toElevator",
          "routeCount": 2,
          "pointsBefore": 22,
          "pointsAfter": 10,
          "turnsBefore": 1,
          "turnsAfter": 1,
          "runtimeMapReproduced": false,
          "baselineRuntimeClearancePx": null,
          "candidateRuntimeClearancePx": null,
          "mode": "collinear-only"
        },
        {
          "floor": "3楼",
          "representativeKey": "产科门诊|||S6|||toElevator",
          "routeCount": 2,
          "pointsBefore": 27,
          "pointsAfter": 10,
          "turnsBefore": 2,
          "turnsAfter": 2,
          "runtimeMapReproduced": false,
          "baselineRuntimeClearancePx": null,
          "candidateRuntimeClearancePx": null,
          "mode": "collinear-only"
        },
        {
          "floor": "3楼",
          "representativeKey": "产科门诊|||S7|||toElevator",
          "routeCount": 2,
          "pointsBefore": 26,
          "pointsAfter": 14,
          "turnsBefore": 1,
          "turnsAfter": 1,
          "runtimeMapReproduced": false,
          "baselineRuntimeClearancePx": null,
          "candidateRuntimeClearancePx": null,
          "mode": "collinear-only"
        },
        {
          "floor": "3楼",
          "representativeKey": "泌尿科门诊|||S7|||toElevator",
          "routeCount": 2,
          "pointsBefore": 22,
          "pointsAfter": 12,
          "turnsBefore": 1,
          "turnsAfter": 1,
          "runtimeMapReproduced": false,
          "baselineRuntimeClearancePx": null,
          "candidateRuntimeClearancePx": null,
          "mode": "collinear-only"
        },
        {
          "floor": "3楼",
          "representativeKey": "碎石室|||S7|||toElevator",
          "routeCount": 2,
          "pointsBefore": 7,
          "pointsAfter": 7,
          "turnsBefore": 1,
          "turnsAfter": 1,
          "runtimeMapReproduced": false,
          "baselineRuntimeClearancePx": null,
          "candidateRuntimeClearancePx": null,
          "mode": "collinear-only"
        },
        {
          "floor": "3楼",
          "representativeKey": "肛肠科门诊|||S7|||toElevator",
          "routeCount": 2,
          "pointsBefore": 7,
          "pointsAfter": 7,
          "turnsBefore": 1,
          "turnsAfter": 1,
          "runtimeMapReproduced": false,
          "baselineRuntimeClearancePx": null,
          "candidateRuntimeClearancePx": null,
          "mode": "collinear-only"
        },
        {
          "floor": "3楼",
          "representativeKey": "皮肤科门诊|||S7|||toElevator",
          "routeCount": 2,
          "pointsBefore": 7,
          "pointsAfter": 7,
          "turnsBefore": 1,
          "turnsAfter": 1,
          "runtimeMapReproduced": false,
          "baselineRuntimeClearancePx": null,
          "candidateRuntimeClearancePx": null,
          "mode": "collinear-only"
        },
        {
          "floor": "3楼",
          "representativeKey": "肛肠科门诊|||S6|||toElevator",
          "routeCount": 2,
          "pointsBefore": 19,
          "pointsAfter": 7,
          "turnsBefore": 1,
          "turnsAfter": 1,
          "runtimeMapReproduced": false,
          "baselineRuntimeClearancePx": null,
          "candidateRuntimeClearancePx": null,
          "mode": "collinear-only"
        },
        {
          "floor": "3楼",
          "representativeKey": "泌尿科门诊|||S6|||toElevator",
          "routeCount": 2,
          "pointsBefore": 4,
          "pointsAfter": 4,
          "turnsBefore": 1,
          "turnsAfter": 1,
          "runtimeMapReproduced": false,
          "baselineRuntimeClearancePx": null,
          "candidateRuntimeClearancePx": null,
          "mode": "collinear-only"
        },
        {
          "floor": "3楼",
          "representativeKey": "碎石室|||S6|||toElevator",
          "routeCount": 2,
          "pointsBefore": 18,
          "pointsAfter": 7,
          "turnsBefore": 1,
          "turnsAfter": 1,
          "runtimeMapReproduced": false,
          "baselineRuntimeClearancePx": null,
          "candidateRuntimeClearancePx": null,
          "mode": "collinear-only"
        },
        {
          "floor": "3楼",
          "representativeKey": "皮肤科门诊|||S6|||toElevator",
          "routeCount": 2,
          "pointsBefore": 7,
          "pointsAfter": 7,
          "turnsBefore": 3,
          "turnsAfter": 3,
          "runtimeMapReproduced": false,
          "baselineRuntimeClearancePx": null,
          "candidateRuntimeClearancePx": null,
          "mode": "collinear-only"
        },
        {
          "floor": "4楼",
          "representativeKey": "病理科|||S1|||toElevator",
          "routeCount": 4,
          "pointsBefore": 2,
          "pointsAfter": 2,
          "turnsBefore": 0,
          "turnsAfter": 0,
          "runtimeMapReproduced": false,
          "baselineRuntimeClearancePx": null,
          "candidateRuntimeClearancePx": null,
          "mode": "collinear-only"
        },
        {
          "floor": "4楼",
          "representativeKey": "输血科|||S1|||toElevator",
          "routeCount": 2,
          "pointsBefore": 2,
          "pointsAfter": 2,
          "turnsBefore": 0,
          "turnsAfter": 0,
          "runtimeMapReproduced": false,
          "baselineRuntimeClearancePx": null,
          "candidateRuntimeClearancePx": null,
          "mode": "collinear-only"
        },
        {
          "floor": "4楼",
          "representativeKey": "病理科|||S3|||toElevator",
          "routeCount": 4,
          "pointsBefore": 6,
          "pointsAfter": 6,
          "turnsBefore": 1,
          "turnsAfter": 1,
          "runtimeMapReproduced": false,
          "baselineRuntimeClearancePx": null,
          "candidateRuntimeClearancePx": null,
          "mode": "collinear-only"
        },
        {
          "floor": "4楼",
          "representativeKey": "病理科|||S2|||toElevator",
          "routeCount": 4,
          "pointsBefore": 5,
          "pointsAfter": 5,
          "turnsBefore": 0,
          "turnsAfter": 0,
          "runtimeMapReproduced": false,
          "baselineRuntimeClearancePx": null,
          "candidateRuntimeClearancePx": null,
          "mode": "collinear-only"
        },
        {
          "floor": "4楼",
          "representativeKey": "病理科|||S4|||toElevator",
          "routeCount": 4,
          "pointsBefore": 49,
          "pointsAfter": 7,
          "turnsBefore": 2,
          "turnsAfter": 2,
          "runtimeMapReproduced": false,
          "baselineRuntimeClearancePx": null,
          "candidateRuntimeClearancePx": null,
          "mode": "collinear-only"
        },
        {
          "floor": "4楼",
          "representativeKey": "病理科|||S5|||toElevator",
          "routeCount": 4,
          "pointsBefore": 26,
          "pointsAfter": 7,
          "turnsBefore": 2,
          "turnsAfter": 2,
          "runtimeMapReproduced": false,
          "baselineRuntimeClearancePx": null,
          "candidateRuntimeClearancePx": null,
          "mode": "collinear-only"
        },
        {
          "floor": "4楼",
          "representativeKey": "病理科|||S6|||toElevator",
          "routeCount": 4,
          "pointsBefore": 26,
          "pointsAfter": 12,
          "turnsBefore": 1,
          "turnsAfter": 1,
          "runtimeMapReproduced": false,
          "baselineRuntimeClearancePx": null,
          "candidateRuntimeClearancePx": null,
          "mode": "collinear-only"
        },
        {
          "floor": "4楼",
          "representativeKey": "病理科|||S7|||toElevator",
          "routeCount": 4,
          "pointsBefore": 27,
          "pointsAfter": 20,
          "turnsBefore": 3,
          "turnsAfter": 3,
          "runtimeMapReproduced": false,
          "baselineRuntimeClearancePx": null,
          "candidateRuntimeClearancePx": null,
          "mode": "collinear-only"
        },
        {
          "floor": "4楼",
          "representativeKey": "输血科|||S3|||toElevator",
          "routeCount": 2,
          "pointsBefore": 2,
          "pointsAfter": 2,
          "turnsBefore": 0,
          "turnsAfter": 0,
          "runtimeMapReproduced": false,
          "baselineRuntimeClearancePx": null,
          "candidateRuntimeClearancePx": null,
          "mode": "collinear-only"
        },
        {
          "floor": "4楼",
          "representativeKey": "输血科|||S2|||toElevator",
          "routeCount": 2,
          "pointsBefore": 2,
          "pointsAfter": 2,
          "turnsBefore": 0,
          "turnsAfter": 0,
          "runtimeMapReproduced": false,
          "baselineRuntimeClearancePx": null,
          "candidateRuntimeClearancePx": null,
          "mode": "collinear-only"
        },
        {
          "floor": "4楼",
          "representativeKey": "输血科|||S4|||toElevator",
          "routeCount": 2,
          "pointsBefore": 57,
          "pointsAfter": 9,
          "turnsBefore": 2,
          "turnsAfter": 2,
          "runtimeMapReproduced": false,
          "baselineRuntimeClearancePx": null,
          "candidateRuntimeClearancePx": null,
          "mode": "collinear-only"
        },
        {
          "floor": "4楼",
          "representativeKey": "输血科|||S5|||toElevator",
          "routeCount": 2,
          "pointsBefore": 39,
          "pointsAfter": 9,
          "turnsBefore": 2,
          "turnsAfter": 2,
          "runtimeMapReproduced": false,
          "baselineRuntimeClearancePx": null,
          "candidateRuntimeClearancePx": null,
          "mode": "collinear-only"
        },
        {
          "floor": "4楼",
          "representativeKey": "输血科|||S6|||toElevator",
          "routeCount": 2,
          "pointsBefore": 31,
          "pointsAfter": 12,
          "turnsBefore": 2,
          "turnsAfter": 2,
          "runtimeMapReproduced": false,
          "baselineRuntimeClearancePx": null,
          "candidateRuntimeClearancePx": null,
          "mode": "collinear-only"
        },
        {
          "floor": "4楼",
          "representativeKey": "输血科|||S7|||toElevator",
          "routeCount": 2,
          "pointsBefore": 29,
          "pointsAfter": 18,
          "turnsBefore": 5,
          "turnsAfter": 5,
          "runtimeMapReproduced": false,
          "baselineRuntimeClearancePx": null,
          "candidateRuntimeClearancePx": null,
          "mode": "collinear-only"
        },
        {
          "floor": "5楼",
          "representativeKey": "静脉用药调配中心|||S1|||toElevator",
          "routeCount": 2,
          "pointsBefore": 4,
          "pointsAfter": 4,
          "turnsBefore": 0,
          "turnsAfter": 0,
          "runtimeMapReproduced": false,
          "baselineRuntimeClearancePx": null,
          "candidateRuntimeClearancePx": null,
          "mode": "collinear-only"
        },
        {
          "floor": "5楼",
          "representativeKey": "静脉用药调配中心|||S2|||toElevator",
          "routeCount": 2,
          "pointsBefore": 21,
          "pointsAfter": 6,
          "turnsBefore": 1,
          "turnsAfter": 1,
          "runtimeMapReproduced": false,
          "baselineRuntimeClearancePx": null,
          "candidateRuntimeClearancePx": null,
          "mode": "collinear-only"
        },
        {
          "floor": "5楼",
          "representativeKey": "静脉用药调配中心|||S3|||toElevator",
          "routeCount": 2,
          "pointsBefore": 17,
          "pointsAfter": 8,
          "turnsBefore": 2,
          "turnsAfter": 2,
          "runtimeMapReproduced": false,
          "baselineRuntimeClearancePx": null,
          "candidateRuntimeClearancePx": null,
          "mode": "collinear-only"
        },
        {
          "floor": "6楼",
          "representativeKey": "儿科病房|||S1|||toElevator",
          "routeCount": 2,
          "pointsBefore": 9,
          "pointsAfter": 9,
          "turnsBefore": 0,
          "turnsAfter": 0,
          "runtimeMapReproduced": false,
          "baselineRuntimeClearancePx": null,
          "candidateRuntimeClearancePx": null,
          "mode": "collinear-only"
        },
        {
          "floor": "6楼",
          "representativeKey": "儿科病房|||S3|||toElevator",
          "routeCount": 2,
          "pointsBefore": 4,
          "pointsAfter": 4,
          "turnsBefore": 0,
          "turnsAfter": 0,
          "runtimeMapReproduced": false,
          "baselineRuntimeClearancePx": null,
          "candidateRuntimeClearancePx": null,
          "mode": "collinear-only"
        },
        {
          "floor": "6楼",
          "representativeKey": "儿科病房|||S2|||toElevator",
          "routeCount": 2,
          "pointsBefore": 2,
          "pointsAfter": 2,
          "turnsBefore": 0,
          "turnsAfter": 0,
          "runtimeMapReproduced": false,
          "baselineRuntimeClearancePx": null,
          "candidateRuntimeClearancePx": null,
          "mode": "collinear-only"
        },
        {
          "floor": "7楼",
          "representativeKey": "妇产科病房|||S1|||toElevator",
          "routeCount": 4,
          "pointsBefore": 11,
          "pointsAfter": 7,
          "turnsBefore": 1,
          "turnsAfter": 1,
          "runtimeMapReproduced": false,
          "baselineRuntimeClearancePx": null,
          "candidateRuntimeClearancePx": null,
          "mode": "collinear-only"
        },
        {
          "floor": "7楼",
          "representativeKey": "妇产科病房|||S3|||toElevator",
          "routeCount": 4,
          "pointsBefore": 2,
          "pointsAfter": 2,
          "turnsBefore": 0,
          "turnsAfter": 0,
          "runtimeMapReproduced": false,
          "baselineRuntimeClearancePx": null,
          "candidateRuntimeClearancePx": null,
          "mode": "collinear-only"
        },
        {
          "floor": "7楼",
          "representativeKey": "妇产科病房|||S2|||toElevator",
          "routeCount": 4,
          "pointsBefore": 2,
          "pointsAfter": 2,
          "turnsBefore": 0,
          "turnsAfter": 0,
          "runtimeMapReproduced": true,
          "baselineRuntimeClearancePx": 3.5969,
          "candidateRuntimeClearancePx": 3.5969,
          "mode": "scaled-runtime-map-clearance-preserving"
        },
        {
          "floor": "8楼",
          "representativeKey": "外一科病房|||S1|||toElevator",
          "routeCount": 2,
          "pointsBefore": 3,
          "pointsAfter": 3,
          "turnsBefore": 0,
          "turnsAfter": 0,
          "runtimeMapReproduced": false,
          "baselineRuntimeClearancePx": null,
          "candidateRuntimeClearancePx": null,
          "mode": "collinear-only"
        },
        {
          "floor": "8楼",
          "representativeKey": "外一科病房|||S3|||toElevator",
          "routeCount": 2,
          "pointsBefore": 2,
          "pointsAfter": 2,
          "turnsBefore": 0,
          "turnsAfter": 0,
          "runtimeMapReproduced": false,
          "baselineRuntimeClearancePx": null,
          "candidateRuntimeClearancePx": null,
          "mode": "collinear-only"
        },
        {
          "floor": "8楼",
          "representativeKey": "外一科病房|||S2|||toElevator",
          "routeCount": 2,
          "pointsBefore": 2,
          "pointsAfter": 2,
          "turnsBefore": 0,
          "turnsAfter": 0,
          "runtimeMapReproduced": false,
          "baselineRuntimeClearancePx": null,
          "candidateRuntimeClearancePx": null,
          "mode": "collinear-only"
        },
        {
          "floor": "9楼",
          "representativeKey": "外二科病房|||S1|||toElevator",
          "routeCount": 2,
          "pointsBefore": 4,
          "pointsAfter": 4,
          "turnsBefore": 0,
          "turnsAfter": 0,
          "runtimeMapReproduced": false,
          "baselineRuntimeClearancePx": null,
          "candidateRuntimeClearancePx": null,
          "mode": "collinear-only"
        },
        {
          "floor": "9楼",
          "representativeKey": "外二科病房|||S3|||toElevator",
          "routeCount": 2,
          "pointsBefore": 2,
          "pointsAfter": 2,
          "turnsBefore": 0,
          "turnsAfter": 0,
          "runtimeMapReproduced": false,
          "baselineRuntimeClearancePx": null,
          "candidateRuntimeClearancePx": null,
          "mode": "collinear-only"
        },
        {
          "floor": "9楼",
          "representativeKey": "外二科病房|||S2|||toElevator",
          "routeCount": 2,
          "pointsBefore": 2,
          "pointsAfter": 2,
          "turnsBefore": 0,
          "turnsAfter": 0,
          "runtimeMapReproduced": false,
          "baselineRuntimeClearancePx": null,
          "candidateRuntimeClearancePx": null,
          "mode": "collinear-only"
        }
      ],
      "failures": [],
      "pointsRemoved": 2810,
      "turnsRemoved": 0
    }
  },
  "failures": []
}
