........................................................................ [ 25%]
........................................................................ [ 51%]
........................................................................ [ 77%]
..............................................................           [100%]
278 passed in 66.50s (0:01:06)
TAP version 13
# Subtest: generated runtime data contains all independent shaft and same-floor records
ok 1 - generated runtime data contains all independent shaft and same-floor records
  ---
  duration_ms: 13.452457
  type: 'test'
  ...
# Subtest: all 730 production routes keep semantic guidance aligned with complete raw slices
ok 2 - all 730 production routes keep semantic guidance aligned with complete raw slices
  ---
  duration_ms: 30.082491
  type: 'test'
  ...
# Subtest: all 730 production routes build runtime spoken steps that round to at least one metre
ok 3 - all 730 production routes build runtime spoken steps that round to at least one metre
  ---
  duration_ms: 22.684543
  type: 'test'
  ...
# Subtest: all 42 by 41 directed destination pairs return only safe route outcomes
ok 4 - all 42 by 41 directed destination pairs return only safe route outcomes
  ---
  duration_ms: 60.357722
  type: 'test'
  ...
# Subtest: all five configured co-located pairs return the explicit outcome both ways
ok 5 - all five configured co-located pairs return the explicit outcome both ways
  ---
  duration_ms: 0.524122
  type: 'test'
  ...
# Subtest: invalidated candidate paths return noCommonElevator without fallback points
ok 6 - invalidated candidate paths return noCommonElevator without fallback points
  ---
  duration_ms: 1.3511
  type: 'test'
  ...
# Subtest: app config declares the single approved WechatSI plugin source
ok 7 - app config declares the single approved WechatSI plugin source
  ---
  duration_ms: 1.438361
  type: 'test'
  ...
# Subtest: plugin-free page load and manual navigation remain usable
ok 8 - plugin-free page load and manual navigation remain usable
  ---
  duration_ms: 27.861778
  type: 'test'
  ...
# Subtest: voice controls expose recovery and disable every unsafe recognition transition
ok 9 - voice controls expose recovery and disable every unsafe recognition transition
  ---
  duration_ms: 0.50293
  type: 'test'
  ...
# Subtest: production code references only packaged floor-map assets
ok 10 - production code references only packaged floor-map assets
  ---
  duration_ms: 14.817047
  type: 'test'
  ...
# Subtest: production package contains no local audio files or references
ok 11 - production package contains no local audio files or references
  ---
  duration_ms: 11.460079
  type: 'test'
  ...
# Subtest: all thirteen production floor maps are readable JPEGs within the release limits
ok 12 - all thirteen production floor maps are readable JPEGs within the release limits
  ---
  duration_ms: 1.633726
  type: 'test'
  ...
# Subtest: path keys keep multiple shafts for the same department distinct
ok 13 - path keys keep multiple shafts for the same department distinct
  ---
  duration_ms: 2.448175
  type: 'test'
  ...
# Subtest: nearest shaft uses the source walkable route length instead of anchor proximity
ok 14 - nearest shaft uses the source walkable route length instead of anchor proximity
  ---
  duration_ms: 0.854651
  type: 'test'
  ...
# Subtest: equal source route lengths use ascending ASCII shaftId order
ok 15 - equal source route lengths use ascending ASCII shaftId order
  ---
  duration_ms: 0.296057
  type: 'test'
  ...
# Subtest: a nearer shaft missing the destination fromElevator path is excluded
ok 16 - a nearer shaft missing the destination fromElevator path is excluded
  ---
  duration_ms: 0.395237
  type: 'test'
  ...
# Subtest: patient-inaccessible shafts and unconfirmed floor mappings are excluded
ok 17 - patient-inaccessible shafts and unconfirmed floor mappings are excluded
  ---
  duration_ms: 0.410019
  type: 'test'
  ...
# Subtest: no commonly served verified shaft returns a safe noCommonElevator result
ok 18 - no commonly served verified shaft returns a safe noCommonElevator result
  ---
  duration_ms: 0.336067
  type: 'test'
  ...
# Subtest: a complete matching verified path is valid
ok 19 - a complete matching verified path is valid
  ---
  duration_ms: 0.32432
  type: 'test'
  ...
# Subtest: invalid elevator paths are rejected, including a missing or different length unit
ok 20 - invalid elevator paths are rejected, including a missing or different length unit
  ---
  duration_ms: 0.316909
  type: 'test'
  ...
# Subtest: selection excludes candidates with an invalid path record
ok 21 - selection excludes candidates with an invalid path record
  ---
  duration_ms: 0.571753
  type: 'test'
  ...
# Subtest: co-located paths use explicit metadata or generic formatted-zero distance
ok 22 - co-located paths use explicit metadata or generic formatted-zero distance
  ---
  duration_ms: 0.64226
  type: 'test'
  ...
# Subtest: missing or illegal path metrics cannot masquerade as co-located
ok 23 - missing or illegal path metrics cannot masquerade as co-located
  ---
  duration_ms: 0.289717
  type: 'test'
  ...
# Subtest: stable shaft config exactly matches the confirmed elevator groups on every service floor
ok 24 - stable shaft config exactly matches the confirmed elevator groups on every service floor
  ---
  duration_ms: 2.130646
  type: 'test'
  ...
# Subtest: generic pharmacy requests require a two-destination choice
ok 25 - generic pharmacy requests require a two-destination choice
  ---
  duration_ms: 2.948421
  type: 'test'
  ...
# Subtest: information questions answer without changing the destination
ok 26 - information questions answer without changing the destination
  ---
  duration_ms: 2.250277
  type: 'test'
  ...
# Subtest: department-purpose questions answer without changing the destination
ok 27 - department-purpose questions answer without changing the destination
  ---
  duration_ms: 0.862231
  type: 'test'
  ...
# Subtest: equivalent department-purpose wording remains informational
ok 28 - equivalent department-purpose wording remains informational
  ---
  duration_ms: 1.694458
  type: 'test'
  ...
# Subtest: explicit navigation and a plain destination still set the destination
ok 29 - explicit navigation and a plain destination still set the destination
  ---
  duration_ms: 1.111167
  type: 'test'
  ...
# Subtest: English aliases resolve case-insensitively after trimming
ok 30 - English aliases resolve case-insensitively after trimming
  ---
  duration_ms: 0.302587
  type: 'test'
  ...
# Subtest: message handling always returns the stable patient-facing result fields
ok 31 - message handling always returns the stable patient-facing result fields
  ---
  duration_ms: 3.593875
  type: 'test'
  ...
# Subtest: creates exactly one page-scoped audio context
ok 32 - creates exactly one page-scoped audio context
  ---
  duration_ms: 37.437713
  type: 'test'
  ...
# Subtest: splits empty, punctuated, and unpunctuated TTS text at 50 characters
ok 33 - splits empty, punctuated, and unpunctuated TTS text at 50 characters
  ---
  duration_ms: 2.334294
  type: 'test'
  ...
# Subtest: speakText rejects empty and duplicate keyed prompts while force and unkeyed prompts remain playable
ok 34 - speakText rejects empty and duplicate keyed prompts while force and unkeyed prompts remain playable
  ---
  duration_ms: 1.657742
  type: 'test'
  ...
# Subtest: plays TTS chunks sequentially through one audio context
ok 35 - plays TTS chunks sequentially through one audio context
  ---
  duration_ms: 1.699776
  type: 'test'
  ...
# Subtest: rejects retcode nonzero and keeps navigation text usable
ok 36 - rejects retcode nonzero and keeps navigation text usable
  ---
  duration_ms: 1.746436
  type: 'test'
  ...
# Subtest: new speech rejects a stale synthesis success
ok 37 - new speech rejects a stale synthesis success
  ---
  duration_ms: 3.109194
  type: 'test'
  ...
# Subtest: new speech rejects an old playback ended event
ok 38 - new speech rejects an old playback ended event
  ---
  duration_ms: 1.151768
  type: 'test'
  ...
# Subtest: synthesis and playback watchdogs fail text-only and clear their timers
ok 39 - synthesis and playback watchdogs fail text-only and clear their timers
  ---
  duration_ms: 1.268926
  type: 'test'
  ...
# Subtest: page hide stops audio and invalidates pending synthesis
ok 40 - page hide stops audio and invalidates pending synthesis
  ---
  duration_ms: 1.798885
  type: 'test'
  ...
# Subtest: strictly rejects absent, mistyped, or blank synthesis results
ok 41 - strictly rejects absent, mistyped, or blank synthesis results
  ---
  duration_ms: 1.709751
  type: 'test'
  ...
# Subtest: asynchronous synthesis failure clears the queue without playing audio
ok 42 - asynchronous synthesis failure clears the queue without playing audio
  ---
  duration_ms: 1.216306
  type: 'test'
  ...
# Subtest: current playback error clears timers, handlers, and the queue
ok 43 - current playback error clears timers, handlers, and the queue
  ---
  duration_ms: 1.213672
  type: 'test'
  ...
# Subtest: missing plugin and synchronous synthesis exceptions fail text-only
ok 44 - missing plugin and synchronous synthesis exceptions fail text-only
  ---
  duration_ms: 6.00212
  type: 'test'
  ...
# Subtest: player audioSrcThrows exception fails text-only and removes handlers
ok 45 - player audioSrcThrows exception fails text-only and removes handlers
  ---
  duration_ms: 1.214043
  type: 'test'
  ...
# Subtest: player audioPlayThrows exception fails text-only and removes handlers
ok 46 - player audioPlayThrows exception fails text-only and removes handlers
  ---
  duration_ms: 0.822241
  type: 'test'
  ...
# Subtest: stale playback errors cannot overwrite the current speech state
ok 47 - stale playback errors cannot overwrite the current speech state
  ---
  duration_ms: 0.9542
  type: 'test'
  ...
# Subtest: page unload destroys the single audio context once
ok 48 - page unload destroys the single audio context once
  ---
  duration_ms: 0.983285
  type: 'test'
  ...
# Subtest: a delayed TTS success cannot play after the page is hidden
ok 49 - a delayed TTS success cannot play after the page is hidden
  ---
  duration_ms: 0.930274
  type: 'test'
  ...
# Subtest: navigation prompts deduplicate by semantic key while stop and replay retain the current prompt
ok 50 - navigation prompts deduplicate by semantic key while stop and replay retain the current prompt
  ---
  duration_ms: 1.174173
  type: 'test'
  ...
# Subtest: pause and resume cancel only speech playback and force the same prompt without moving the route
ok 51 - pause and resume cancel only speech playback and force the same prompt without moving the route
  ---
  duration_ms: 1.303588
  type: 'test'
  ...
# Subtest: loop leg entry and transfer use TTS without cancelling the transfer at the next leg boundary
ok 52 - loop leg entry and transfer use TTS without cancelling the transfer at the next leg boundary
  ---
  duration_ms: 1.878495
  type: 'test'
  ...
# Subtest: all finish paths announce arrival once through the shared navigation prompt
ok 53 - all finish paths announce arrival once through the shared navigation prompt
  ---
  duration_ms: 1.722981
  type: 'test'
  ...
# Subtest: plugin failure explicitly directs patients to screen text without claiming local speech
ok 54 - plugin failure explicitly directs patients to screen text without claiming local speech
  ---
  duration_ms: 1.196446
  type: 'test'
  ...
# Subtest: speech status is bound in both the home view and navigation overlay
ok 55 - speech status is bound in both the home view and navigation overlay
  ---
  duration_ms: 0.381406
  type: 'test'
  ...
# Subtest: onHide stops recording, the single audio context, timers, and simulation
ok 56 - onHide stops recording, the single audio context, timers, and simulation
  ---
  duration_ms: 38.858398
  type: 'test'
  ...
# Subtest: onUnload destroys page-owned resources at most once
ok 57 - onUnload destroys page-owned resources at most once
  ---
  duration_ms: 1.571803
  type: 'test'
  ...
# Subtest: hide drains through the owned handlers and onShow requires a fresh explicit microphone tap
ok 58 - hide drains through the owned handlers and onShow requires a fresh explicit microphone tap
  ---
  duration_ms: 2.031446
  type: 'test'
  ...
# Subtest: unload detaches recorder callbacks and stale snapshots cannot mutate page data
ok 59 - unload detaches recorder callbacks and stale snapshots cannot mutate page data
  ---
  duration_ms: 1.39755
  type: 'test'
  ...
# Subtest: pause cancels TTS and resume force-replays the current semantic instruction without moving
ok 60 - pause cancels TTS and resume force-replays the current semantic instruction without moving
  ---
  duration_ms: 2.069223
  type: 'test'
  ...
# Subtest: co-located preview and start show the RoutePlan message without starting navigation
ok 61 - co-located preview and start show the RoutePlan message without starting navigation
  ---
  duration_ms: 3.16661
  type: 'test'
  ...
# Subtest: JSON policy and generated frozen CommonJS policy match field-for-field
ok 62 - JSON policy and generated frozen CommonJS policy match field-for-field
  ---
  duration_ms: 1.926127
  type: 'test'
  ...
# Subtest: navigation policy rejects missing and unknown fields
ok 63 - navigation policy rejects missing and unknown fields
  ---
  duration_ms: 0.555458
  type: 'test'
  ...
# Subtest: navigation policy rejects booleans, strings, and non-finite numbers
ok 64 - navigation policy rejects booleans, strings, and non-finite numbers
  ---
  duration_ms: 1.79492
  type: 'test'
  ...
# Subtest: navigation policy enforces the binding natural-domain ranges
ok 65 - navigation policy enforces the binding natural-domain ranges
  ---
  duration_ms: 0.477961
  type: 'test'
  ...
# Subtest: --output writes a candidate without modifying runtime data
ok 66 - --output writes a candidate without modifying runtime data
  ---
  duration_ms: 35.064051
  type: 'test'
  ...
# Subtest: route preview keeps all legs off reactive data and switches one current leg
ok 67 - route preview keeps all legs off reactive data and switches one current leg
  ---
  duration_ms: 40.410471
  type: 'test'
  ...
# Subtest: cross-floor preview names the nearest elevator selected for the patient
ok 68 - cross-floor preview names the nearest elevator selected for the patient
  ---
  duration_ms: 2.58346
  type: 'test'
  ...
# Subtest: navigation keeps only the active leg in reactive data
ok 69 - navigation keeps only the active leg in reactive data
  ---
  duration_ms: 1.212981
  type: 'test'
  ...
# Subtest: preview markup mounts exactly one zoomable map and unmounts it behind navigation
ok 70 - preview markup mounts exactly one zoomable map and unmounts it behind navigation
  ---
  duration_ms: 0.481917
  type: 'test'
  ...
# Subtest: preview image API receives only the current image URL
ok 71 - preview image API receives only the current image URL
  ---
  duration_ms: 0.831305
  type: 'test'
  ...
# Subtest: clearRoutePreview releases the non-reactive plan and current preview
ok 72 - clearRoutePreview releases the non-reactive plan and current preview
  ---
  duration_ms: 0.677572
  type: 'test'
  ...
# Subtest: step navigation uses the current leg image aspect for all route behavior
ok 73 - step navigation uses the current leg image aspect for all route behavior
  ---
  duration_ms: 127.457962
  type: 'test'
  ...
# Subtest: page passes raw points and semantic indexes to the semantic instruction builder
ok 74 - page passes raw points and semantic indexes to the semantic instruction builder
  ---
  duration_ms: 2.466223
  type: 'test'
  ...
# Subtest: semantic step navigation keeps raw-slice motion, text, and speech in sync
ok 75 - semantic step navigation keeps raw-slice motion, text, and speech in sync
  ---
  duration_ms: 2.508006
  type: 'test'
  ...
# Subtest: step navigation does not announce elevator arrival before walking animation completes
ok 76 - step navigation does not announce elevator arrival before walking animation completes
  ---
  duration_ms: 1.832496
  type: 'test'
  ...
# Subtest: step navigation sets and speaks the exact transfer instruction once at animation completion
ok 77 - step navigation sets and speaks the exact transfer instruction once at animation completion
  ---
  duration_ms: 2.11946
  type: 'test'
  ...
# Subtest: step navigation advances safely across a completely zero-length defensive route
ok 78 - step navigation advances safely across a completely zero-length defensive route
  ---
  duration_ms: 3.393212
  type: 'test'
  ...
# Subtest: replay buttons force the current semantic prompt without moving navigation state
ok 79 - replay buttons force the current semantic prompt without moving navigation state
  ---
  duration_ms: 1.41746
  type: 'test'
  ...
# Subtest: opening the AI panel never requests permission or starts recording
ok 80 - opening the AI panel never requests permission or starts recording
  ---
  duration_ms: 26.429496
  type: 'test'
  ...
# Subtest: consecutive typed and recognized assistant replies each use WechatSI TTS
ok 81 - consecutive typed and recognized assistant replies each use WechatSI TTS
  ---
  duration_ms: 5.227712
  type: 'test'
  ...
# Subtest: a microphone click drives idle through starting, recording, stopping, and idle
ok 82 - a microphone click drives idle through starting, recording, stopping, and idle
  ---
  duration_ms: 1.632715
  type: 'test'
  ...
# Subtest: binds recognition callbacks as properties before recording starts
ok 83 - binds recognition callbacks as properties before recording starts
  ---
  duration_ms: 0.88106
  type: 'test'
  ...
# Subtest: interim recognition updates only partial text and final stop applies the result
ok 84 - interim recognition updates only partial text and final stop applies the result
  ---
  duration_ms: 2.004536
  type: 'test'
  ...
# Subtest: permission denial offers settings and recovery never auto-starts recording
ok 85 - permission denial offers settings and recovery never auto-starts recording
  ---
  duration_ms: 2.0073
  type: 'test'
  ...
# Subtest: late authorization after cancellation cannot start the recorder
ok 86 - late authorization after cancellation cannot start the recorder
  ---
  duration_ms: 0.73496
  type: 'test'
  ...
# Subtest: discarded recording drains the current manager before another explicit recording can start
ok 87 - discarded recording drains the current manager before another explicit recording can start
  ---
  duration_ms: 1.022764
  type: 'test'
  ...
# Subtest: a discarded recording error releases silently and never applies old text
ok 88 - a discarded recording error releases silently and never applies old text
  ---
  duration_ms: 1.228885
  type: 'test'
  ...
# Subtest: a five-second drain timeout taints recognition for the page but leaves text navigation usable
ok 89 - a five-second drain timeout taints recognition for the page but leaves text navigation usable
  ---
  duration_ms: 1.194653
  type: 'test'
  ...
# Subtest: a synchronous recorder stop failure taints recognition after only one stop attempt
ok 90 - a synchronous recorder stop failure taints recognition after only one stop attempt
  ---
  duration_ms: 0.797314
  type: 'test'
  ...
# Subtest: the other voice mode cannot interrupt an active recording while the current mode can stop it
ok 91 - the other voice mode cannot interrupt an active recording while the current mode can stop it
  ---
  duration_ms: 1.59675
  type: 'test'
  ...
# Subtest: terminal cleanup clears only callbacks still owned by that recognition session
ok 92 - terminal cleanup clears only callbacks still owned by that recognition session
  ---
  duration_ms: 0.814489
  type: 'test'
  ...
# Subtest: automatic welcome speaks exactly once without touching the recorder and fails text-only
ok 93 - automatic welcome speaks exactly once without touching the recorder and fails text-only
  ---
  duration_ms: 0.736793
  type: 'test'
  ...
# Subtest: assistant TTS failure keeps visible text and never falls back to packaged audio
ok 94 - assistant TTS failure keeps visible text and never falls back to packaged audio
  ---
  duration_ms: 0.641248
  type: 'test'
  ...
# Subtest: the package exposes only the importable mini-program layout
ok 95 - the package exposes only the importable mini-program layout
  ---
  duration_ms: 1.24535
  type: 'test'
  ...
# Subtest: pixel conversion matches the generator half-even rounding rule
ok 96 - pixel conversion matches the generator half-even rounding rule
  ---
  duration_ms: 2.030084
  type: 'test'
  ...
# Subtest: canonical serialization on the same rounded pixel is accepted
ok 97 - canonical serialization on the same rounded pixel is accepted
  ---
  duration_ms: 0.39713
  type: 'test'
  ...
# Subtest: raw anchor snap at the policy boundary is accepted
ok 98 - raw anchor snap at the policy boundary is accepted
  ---
  duration_ms: 0.300224
  type: 'test'
  ...
# Subtest: raw anchor snap over the policy boundary is rejected
ok 99 - raw anchor snap over the policy boundary is rejected
  ---
  duration_ms: 0.355907
  type: 'test'
  ...
# Subtest: door approach residual of one pixel is accepted
ok 100 - door approach residual of one pixel is accepted
  ---
  duration_ms: 0.311531
  type: 'test'
  ...
# Subtest: door approach residual over one pixel is rejected
ok 101 - door approach residual over one pixel is rejected
  ---
  duration_ms: 0.234654
  type: 'test'
  ...
# Subtest: elevator endpoint on a different rounded pixel is rejected
ok 102 - elevator endpoint on a different rounded pixel is rejected
  ---
  duration_ms: 0.365141
  type: 'test'
  ...
# Subtest: malformed endpoint inputs fail closed with useful messages
ok 103 - malformed endpoint inputs fail closed with useful messages
  ---
  duration_ms: 0.350529
  type: 'test'
  ...
# Subtest: route metrics scale vertical coordinates by the map aspect ratio
ok 104 - route metrics scale vertical coordinates by the map aspect ratio
  ---
  duration_ms: 1.211649
  type: 'test'
  ...
# Subtest: turn and step instructions use the same aspect-corrected vectors
ok 105 - turn and step instructions use the same aspect-corrected vectors
  ---
  duration_ms: 1.330008
  type: 'test'
  ...
# Subtest: omitting imageSize preserves square-map geometry
ok 106 - omitting imageSize preserves square-map geometry
  ---
  duration_ms: 0.187463
  type: 'test'
  ...
# Subtest: getImageAspect exposes valid ratios and defaults invalid sizes to one
ok 107 - getImageAspect exposes valid ratios and defaults invalid sizes to one
  ---
  duration_ms: 0.206732
  type: 'test'
  ...
# Subtest: semantic step paths select exactly the generator semantic destinations
ok 108 - semantic step paths select exactly the generator semantic destinations
  ---
  duration_ms: 0.793378
  type: 'test'
  ...
# Subtest: semantic step paths insert missing route endpoints
ok 109 - semantic step paths insert missing route endpoints
  ---
  duration_ms: 0.170147
  type: 'test'
  ...
# Subtest: semantic step paths use every raw point when metadata is malformed
ok 110 - semantic step paths use every raw point when metadata is malformed
  ---
  duration_ms: 0.286222
  type: 'test'
  ...
# Subtest: spoken step paths merge an internal semantic segment that would round to zero metres
ok 111 - spoken step paths merge an internal semantic segment that would round to zero metres
  ---
  duration_ms: 0.89462
  type: 'test'
  ...
# Subtest: spoken step paths merge a sub-metre tail into the preceding instruction
ok 112 - spoken step paths merge a sub-metre tail into the preceding instruction
  ---
  duration_ms: 0.45731
  type: 'test'
  ...
# Subtest: spoken step paths skip a consecutive semantic point at the same coordinate
ok 113 - spoken step paths skip a consecutive semantic point at the same coordinate
  ---
  duration_ms: 0.473305
  type: 'test'
  ...
# Subtest: spoken step paths preserve endpoints and monotonically cover every raw slice
ok 114 - spoken step paths preserve endpoints and monotonically cover every raw slice
  ---
  duration_ms: 0.356999
  type: 'test'
  ...
# Subtest: semantic step instructions sum the complete raw polyline between destinations
ok 115 - semantic step instructions sum the complete raw polyline between destinations
  ---
  duration_ms: 0.452082
  type: 'test'
  ...
# Subtest: semantic step instructions derive turns from adjacent raw segments at departure
ok 116 - semantic step instructions derive turns from adjacent raw segments at departure
  ---
  duration_ms: 0.21906
  type: 'test'
  ...
# Subtest: semantic step instructions integerize a fractional target index safely
ok 117 - semantic step instructions integerize a fractional target index safely
  ---
  duration_ms: 0.359723
  type: 'test'
  ...
# Subtest: semantic transfer approach keeps the target floor without announcing arrival early
ok 118 - semantic transfer approach keeps the target floor without announcing arrival early
  ---
  duration_ms: 0.323358
  type: 'test'
  ...
# Subtest: merged spoken steps retain an immediate internal turn in one composite instruction
ok 119 - merged spoken steps retain an immediate internal turn in one composite instruction
  ---
  duration_ms: 0.348897
  type: 'test'
  ...
# Subtest: merged spoken steps retain a final short turn without saying zero metres
ok 120 - merged spoken steps retain a final short turn without saying zero metres
  ---
  duration_ms: 0.296007
  type: 'test'
  ...
# Subtest: a completed leg emits exactly one final frame and stats payload
ok 121 - a completed leg emits exactly one final frame and stats payload
  ---
  duration_ms: 2.846687
  type: 'test'
  ...
# Subtest: start without options preserves constructor loop behavior at completion
ok 122 - start without options preserves constructor loop behavior at completion
  ---
  duration_ms: 0.352072
  type: 'test'
  ...
# Subtest: a leg restart inside onLegComplete cancels the stale automatic switch
ok 123 - a leg restart inside onLegComplete cancels the stale automatic switch
  ---
  duration_ms: 22.771184
  type: 'test'
  ...
# Subtest: stopping inside onLegComplete cancels the stale automatic switch
ok 124 - stopping inside onLegComplete cancels the stale automatic switch
  ---
  duration_ms: 20.9339
  type: 'test'
  ...
# Subtest: an automatic switch uses the next leg chosen when completion occurred
ok 125 - an automatic switch uses the next leg chosen when completion occurred
  ---
  duration_ms: 20.724775
  type: 'test'
  ...
# Subtest: startLeg builds metrics with the leg imageSize
ok 126 - startLeg builds metrics with the leg imageSize
  ---
  duration_ms: 0.419593
  type: 'test'
  ...
# Subtest: a reentrant leg start owns one interval and one initial frame
ok 127 - a reentrant leg start owns one interval and one initial frame
  ---
  duration_ms: 0.584653
  type: 'test'
  ...
# Subtest: a reentrant stop during leg change leaves no interval or initial frame
ok 128 - a reentrant stop during leg change leaves no interval or initial frame
  ---
  duration_ms: 0.41115
  type: 'test'
  ...
# Subtest: check-routes locates the project without arguments from an arbitrary cwd
ok 129 - check-routes locates the project without arguments from an arbitrary cwd
  ---
  duration_ms: 135.225538
  type: 'test'
  ...
# Subtest: check-routes rejects a non-co-located pair disguised as coLocated
ok 130 - check-routes rejects a non-co-located pair disguised as coLocated
  ---
  duration_ms: 131.803002
  type: 'test'
  ...
# Subtest: an isolated check-routes copy prints one usage and exits 2
ok 131 - an isolated check-routes copy prints one usage and exits 2
  ---
  duration_ms: 31.594132
  type: 'test'
  ...
# Subtest: check-syntax validates the complete mini-program source tree
ok 132 - check-syntax validates the complete mini-program source tree
  ---
  duration_ms: 63.838396
  type: 'test'
  ...
# Subtest: verify-release candidate mode executes all deterministic gates without authorizing release
ok 133 - verify-release candidate mode executes all deterministic gates without authorizing release
  ---
  duration_ms: 1264.162277
  type: 'test'
  ...
# Subtest: project Python commands use the bundled virtual environment and a writable pytest base
ok 134 - project Python commands use the bundled virtual environment and a writable pytest base
  ---
  duration_ms: 40.471664
  type: 'test'
  ...
# Subtest: Python candidate order covers virtual environments and system fallbacks
ok 135 - Python candidate order covers virtual environments and system fallbacks
  ---
  duration_ms: 1.066911
  type: 'test'
  ...
# Subtest: pytest base validation rejects duplicate, split, missing, and external paths
ok 136 - pytest base validation rejects duplicate, split, missing, and external paths
  ---
  duration_ms: 0.784954
  type: 'test'
  ...
# Subtest: Python runner preserves the child process exit code
ok 137 - Python runner preserves the child process exit code
  ---
  duration_ms: 39.507518
  type: 'test'
  ...
# Subtest: bundle metadata is identical for LF and CRLF source text
ok 138 - bundle metadata is identical for LF and CRLF source text
  ---
  duration_ms: 2.889311
  type: 'test'
  ...
# Subtest: the checked-in browser bundle is a required fresh build artifact
ok 139 - the checked-in browser bundle is a required fresh build artifact
  ---
  duration_ms: 219.037775
  type: 'test'
  ...
# Subtest: browser bundle isolates CommonJS modules and preserves module cache state
ok 140 - browser bundle isolates CommonJS modules and preserves module cache state
  ---
  duration_ms: 85.533365
  type: 'test'
  ...
# Subtest: production routes expose only shared floor maps and no legacy static-map API
ok 141 - production routes expose only shared floor maps and no legacy static-map API
  ---
  duration_ms: 22.281304
  type: 'test'
  ...
# Subtest: voice evidence exposes only the approved schema and redacts all runtime text
ok 142 - voice evidence exposes only the approved schema and redacts all runtime text
  ---
  duration_ms: 4.919826
  type: 'test'
  ...
# Subtest: invalid private config, plugin, audio, or recording state yields fixed categories only
ok 143 - invalid private config, plugin, audio, or recording state yields fixed categories only
  ---
  duration_ms: 1.842622
  type: 'test'
  ...
# Subtest: missing private config is reported as a boolean and a fixed category
ok 144 - missing private config is reported as a boolean and a fixed category
  ---
  duration_ms: 1.213232
  type: 'test'
  ...
# Subtest: WechatSI is not declared valid when any additional plugin is packaged
ok 145 - WechatSI is not declared valid when any additional plugin is packaged
  ---
  duration_ms: 2.007611
  type: 'test'
  ...
# Subtest: smoke report and printable summary cannot retain injected secrets or raw failures
ok 146 - smoke report and printable summary cannot retain injected secrets or raw failures
  ---
  duration_ms: 3.525772
  type: 'test'
  ...
# Subtest: a generic reLaunch timeout is classified without returning its raw text
ok 147 - a generic reLaunch timeout is classified without returning its raw text
  ---
  duration_ms: 0.411752
  type: 'test'
  ...
# Subtest: missing access token evidence maps to a fixed sign-in category
ok 148 - missing access token evidence maps to a fixed sign-in category
  ---
  duration_ms: 0.175175
  type: 'test'
  ...
# Subtest: already-classified failures remain the same safe enum when rethrown
ok 149 - already-classified failures remain the same safe enum when rethrown
  ---
  duration_ms: 0.28519
  type: 'test'
  ...
# Subtest: late runtime errors downgrade an otherwise passed report before it is written
ok 150 - late runtime errors downgrade an otherwise passed report before it is written
  ---
  duration_ms: 0.346343
  type: 'test'
  ...
# Subtest: automated smoke never initiates microphone, privacy, or recognition actions
ok 151 - automated smoke never initiates microphone, privacy, or recognition actions
  ---
  duration_ms: 2.008342
  type: 'test'
  ...
# Subtest: acceptance evidence policy forbids retaining recordings and patient voice text
ok 152 - acceptance evidence policy forbids retaining recordings and patient voice text
  ---
  duration_ms: 0.537301
  type: 'test'
  ...
# Subtest: the outer launch guard rejects a promise that never settles
ok 153 - the outer launch guard rejects a promise that never settles
  ---
  duration_ms: 11.761595
  type: 'test'
  ...
# Subtest: the outer launch guard cleans up a launch that resolves after timeout
ok 154 - the outer launch guard cleans up a launch that resolves after timeout
  ---
  duration_ms: 5.561075
  type: 'test'
  ...
# Subtest: a compact reactive preview is valid without leaking the source leg kind
ok 155 - a compact reactive preview is valid without leaking the source leg kind
  ---
  duration_ms: 0.363139
  type: 'test'
  ...
# Subtest: cross-floor runtime snapshots must retain one verified shaft on both legs
ok 156 - cross-floor runtime snapshots must retain one verified shaft on both legs
  ---
  duration_ms: 0.241986
  type: 'test'
  ...
1..156
# tests 156
# suites 0
# pass 156
# fail 0
# cancelled 0
# skipped 0
# todo 0
# duration_ms 2350.988219
{
  "schemaVersion": 2,
  "mode": "existing-route-scaled-runtime-map-clearance-preserving-merge",
  "routeFiles": {
    "sameFloorPaths.js": {
      "routeCount": 260,
      "uniqueGeometryCount": 115,
      "changedRouteCount": 0,
      "changedUniqueGeometryCount": 0,
      "runtimeMapReproducedGeometryCount": 9,
      "runtimeMapInconclusiveGeometryCount": 100,
      "scaledMapSimplifiedGeometryCount": 1,
      "collinearOnlySimplifiedGeometryCount": 0,
      "pointsBefore": 1892,
      "pointsAfter": 1892,
      "turnsBefore": 268,
      "turnsAfter": 268,
      "endpointRegressionCount": 0,
      "lengthRegressionCount": 0,
      "turnRegressionCount": 1,
      "runtimeClearanceRegressionCount": 0,
      "rejectedRegressionGeometryCount": 1,
      "geometryAudits": [
        {
          "floor": "1楼",
          "representativeKey": "放射科|||消控室",
          "routeCount": 2,
          "pointsBefore": 12,
          "pointsAfter": 12,
          "turnsBefore": 0,
          "turnsAfter": 0,
          "runtimeMapReproduced": false,
          "baselineRuntimeClearancePx": null,
          "candidateRuntimeClearancePx": null,
          "mode": "collinear-only"
        },
        {
          "floor": "1楼",
          "representativeKey": "中药房|||消控室",
          "routeCount": 4,
          "pointsBefore": 11,
          "pointsAfter": 11,
          "turnsBefore": 1,
          "turnsAfter": 1,
          "runtimeMapReproduced": false,
          "baselineRuntimeClearancePx": null,
          "candidateRuntimeClearancePx": null,
          "mode": "collinear-only"
        },
        {
          "floor": "1楼",
          "representativeKey": "挂号缴费|||消控室",
          "routeCount": 2,
          "pointsBefore": 14,
          "pointsAfter": 14,
          "turnsBefore": 1,
          "turnsAfter": 1,
          "runtimeMapReproduced": false,
          "baselineRuntimeClearancePx": null,
          "candidateRuntimeClearancePx": null,
          "mode": "collinear-only"
        },
        {
          "floor": "1楼",
          "representativeKey": "儿科门诊|||消控室",
          "routeCount": 2,
          "pointsBefore": 16,
          "pointsAfter": 16,
          "turnsBefore": 3,
          "turnsAfter": 3,
          "runtimeMapReproduced": false,
          "baselineRuntimeClearancePx": null,
          "candidateRuntimeClearancePx": null,
          "mode": "collinear-only"
        },
        {
          "floor": "1楼",
          "representativeKey": "消控室|||输液室",
          "routeCount": 2,
          "pointsBefore": 9,
          "pointsAfter": 9,
          "turnsBefore": 0,
          "turnsAfter": 0,
          "runtimeMapReproduced": false,
          "baselineRuntimeClearancePx": null,
          "candidateRuntimeClearancePx": null,
          "mode": "collinear-only"
        },
        {
          "floor": "1楼",
          "representativeKey": "消控室|||大伤门诊",
          "routeCount": 2,
          "pointsBefore": 6,
          "pointsAfter": 6,
          "turnsBefore": 2,
          "turnsAfter": 2,
          "runtimeMapReproduced": false,
          "baselineRuntimeClearancePx": null,
          "candidateRuntimeClearancePx": null,
          "mode": "collinear-only"
        },
        {
          "floor": "1楼",
          "representativeKey": "消控室|||急诊科",
          "routeCount": 2,
          "pointsBefore": 7,
          "pointsAfter": 7,
          "turnsBefore": 2,
          "turnsAfter": 2,
          "runtimeMapReproduced": false,
          "baselineRuntimeClearancePx": null,
          "candidateRuntimeClearancePx": null,
          "mode": "collinear-only"
        },
        {
          "floor": "1楼",
          "representativeKey": "儿科门诊|||放射科",
          "routeCount": 2,
          "pointsBefore": 10,
          "pointsAfter": 10,
          "turnsBefore": 5,
          "turnsAfter": 5,
          "runtimeMapReproduced": false,
          "baselineRuntimeClearancePx": null,
          "candidateRuntimeClearancePx": null,
          "mode": "collinear-only"
        },
        {
          "floor": "1楼",
          "representativeKey": "挂号缴费|||放射科",
          "routeCount": 2,
          "pointsBefore": 8,
          "pointsAfter": 8,
          "turnsBefore": 3,
          "turnsAfter": 3,
          "runtimeMapReproduced": false,
          "baselineRuntimeClearancePx": null,
          "candidateRuntimeClearancePx": null,
          "mode": "collinear-only"
        },
        {
          "floor": "1楼",
          "representativeKey": "中药房|||放射科",
          "routeCount": 4,
          "pointsBefore": 5,
          "pointsAfter": 5,
          "turnsBefore": 3,
          "turnsAfter": 3,
          "runtimeMapReproduced": false,
          "baselineRuntimeClearancePx": null,
          "candidateRuntimeClearancePx": null,
          "mode": "collinear-only"
        },
        {
          "floor": "1楼",
          "representativeKey": "放射科|||急诊科",
          "routeCount": 2,
          "pointsBefore": 7,
          "pointsAfter": 7,
          "turnsBefore": 3,
          "turnsAfter": 3,
          "runtimeMapReproduced": false,
          "baselineRuntimeClearancePx": null,
          "candidateRuntimeClearancePx": null,
          "mode": "collinear-only"
        },
        {
          "floor": "1楼",
          "representativeKey": "放射科|||大伤门诊",
          "routeCount": 2,
          "pointsBefore": 7,
          "pointsAfter": 7,
          "turnsBefore": 3,
          "turnsAfter": 3,
          "runtimeMapReproduced": false,
          "baselineRuntimeClearancePx": null,
          "candidateRuntimeClearancePx": null,
          "mode": "collinear-only"
        },
        {
          "floor": "1楼",
          "representativeKey": "放射科|||输液室",
          "routeCount": 2,
          "pointsBefore": 4,
          "pointsAfter": 4,
          "turnsBefore": 1,
          "turnsAfter": 1,
          "runtimeMapReproduced": false,
          "baselineRuntimeClearancePx": null,
          "candidateRuntimeClearancePx": null,
          "mode": "collinear-only"
        },
        {
          "floor": "1楼",
          "representativeKey": "中药房|||急诊科",
          "routeCount": 4,
          "pointsBefore": 4,
          "pointsAfter": 4,
          "turnsBefore": 1,
          "turnsAfter": 1,
          "runtimeMapReproduced": false,
          "baselineRuntimeClearancePx": null,
          "candidateRuntimeClearancePx": null,
          "mode": "collinear-only"
        },
        {
          "floor": "1楼",
          "representativeKey": "挂号缴费|||中药房",
          "routeCount": 4,
          "pointsBefore": 7,
          "pointsAfter": 7,
          "turnsBefore": 0,
          "turnsAfter": 0,
          "runtimeMapReproduced": false,
          "baselineRuntimeClearancePx": null,
          "candidateRuntimeClearancePx": null,
          "mode": "collinear-only"
        },
        {
          "floor": "1楼",
          "representativeKey": "儿科门诊|||中药房",
          "routeCount": 4,
          "pointsBefore": 8,
          "pointsAfter": 8,
          "turnsBefore": 1,
          "turnsAfter": 1,
          "runtimeMapReproduced": false,
          "baselineRuntimeClearancePx": null,
          "candidateRuntimeClearancePx": null,
          "mode": "collinear-only"
        },
        {
          "floor": "1楼",
          "representativeKey": "中药房|||输液室",
          "routeCount": 4,
          "pointsBefore": 5,
          "pointsAfter": 5,
          "turnsBefore": 0,
          "turnsAfter": 0,
          "runtimeMapReproduced": false,
          "baselineRuntimeClearancePx": null,
          "candidateRuntimeClearancePx": null,
          "mode": "collinear-only"
        },
        {
          "floor": "1楼",
          "representativeKey": "中药房|||大伤门诊",
          "routeCount": 4,
          "pointsBefore": 9,
          "pointsAfter": 9,
          "turnsBefore": 1,
          "turnsAfter": 1,
          "runtimeMapReproduced": false,
          "baselineRuntimeClearancePx": null,
          "candidateRuntimeClearancePx": null,
          "mode": "collinear-only"
        },
        {
          "floor": "1楼",
          "representativeKey": "中药房|||西药房",
          "routeCount": 2,
          "pointsBefore": 1,
          "pointsAfter": 1,
          "turnsBefore": 0,
          "turnsAfter": 0,
          "mode": "co-located",
          "runtimeMapReproduced": false,
          "baselineRuntimeClearancePx": null,
          "candidateRuntimeClearancePx": null
        },
        {
          "floor": "1楼",
          "representativeKey": "挂号缴费|||急诊科",
          "routeCount": 2,
          "pointsBefore": 8,
          "pointsAfter": 8,
          "turnsBefore": 2,
          "turnsAfter": 2,
          "runtimeMapReproduced": false,
          "baselineRuntimeClearancePx": null,
          "candidateRuntimeClearancePx": null,
          "mode": "collinear-only"
        },
        {
          "floor": "1楼",
          "representativeKey": "急诊科|||输液室",
          "routeCount": 2,
          "pointsBefore": 7,
          "pointsAfter": 7,
          "turnsBefore": 2,
          "turnsAfter": 2,
          "runtimeMapReproduced": false,
          "baselineRuntimeClearancePx": null,
          "candidateRuntimeClearancePx": null,
          "mode": "collinear-only"
        },
        {
          "floor": "1楼",
          "representativeKey": "儿科门诊|||急诊科",
          "routeCount": 2,
          "pointsBefore": 4,
          "pointsAfter": 4,
          "turnsBefore": 1,
          "turnsAfter": 1,
          "runtimeMapReproduced": false,
          "baselineRuntimeClearancePx": null,
          "candidateRuntimeClearancePx": null,
          "mode": "collinear-only"
        },
        {
          "floor": "1楼",
          "representativeKey": "急诊科|||大伤门诊",
          "routeCount": 2,
          "pointsBefore": 2,
          "pointsAfter": 2,
          "turnsBefore": 0,
          "turnsAfter": 0,
          "runtimeMapReproduced": true,
          "baselineRuntimeClearancePx": 4.0,
          "candidateRuntimeClearancePx": 4.0,
          "mode": "scaled-runtime-map-clearance-preserving"
        },
        {
          "floor": "1楼",
          "representativeKey": "挂号缴费|||输液室",
          "routeCount": 2,
          "pointsBefore": 2,
          "pointsAfter": 2,
          "turnsBefore": 0,
          "turnsAfter": 0,
          "runtimeMapReproduced": true,
          "baselineRuntimeClearancePx": 4.0,
          "candidateRuntimeClearancePx": 4.0,
          "mode": "scaled-runtime-map-clearance-preserving"
        },
        {
          "floor": "1楼",
          "representativeKey": "挂号缴费|||大伤门诊",
          "routeCount": 2,
          "pointsBefore": 5,
          "pointsAfter": 5,
          "turnsBefore": 0,
          "turnsAfter": 0,
          "runtimeMapReproduced": false,
          "baselineRuntimeClearancePx": null,
          "candidateRuntimeClearancePx": null,
          "mode": "collinear-only"
        },
        {
          "floor": "1楼",
          "representativeKey": "儿科门诊|||挂号缴费",
          "routeCount": 2,
          "pointsBefore": 4,
          "pointsAfter": 4,
          "turnsBefore": 1,
          "turnsAfter": 1,
          "runtimeMapReproduced": false,
          "baselineRuntimeClearancePx": null,
          "candidateRuntimeClearancePx": null,
          "mode": "collinear-only"
        },
        {
          "floor": "1楼",
          "representativeKey": "输液室|||大伤门诊",
          "routeCount": 2,
          "pointsBefore": 6,
          "pointsAfter": 6,
          "turnsBefore": 1,
          "turnsAfter": 1,
          "runtimeMapReproduced": false,
          "baselineRuntimeClearancePx": null,
          "candidateRuntimeClearancePx": null,
          "mode": "collinear-only"
        },
        {
          "floor": "1楼",
          "representativeKey": "儿科门诊|||输液室",
          "routeCount": 2,
          "pointsBefore": 6,
          "pointsAfter": 6,
          "turnsBefore": 1,
          "turnsAfter": 1,
          "runtimeMapReproduced": false,
          "baselineRuntimeClearancePx": null,
          "candidateRuntimeClearancePx": null,
          "mode": "collinear-only"
        },
        {
          "floor": "1楼",
          "representativeKey": "儿科门诊|||大伤门诊",
          "routeCount": 2,
          "pointsBefore": 2,
          "pointsAfter": 2,
          "turnsBefore": 0,
          "turnsAfter": 0,
          "runtimeMapReproduced": false,
          "baselineRuntimeClearancePx": null,
          "candidateRuntimeClearancePx": null,
          "mode": "collinear-only"
        },
        {
          "floor": "2楼",
          "representativeKey": "中医馆|||多功能科",
          "routeCount": 2,
          "pointsBefore": 13,
          "pointsAfter": 13,
          "turnsBefore": 2,
          "turnsAfter": 2,
          "runtimeMapReproduced": false,
          "baselineRuntimeClearancePx": null,
          "candidateRuntimeClearancePx": null,
          "mode": "collinear-only"
        },
        {
          "floor": "2楼",
          "representativeKey": "超声医学科|||多功能科",
          "routeCount": 2,
          "pointsBefore": 8,
          "pointsAfter": 8,
          "turnsBefore": 1,
          "turnsAfter": 1,
          "runtimeMapReproduced": false,
          "baselineRuntimeClearancePx": null,
          "candidateRuntimeClearancePx": null,
          "mode": "collinear-only"
        },
        {
          "floor": "2楼",
          "representativeKey": "多功能科|||外科门诊",
          "routeCount": 2,
          "pointsBefore": 9,
          "pointsAfter": 9,
          "turnsBefore": 0,
          "turnsAfter": 0,
          "runtimeMapReproduced": false,
          "baselineRuntimeClearancePx": null,
          "candidateRuntimeClearancePx": null,
          "mode": "collinear-only"
        },
        {
          "floor": "2楼",
          "representativeKey": "多功能科|||伤口门诊",
          "routeCount": 2,
          "pointsBefore": 12,
          "pointsAfter": 12,
          "turnsBefore": 2,
          "turnsAfter": 2,
          "runtimeMapReproduced": false,
          "baselineRuntimeClearancePx": null,
          "candidateRuntimeClearancePx": null,
          "mode": "collinear-only"
        },
        {
          "floor": "2楼",
          "representativeKey": "多功能科|||内科门诊",
          "routeCount": 2,
          "pointsBefore": 8,
          "pointsAfter": 8,
          "turnsBefore": 1,
          "turnsAfter": 1,
          "runtimeMapReproduced": false,
          "baselineRuntimeClearancePx": null,
          "candidateRuntimeClearancePx": null,
          "mode": "collinear-only"
        },
        {
          "floor": "2楼",
          "representativeKey": "多功能科|||检验科",
          "routeCount": 2,
          "pointsBefore": 7,
          "pointsAfter": 7,
          "turnsBefore": 0,
          "turnsAfter": 0,
          "runtimeMapReproduced": false,
          "baselineRuntimeClearancePx": null,
          "candidateRuntimeClearancePx": null,
          "mode": "collinear-only"
        },
        {
          "floor": "2楼",
          "representativeKey": "多功能科|||急诊科办公区",
          "routeCount": 2,
          "pointsBefore": 8,
          "pointsAfter": 8,
          "turnsBefore": 0,
          "turnsAfter": 0,
          "runtimeMapReproduced": false,
          "baselineRuntimeClearancePx": null,
          "candidateRuntimeClearancePx": null,
          "mode": "collinear-only"
        },
        {
          "floor": "2楼",
          "representativeKey": "多功能科|||计算机机房",
          "routeCount": 2,
          "pointsBefore": 7,
          "pointsAfter": 7,
          "turnsBefore": 0,
          "turnsAfter": 0,
          "runtimeMapReproduced": false,
          "baselineRuntimeClearancePx": null,
          "candidateRuntimeClearancePx": null,
          "mode": "collinear-only"
        },
        {
          "floor": "2楼",
          "representativeKey": "妇科门诊|||多功能科",
          "routeCount": 2,
          "pointsBefore": 7,
          "pointsAfter": 7,
          "turnsBefore": 2,
          "turnsAfter": 2,
          "runtimeMapReproduced": false,
          "baselineRuntimeClearancePx": null,
          "candidateRuntimeClearancePx": null,
          "mode": "collinear-only"
        },
        {
          "floor": "2楼",
          "representativeKey": "计算机机房|||急诊科办公区",
          "routeCount": 2,
          "pointsBefore": 2,
          "pointsAfter": 2,
          "turnsBefore": 0,
          "turnsAfter": 0,
          "runtimeMapReproduced": true,
          "baselineRuntimeClearancePx": 17.0,
          "candidateRuntimeClearancePx": 17.0,
          "mode": "scaled-runtime-map-clearance-preserving"
        },
        {
          "floor": "2楼",
          "representativeKey": "妇科门诊|||急诊科办公区",
          "routeCount": 2,
          "pointsBefore": 7,
          "pointsAfter": 7,
          "turnsBefore": 1,
          "turnsAfter": 1,
          "runtimeMapReproduced": false,
          "baselineRuntimeClearancePx": null,
          "candidateRuntimeClearancePx": null,
          "mode": "collinear-only"
        },
        {
          "floor": "2楼",
          "representativeKey": "检验科|||急诊科办公区",
          "routeCount": 2,
          "pointsBefore": 2,
          "pointsAfter": 2,
          "turnsBefore": 0,
          "turnsAfter": 0,
          "runtimeMapReproduced": true,
          "baselineRuntimeClearancePx": 13.0,
          "candidateRuntimeClearancePx": 13.0,
          "mode": "scaled-runtime-map-clearance-preserving"
        },
        {
          "floor": "2楼",
          "representativeKey": "超声医学科|||急诊科办公区",
          "routeCount": 2,
          "pointsBefore": 2,
          "pointsAfter": 2,
          "turnsBefore": 0,
          "turnsAfter": 0,
          "runtimeMapReproduced": true,
          "baselineRuntimeClearancePx": 6.0,
          "candidateRuntimeClearancePx": 6.0,
          "mode": "scaled-runtime-map-clearance-preserving"
        },
        {
          "floor": "2楼",
          "representativeKey": "急诊科办公区|||内科门诊",
          "routeCount": 2,
          "pointsBefore": 7,
          "pointsAfter": 7,
          "turnsBefore": 2,
          "turnsAfter": 2,
          "runtimeMapReproduced": false,
          "baselineRuntimeClearancePx": null,
          "candidateRuntimeClearancePx": null,
          "mode": "collinear-only"
        },
        {
          "floor": "2楼",
          "representativeKey": "急诊科办公区|||伤口门诊",
          "routeCount": 2,
          "pointsBefore": 11,
          "pointsAfter": 11,
          "turnsBefore": 3,
          "turnsAfter": 3,
          "runtimeMapReproduced": false,
          "baselineRuntimeClearancePx": null,
          "candidateRuntimeClearancePx": null,
          "mode": "collinear-only"
        },
        {
          "floor": "2楼",
          "representativeKey": "急诊科办公区|||外科门诊",
          "routeCount": 2,
          "pointsBefore": 6,
          "pointsAfter": 6,
          "turnsBefore": 0,
          "turnsAfter": 0,
          "runtimeMapReproduced": false,
          "baselineRuntimeClearancePx": null,
          "candidateRuntimeClearancePx": null,
          "mode": "collinear-only"
        },
        {
          "floor": "2楼",
          "representativeKey": "中医馆|||急诊科办公区",
          "routeCount": 2,
          "pointsBefore": 12,
          "pointsAfter": 12,
          "turnsBefore": 2,
          "turnsAfter": 2,
          "runtimeMapReproduced": false,
          "baselineRuntimeClearancePx": null,
          "candidateRuntimeClearancePx": null,
          "mode": "collinear-only"
        },
        {
          "floor": "2楼",
          "representativeKey": "检验科|||计算机机房",
          "routeCount": 2,
          "pointsBefore": 2,
          "pointsAfter": 2,
          "turnsBefore": 0,
          "turnsAfter": 0,
          "runtimeMapReproduced": true,
          "baselineRuntimeClearancePx": 13.0,
          "candidateRuntimeClearancePx": 13.0,
          "mode": "scaled-runtime-map-clearance-preserving"
        },
        {
          "floor": "2楼",
          "representativeKey": "超声医学科|||计算机机房",
          "routeCount": 2,
          "pointsBefore": 2,
          "pointsAfter": 2,
          "turnsBefore": 0,
          "turnsAfter": 0,
          "runtimeMapReproduced": true,
          "baselineRuntimeClearancePx": 6.0,
          "candidateRuntimeClearancePx": 6.0,
          "mode": "scaled-runtime-map-clearance-preserving"
        },
        {
          "floor": "2楼",
          "representativeKey": "计算机机房|||内科门诊",
          "routeCount": 2,
          "pointsBefore": 7,
          "pointsAfter": 7,
          "turnsBefore": 2,
          "turnsAfter": 2,
          "runtimeMapReproduced": false,
          "baselineRuntimeClearancePx": null,
          "candidateRuntimeClearancePx": null,
          "mode": "collinear-only"
        },
        {
          "floor": "2楼",
          "representativeKey": "妇科门诊|||计算机机房",
          "routeCount": 2,
          "pointsBefore": 6,
          "pointsAfter": 6,
          "turnsBefore": 1,
          "turnsAfter": 1,
          "runtimeMapReproduced": false,
          "baselineRuntimeClearancePx": null,
          "candidateRuntimeClearancePx": null,
          "mode": "collinear-only"
        },
        {
          "floor": "2楼",
          "representativeKey": "中医馆|||计算机机房",
          "routeCount": 2,
          "pointsBefore": 13,
          "pointsAfter": 13,
          "turnsBefore": 1,
          "turnsAfter": 1,
          "runtimeMapReproduced": false,
          "baselineRuntimeClearancePx": null,
          "candidateRuntimeClearancePx": null,
          "mode": "collinear-only"
        },
        {
          "floor": "2楼",
          "representativeKey": "计算机机房|||伤口门诊",
          "routeCount": 2,
          "pointsBefore": 10,
          "pointsAfter": 10,
          "turnsBefore": 3,
          "turnsAfter": 3,
          "runtimeMapReproduced": false,
          "baselineRuntimeClearancePx": null,
          "candidateRuntimeClearancePx": null,
          "mode": "collinear-only"
        },
        {
          "floor": "2楼",
          "representativeKey": "计算机机房|||外科门诊",
          "routeCount": 2,
          "pointsBefore": 5,
          "pointsAfter": 5,
          "turnsBefore": 0,
          "turnsAfter": 0,
          "runtimeMapReproduced": false,
          "baselineRuntimeClearancePx": null,
          "candidateRuntimeClearancePx": null,
          "mode": "collinear-only"
        },
        {
          "floor": "2楼",
          "representativeKey": "妇科门诊|||检验科",
          "routeCount": 2,
          "pointsBefore": 7,
          "pointsAfter": 7,
          "turnsBefore": 1,
          "turnsAfter": 1,
          "runtimeMapReproduced": false,
          "baselineRuntimeClearancePx": null,
          "candidateRuntimeClearancePx": null,
          "mode": "collinear-only"
        },
        {
          "floor": "2楼",
          "representativeKey": "中医馆|||检验科",
          "routeCount": 2,
          "pointsBefore": 14,
          "pointsAfter": 14,
          "turnsBefore": 1,
          "turnsAfter": 1,
          "runtimeMapReproduced": false,
          "baselineRuntimeClearancePx": null,
          "candidateRuntimeClearancePx": null,
          "mode": "collinear-only"
        },
        {
          "floor": "2楼",
          "representativeKey": "超声医学科|||检验科",
          "routeCount": 2,
          "pointsBefore": 2,
          "pointsAfter": 2,
          "turnsBefore": 0,
          "turnsAfter": 0,
          "runtimeMapReproduced": true,
          "baselineRuntimeClearancePx": 7.0,
          "candidateRuntimeClearancePx": 7.0,
          "mode": "scaled-runtime-map-clearance-preserving"
        },
        {
          "floor": "2楼",
          "representativeKey": "检验科|||内科门诊",
          "routeCount": 2,
          "pointsBefore": 7,
          "pointsAfter": 7,
          "turnsBefore": 2,
          "turnsAfter": 2,
          "runtimeMapReproduced": false,
          "baselineRuntimeClearancePx": null,
          "candidateRuntimeClearancePx": null,
          "mode": "collinear-only"
        },
        {
          "floor": "2楼",
          "representativeKey": "检验科|||伤口门诊",
          "routeCount": 2,
          "pointsBefore": 11,
          "pointsAfter": 11,
          "turnsBefore": 3,
          "turnsAfter": 3,
          "runtimeMapReproduced": false,
          "baselineRuntimeClearancePx": null,
          "candidateRuntimeClearancePx": null,
          "mode": "collinear-only"
        },
        {
          "floor": "2楼",
          "representativeKey": "检验科|||外科门诊",
          "routeCount": 2,
          "pointsBefore": 6,
          "pointsAfter": 6,
          "turnsBefore": 0,
          "turnsAfter": 0,
          "runtimeMapReproduced": false,
          "baselineRuntimeClearancePx": null,
          "candidateRuntimeClearancePx": null,
          "mode": "collinear-only"
        },
        {
          "floor": "2楼",
          "representativeKey": "中医馆|||超声医学科",
          "routeCount": 2,
          "pointsBefore": 12,
          "pointsAfter": 12,
          "turnsBefore": 3,
          "turnsAfter": 3,
          "runtimeMapReproduced": false,
          "baselineRuntimeClearancePx": null,
          "candidateRuntimeClearancePx": null,
          "mode": "collinear-only"
        },
        {
          "floor": "2楼",
          "representativeKey": "妇科门诊|||超声医学科",
          "routeCount": 2,
          "pointsBefore": 8,
          "pointsAfter": 8,
          "turnsBefore": 2,
          "turnsAfter": 2,
          "runtimeMapReproduced": false,
          "baselineRuntimeClearancePx": null,
          "candidateRuntimeClearancePx": null,
          "mode": "collinear-only"
        },
        {
          "floor": "2楼",
          "representativeKey": "超声医学科|||外科门诊",
          "routeCount": 2,
          "pointsBefore": 8,
          "pointsAfter": 8,
          "turnsBefore": 0,
          "turnsAfter": 0,
          "runtimeMapReproduced": false,
          "baselineRuntimeClearancePx": null,
          "candidateRuntimeClearancePx": null,
          "mode": "collinear-only"
        },
        {
          "floor": "2楼",
          "representativeKey": "超声医学科|||伤口门诊",
          "routeCount": 2,
          "pointsBefore": 11,
          "pointsAfter": 11,
          "turnsBefore": 2,
          "turnsAfter": 2,
          "runtimeMapReproduced": false,
          "baselineRuntimeClearancePx": null,
          "candidateRuntimeClearancePx": null,
          "mode": "collinear-only"
        },
        {
          "floor": "2楼",
          "representativeKey": "超声医学科|||内科门诊",
          "routeCount": 2,
          "pointsBefore": 9,
          "pointsAfter": 9,
          "turnsBefore": 2,
          "turnsAfter": 2,
          "runtimeMapReproduced": false,
          "baselineRuntimeClearancePx": null,
          "candidateRuntimeClearancePx": null,
          "mode": "collinear-only"
        },
        {
          "floor": "2楼",
          "representativeKey": "中医馆|||妇科门诊",
          "routeCount": 2,
          "pointsBefore": 7,
          "pointsAfter": 7,
          "turnsBefore": 0,
          "turnsAfter": 0,
          "runtimeMapReproduced": true,
          "baselineRuntimeClearancePx": 3.5969,
          "candidateRuntimeClearancePx": 3.5969,
          "mode": "rejected-turn-count"
        },
        {
          "floor": "2楼",
          "representativeKey": "妇科门诊|||内科门诊",
          "routeCount": 2,
          "pointsBefore": 10,
          "pointsAfter": 10,
          "turnsBefore": 0,
          "turnsAfter": 0,
          "runtimeMapReproduced": false,
          "baselineRuntimeClearancePx": null,
          "candidateRuntimeClearancePx": null,
          "mode": "collinear-only"
        },
        {
          "floor": "2楼",
          "representativeKey": "妇科门诊|||外科门诊",
          "routeCount": 2,
          "pointsBefore": 8,
          "pointsAfter": 8,
          "turnsBefore": 0,
          "turnsAfter": 0,
          "runtimeMapReproduced": false,
          "baselineRuntimeClearancePx": null,
          "candidateRuntimeClearancePx": null,
          "mode": "collinear-only"
        },
        {
          "floor": "2楼",
          "representativeKey": "妇科门诊|||伤口门诊",
          "routeCount": 2,
          "pointsBefore": 6,
          "pointsAfter": 6,
          "turnsBefore": 0,
          "turnsAfter": 0,
          "runtimeMapReproduced": false,
          "baselineRuntimeClearancePx": null,
          "candidateRuntimeClearancePx": null,
          "mode": "collinear-only"
        },
        {
          "floor": "2楼",
          "representativeKey": "内科门诊|||外科门诊",
          "routeCount": 2,
          "pointsBefore": 2,
          "pointsAfter": 2,
          "turnsBefore": 0,
          "turnsAfter": 0,
          "runtimeMapReproduced": false,
          "baselineRuntimeClearancePx": null,
          "candidateRuntimeClearancePx": null,
          "mode": "collinear-only"
        },
        {
          "floor": "2楼",
          "representativeKey": "中医馆|||内科门诊",
          "routeCount": 2,
          "pointsBefore": 2,
          "pointsAfter": 2,
          "turnsBefore": 0,
          "turnsAfter": 0,
          "runtimeMapReproduced": false,
          "baselineRuntimeClearancePx": null,
          "candidateRuntimeClearancePx": null,
          "mode": "collinear-only"
        },
        {
          "floor": "2楼",
          "representativeKey": "内科门诊|||伤口门诊",
          "routeCount": 2,
          "pointsBefore": 3,
          "pointsAfter": 3,
          "turnsBefore": 1,
          "turnsAfter": 1,
          "runtimeMapReproduced": false,
          "baselineRuntimeClearancePx": null,
          "candidateRuntimeClearancePx": null,
          "mode": "collinear-only"
        },
        {
          "floor": "2楼",
          "representativeKey": "中医馆|||外科门诊",
          "routeCount": 2,
          "pointsBefore": 2,
          "pointsAfter": 2,
          "turnsBefore": 0,
          "turnsAfter": 0,
          "runtimeMapReproduced": false,
          "baselineRuntimeClearancePx": null,
          "candidateRuntimeClearancePx": null,
          "mode": "collinear-only"
        },
        {
          "floor": "2楼",
          "representativeKey": "外科门诊|||伤口门诊",
          "routeCount": 2,
          "pointsBefore": 3,
          "pointsAfter": 3,
          "turnsBefore": 1,
          "turnsAfter": 1,
          "runtimeMapReproduced": false,
          "baselineRuntimeClearancePx": null,
          "candidateRuntimeClearancePx": null,
          "mode": "collinear-only"
        },
        {
          "floor": "2楼",
          "representativeKey": "中医馆|||伤口门诊",
          "routeCount": 2,
          "pointsBefore": 2,
          "pointsAfter": 2,
          "turnsBefore": 0,
          "turnsAfter": 0,
          "runtimeMapReproduced": false,
          "baselineRuntimeClearancePx": null,
          "candidateRuntimeClearancePx": null,
          "mode": "collinear-only"
        },
        {
          "floor": "3楼",
          "representativeKey": "耳鼻喉科门诊|||眼科门诊",
          "routeCount": 2,
          "pointsBefore": 1,
          "pointsAfter": 1,
          "turnsBefore": 0,
          "turnsAfter": 0,
          "mode": "co-located",
          "runtimeMapReproduced": false,
          "baselineRuntimeClearancePx": null,
          "candidateRuntimeClearancePx": null
        },
        {
          "floor": "3楼",
          "representativeKey": "口腔科门诊|||耳鼻喉科门诊",
          "routeCount": 4,
          "pointsBefore": 6,
          "pointsAfter": 6,
          "turnsBefore": 1,
          "turnsAfter": 1,
          "runtimeMapReproduced": false,
          "baselineRuntimeClearancePx": null,
          "candidateRuntimeClearancePx": null,
          "mode": "collinear-only"
        },
        {
          "floor": "3楼",
          "representativeKey": "产科门诊|||耳鼻喉科门诊",
          "routeCount": 4,
          "pointsBefore": 6,
          "pointsAfter": 6,
          "turnsBefore": 1,
          "turnsAfter": 1,
          "runtimeMapReproduced": false,
          "baselineRuntimeClearancePx": null,
          "candidateRuntimeClearancePx": null,
          "mode": "collinear-only"
        },
        {
          "floor": "3楼",
          "representativeKey": "耳鼻喉科门诊|||皮肤科门诊",
          "routeCount": 4,
          "pointsBefore": 13,
          "pointsAfter": 13,
          "turnsBefore": 1,
          "turnsAfter": 1,
          "runtimeMapReproduced": false,
          "baselineRuntimeClearancePx": null,
          "candidateRuntimeClearancePx": null,
          "mode": "collinear-only"
        },
        {
          "floor": "3楼",
          "representativeKey": "耳鼻喉科门诊|||泌尿科门诊",
          "routeCount": 4,
          "pointsBefore": 13,
          "pointsAfter": 13,
          "turnsBefore": 0,
          "turnsAfter": 0,
          "runtimeMapReproduced": false,
          "baselineRuntimeClearancePx": null,
          "candidateRuntimeClearancePx": null,
          "mode": "collinear-only"
        },
        {
          "floor": "3楼",
          "representativeKey": "耳鼻喉科门诊|||肛肠科门诊",
          "routeCount": 4,
          "pointsBefore": 13,
          "pointsAfter": 13,
          "turnsBefore": 0,
          "turnsAfter": 0,
          "runtimeMapReproduced": false,
          "baselineRuntimeClearancePx": null,
          "candidateRuntimeClearancePx": null,
          "mode": "collinear-only"
        },
        {
          "floor": "3楼",
          "representativeKey": "耳鼻喉科门诊|||碎石室",
          "routeCount": 4,
          "pointsBefore": 11,
          "pointsAfter": 11,
          "turnsBefore": 3,
          "turnsAfter": 3,
          "runtimeMapReproduced": false,
          "baselineRuntimeClearancePx": null,
          "candidateRuntimeClearancePx": null,
          "mode": "collinear-only"
        },
        {
          "floor": "3楼",
          "representativeKey": "耳鼻喉科门诊|||内镜诊疗中心",
          "routeCount": 4,
          "pointsBefore": 5,
          "pointsAfter": 5,
          "turnsBefore": 1,
          "turnsAfter": 1,
          "runtimeMapReproduced": false,
          "baselineRuntimeClearancePx": null,
          "candidateRuntimeClearancePx": null,
          "mode": "collinear-only"
        },
        {
          "floor": "3楼",
          "representativeKey": "耳鼻喉科门诊|||血液透析科",
          "routeCount": 4,
          "pointsBefore": 4,
          "pointsAfter": 4,
          "turnsBefore": 1,
          "turnsAfter": 1,
          "runtimeMapReproduced": false,
          "baselineRuntimeClearancePx": null,
          "candidateRuntimeClearancePx": null,
          "mode": "collinear-only"
        },
        {
          "floor": "3楼",
          "representativeKey": "内镜诊疗中心|||血液透析科",
          "routeCount": 1,
          "pointsBefore": 1,
          "pointsAfter": 1,
          "turnsBefore": 0,
          "turnsAfter": 0,
          "mode": "co-located",
          "runtimeMapReproduced": false,
          "baselineRuntimeClearancePx": null,
          "candidateRuntimeClearancePx": null
        },
        {
          "floor": "3楼",
          "representativeKey": "血液透析科|||内镜诊疗中心",
          "routeCount": 1,
          "pointsBefore": 1,
          "pointsAfter": 1,
          "turnsBefore": 0,
          "turnsAfter": 0,
          "mode": "co-located",
          "runtimeMapReproduced": false,
          "baselineRuntimeClearancePx": null,
          "candidateRuntimeClearancePx": null
        },
        {
          "floor": "3楼",
          "representativeKey": "产科门诊|||内镜诊疗中心",
          "routeCount": 2,
          "pointsBefore": 7,
          "pointsAfter": 7,
          "turnsBefore": 1,
          "turnsAfter": 1,
          "runtimeMapReproduced": false,
          "baselineRuntimeClearancePx": null,
          "candidateRuntimeClearancePx": null,
          "mode": "collinear-only"
        },
        {
          "floor": "3楼",
          "representativeKey": "内镜诊疗中心|||皮肤科门诊",
          "routeCount": 2,
          "pointsBefore": 13,
          "pointsAfter": 13,
          "turnsBefore": 1,
          "turnsAfter": 1,
          "runtimeMapReproduced": false,
          "baselineRuntimeClearancePx": null,
          "candidateRuntimeClearancePx": null,
          "mode": "collinear-only"
        },
        {
          "floor": "3楼",
          "representativeKey": "内镜诊疗中心|||泌尿科门诊",
          "routeCount": 2,
          "pointsBefore": 15,
          "pointsAfter": 15,
          "turnsBefore": 1,
          "turnsAfter": 1,
          "runtimeMapReproduced": false,
          "baselineRuntimeClearancePx": null,
          "candidateRuntimeClearancePx": null,
          "mode": "collinear-only"
        },
        {
          "floor": "3楼",
          "representativeKey": "内镜诊疗中心|||碎石室",
          "routeCount": 2,
          "pointsBefore": 12,
          "pointsAfter": 12,
          "turnsBefore": 3,
          "turnsAfter": 3,
          "runtimeMapReproduced": false,
          "baselineRuntimeClearancePx": null,
          "candidateRuntimeClearancePx": null,
          "mode": "collinear-only"
        },
        {
          "floor": "3楼",
          "representativeKey": "内镜诊疗中心|||肛肠科门诊",
          "routeCount": 2,
          "pointsBefore": 12,
          "pointsAfter": 12,
          "turnsBefore": 1,
          "turnsAfter": 1,
          "runtimeMapReproduced": false,
          "baselineRuntimeClearancePx": null,
          "candidateRuntimeClearancePx": null,
          "mode": "collinear-only"
        },
        {
          "floor": "3楼",
          "representativeKey": "口腔科门诊|||内镜诊疗中心",
          "routeCount": 2,
          "pointsBefore": 4,
          "pointsAfter": 4,
          "turnsBefore": 0,
          "turnsAfter": 0,
          "runtimeMapReproduced": false,
          "baselineRuntimeClearancePx": null,
          "candidateRuntimeClearancePx": null,
          "mode": "collinear-only"
        },
        {
          "floor": "3楼",
          "representativeKey": "产科门诊|||血液透析科",
          "routeCount": 2,
          "pointsBefore": 7,
          "pointsAfter": 7,
          "turnsBefore": 1,
          "turnsAfter": 1,
          "runtimeMapReproduced": false,
          "baselineRuntimeClearancePx": null,
          "candidateRuntimeClearancePx": null,
          "mode": "collinear-only"
        },
        {
          "floor": "3楼",
          "representativeKey": "血液透析科|||皮肤科门诊",
          "routeCount": 2,
          "pointsBefore": 13,
          "pointsAfter": 13,
          "turnsBefore": 1,
          "turnsAfter": 1,
          "runtimeMapReproduced": false,
          "baselineRuntimeClearancePx": null,
          "candidateRuntimeClearancePx": null,
          "mode": "collinear-only"
        },
        {
          "floor": "3楼",
          "representativeKey": "血液透析科|||泌尿科门诊",
          "routeCount": 2,
          "pointsBefore": 15,
          "pointsAfter": 15,
          "turnsBefore": 1,
          "turnsAfter": 1,
          "runtimeMapReproduced": false,
          "baselineRuntimeClearancePx": null,
          "candidateRuntimeClearancePx": null,
          "mode": "collinear-only"
        },
        {
          "floor": "3楼",
          "representativeKey": "血液透析科|||碎石室",
          "routeCount": 2,
          "pointsBefore": 12,
          "pointsAfter": 12,
          "turnsBefore": 3,
          "turnsAfter": 3,
          "runtimeMapReproduced": false,
          "baselineRuntimeClearancePx": null,
          "candidateRuntimeClearancePx": null,
          "mode": "collinear-only"
        },
        {
          "floor": "3楼",
          "representativeKey": "血液透析科|||肛肠科门诊",
          "routeCount": 2,
          "pointsBefore": 12,
          "pointsAfter": 12,
          "turnsBefore": 1,
          "turnsAfter": 1,
          "runtimeMapReproduced": false,
          "baselineRuntimeClearancePx": null,
          "candidateRuntimeClearancePx": null,
          "mode": "collinear-only"
        },
        {
          "floor": "3楼",
          "representativeKey": "口腔科门诊|||血液透析科",
          "routeCount": 2,
          "pointsBefore": 4,
          "pointsAfter": 4,
          "turnsBefore": 0,
          "turnsAfter": 0,
          "runtimeMapReproduced": false,
          "baselineRuntimeClearancePx": null,
          "candidateRuntimeClearancePx": null,
          "mode": "collinear-only"
        },
        {
          "floor": "3楼",
          "representativeKey": "口腔科门诊|||皮肤科门诊",
          "routeCount": 2,
          "pointsBefore": 15,
          "pointsAfter": 15,
          "turnsBefore": 2,
          "turnsAfter": 2,
          "runtimeMapReproduced": false,
          "baselineRuntimeClearancePx": null,
          "candidateRuntimeClearancePx": null,
          "mode": "collinear-only"
        },
        {
          "floor": "3楼",
          "representativeKey": "口腔科门诊|||碎石室",
          "routeCount": 2,
          "pointsBefore": 13,
          "pointsAfter": 13,
          "turnsBefore": 4,
          "turnsAfter": 4,
          "runtimeMapReproduced": false,
          "baselineRuntimeClearancePx": null,
          "candidateRuntimeClearancePx": null,
          "mode": "collinear-only"
        },
        {
          "floor": "3楼",
          "representativeKey": "口腔科门诊|||肛肠科门诊",
          "routeCount": 2,
          "pointsBefore": 13,
          "pointsAfter": 13,
          "turnsBefore": 2,
          "turnsAfter": 2,
          "runtimeMapReproduced": false,
          "baselineRuntimeClearancePx": null,
          "candidateRuntimeClearancePx": null,
          "mode": "collinear-only"
        },
        {
          "floor": "3楼",
          "representativeKey": "口腔科门诊|||泌尿科门诊",
          "routeCount": 2,
          "pointsBefore": 15,
          "pointsAfter": 15,
          "turnsBefore": 2,
          "turnsAfter": 2,
          "runtimeMapReproduced": false,
          "baselineRuntimeClearancePx": null,
          "candidateRuntimeClearancePx": null,
          "mode": "collinear-only"
        },
        {
          "floor": "3楼",
          "representativeKey": "产科门诊|||口腔科门诊",
          "routeCount": 2,
          "pointsBefore": 8,
          "pointsAfter": 8,
          "turnsBefore": 2,
          "turnsAfter": 2,
          "runtimeMapReproduced": false,
          "baselineRuntimeClearancePx": null,
          "candidateRuntimeClearancePx": null,
          "mode": "collinear-only"
        },
        {
          "floor": "3楼",
          "representativeKey": "产科门诊|||碎石室",
          "routeCount": 2,
          "pointsBefore": 11,
          "pointsAfter": 11,
          "turnsBefore": 1,
          "turnsAfter": 1,
          "runtimeMapReproduced": false,
          "baselineRuntimeClearancePx": null,
          "candidateRuntimeClearancePx": null,
          "mode": "collinear-only"
        },
        {
          "floor": "3楼",
          "representativeKey": "产科门诊|||皮肤科门诊",
          "routeCount": 2,
          "pointsBefore": 7,
          "pointsAfter": 7,
          "turnsBefore": 0,
          "turnsAfter": 0,
          "runtimeMapReproduced": false,
          "baselineRuntimeClearancePx": null,
          "candidateRuntimeClearancePx": null,
          "mode": "collinear-only"
        },
        {
          "floor": "3楼",
          "representativeKey": "产科门诊|||泌尿科门诊",
          "routeCount": 2,
          "pointsBefore": 3,
          "pointsAfter": 3,
          "turnsBefore": 0,
          "turnsAfter": 0,
          "runtimeMapReproduced": false,
          "baselineRuntimeClearancePx": null,
          "candidateRuntimeClearancePx": null,
          "mode": "collinear-only"
        },
        {
          "floor": "3楼",
          "representativeKey": "产科门诊|||肛肠科门诊",
          "routeCount": 2,
          "pointsBefore": 5,
          "pointsAfter": 5,
          "turnsBefore": 1,
          "turnsAfter": 1,
          "runtimeMapReproduced": false,
          "baselineRuntimeClearancePx": null,
          "candidateRuntimeClearancePx": null,
          "mode": "collinear-only"
        },
        {
          "floor": "3楼",
          "representativeKey": "碎石室|||泌尿科门诊",
          "routeCount": 2,
          "pointsBefore": 4,
          "pointsAfter": 4,
          "turnsBefore": 2,
          "turnsAfter": 2,
          "runtimeMapReproduced": false,
          "baselineRuntimeClearancePx": null,
          "candidateRuntimeClearancePx": null,
          "mode": "collinear-only"
        },
        {
          "floor": "3楼",
          "representativeKey": "肛肠科门诊|||泌尿科门诊",
          "routeCount": 2,
          "pointsBefore": 8,
          "pointsAfter": 8,
          "turnsBefore": 2,
          "turnsAfter": 2,
          "runtimeMapReproduced": false,
          "baselineRuntimeClearancePx": null,
          "candidateRuntimeClearancePx": null,
          "mode": "collinear-only"
        },
        {
          "floor": "3楼",
          "representativeKey": "泌尿科门诊|||皮肤科门诊",
          "routeCount": 2,
          "pointsBefore": 4,
          "pointsAfter": 4,
          "turnsBefore": 0,
          "turnsAfter": 0,
          "runtimeMapReproduced": false,
          "baselineRuntimeClearancePx": null,
          "candidateRuntimeClearancePx": null,
          "mode": "collinear-only"
        },
        {
          "floor": "3楼",
          "representativeKey": "碎石室|||肛肠科门诊",
          "routeCount": 2,
          "pointsBefore": 2,
          "pointsAfter": 2,
          "turnsBefore": 0,
          "turnsAfter": 0,
          "runtimeMapReproduced": false,
          "baselineRuntimeClearancePx": null,
          "candidateRuntimeClearancePx": null,
          "mode": "collinear-only"
        },
        {
          "floor": "3楼",
          "representativeKey": "碎石室|||皮肤科门诊",
          "routeCount": 2,
          "pointsBefore": 2,
          "pointsAfter": 2,
          "turnsBefore": 0,
          "turnsAfter": 0,
          "runtimeMapReproduced": false,
          "baselineRuntimeClearancePx": null,
          "candidateRuntimeClearancePx": null,
          "mode": "collinear-only"
        },
        {
          "floor": "3楼",
          "representativeKey": "肛肠科门诊|||皮肤科门诊",
          "routeCount": 2,
          "pointsBefore": 2,
          "pointsAfter": 2,
          "turnsBefore": 0,
          "turnsAfter": 0,
          "runtimeMapReproduced": false,
          "baselineRuntimeClearancePx": null,
          "candidateRuntimeClearancePx": null,
          "mode": "collinear-only"
        },
        {
          "floor": "4楼",
          "representativeKey": "病理科|||重症医学科",
          "routeCount": 2,
          "pointsBefore": 1,
          "pointsAfter": 1,
          "turnsBefore": 0,
          "turnsAfter": 0,
          "mode": "co-located",
          "runtimeMapReproduced": false,
          "baselineRuntimeClearancePx": null,
          "candidateRuntimeClearancePx": null
        },
        {
          "floor": "4楼",
          "representativeKey": "输血科|||病理科",
          "routeCount": 4,
          "pointsBefore": 2,
          "pointsAfter": 2,
          "turnsBefore": 0,
          "turnsAfter": 0,
          "runtimeMapReproduced": false,
          "baselineRuntimeClearancePx": null,
          "candidateRuntimeClearancePx": null,
          "mode": "collinear-only"
        },
        {
          "floor": "7楼",
          "representativeKey": "妇产科病房|||产房",
          "routeCount": 2,
          "pointsBefore": 1,
          "pointsAfter": 1,
          "turnsBefore": 0,
          "turnsAfter": 0,
          "mode": "co-located",
          "runtimeMapReproduced": false,
          "baselineRuntimeClearancePx": null,
          "candidateRuntimeClearancePx": null
        }
      ],
      "failures": [],
      "pointsRemoved": 0,
      "turnsRemoved": 0
    },
    "floorNavPaths.js": {
      "routeCount": 470,
      "uniqueGeometryCount": 212,
      "changedRouteCount": 0,
      "changedUniqueGeometryCount": 0,
      "runtimeMapReproducedGeometryCount": 1,
      "runtimeMapInconclusiveGeometryCount": 211,
      "scaledMapSimplifiedGeometryCount": 0,
      "collinearOnlySimplifiedGeometryCount": 0,
      "pointsBefore": 3650,
      "pointsAfter": 3650,
      "turnsBefore": 532,
      "turnsAfter": 532,
      "endpointRegressionCount": 0,
      "lengthRegressionCount": 0,
      "turnRegressionCount": 0,
      "runtimeClearanceRegressionCount": 0,
      "rejectedRegressionGeometryCount": 0,
      "geometryAudits": [
        {
          "floor": "10楼",
          "representativeKey": "骨一科病房|||S1|||toElevator",
          "routeCount": 2,
          "pointsBefore": 4,
          "pointsAfter": 4,
          "turnsBefore": 0,
          "turnsAfter": 0,
          "runtimeMapReproduced": false,
          "baselineRuntimeClearancePx": null,
          "candidateRuntimeClearancePx": null,
          "mode": "collinear-only"
        },
        {
          "floor": "10楼",
          "representativeKey": "骨一科病房|||S3|||toElevator",
          "routeCount": 2,
          "pointsBefore": 2,
          "pointsAfter": 2,
          "turnsBefore": 0,
          "turnsAfter": 0,
          "runtimeMapReproduced": false,
          "baselineRuntimeClearancePx": null,
          "candidateRuntimeClearancePx": null,
          "mode": "collinear-only"
        },
        {
          "floor": "10楼",
          "representativeKey": "骨一科病房|||S2|||toElevator",
          "routeCount": 2,
          "pointsBefore": 2,
          "pointsAfter": 2,
          "turnsBefore": 0,
          "turnsAfter": 0,
          "runtimeMapReproduced": false,
          "baselineRuntimeClearancePx": null,
          "candidateRuntimeClearancePx": null,
          "mode": "collinear-only"
        },
        {
          "floor": "11楼",
          "representativeKey": "骨二科病房|||S1|||toElevator",
          "routeCount": 2,
          "pointsBefore": 3,
          "pointsAfter": 3,
          "turnsBefore": 0,
          "turnsAfter": 0,
          "runtimeMapReproduced": false,
          "baselineRuntimeClearancePx": null,
          "candidateRuntimeClearancePx": null,
          "mode": "collinear-only"
        },
        {
          "floor": "11楼",
          "representativeKey": "骨二科病房|||S3|||toElevator",
          "routeCount": 2,
          "pointsBefore": 2,
          "pointsAfter": 2,
          "turnsBefore": 0,
          "turnsAfter": 0,
          "runtimeMapReproduced": false,
          "baselineRuntimeClearancePx": null,
          "candidateRuntimeClearancePx": null,
          "mode": "collinear-only"
        },
        {
          "floor": "11楼",
          "representativeKey": "骨二科病房|||S2|||toElevator",
          "routeCount": 2,
          "pointsBefore": 2,
          "pointsAfter": 2,
          "turnsBefore": 0,
          "turnsAfter": 0,
          "runtimeMapReproduced": false,
          "baselineRuntimeClearancePx": null,
          "candidateRuntimeClearancePx": null,
          "mode": "collinear-only"
        },
        {
          "floor": "12楼",
          "representativeKey": "内一科病房|||S1|||toElevator",
          "routeCount": 2,
          "pointsBefore": 3,
          "pointsAfter": 3,
          "turnsBefore": 0,
          "turnsAfter": 0,
          "runtimeMapReproduced": false,
          "baselineRuntimeClearancePx": null,
          "candidateRuntimeClearancePx": null,
          "mode": "collinear-only"
        },
        {
          "floor": "12楼",
          "representativeKey": "内一科病房|||S3|||toElevator",
          "routeCount": 2,
          "pointsBefore": 2,
          "pointsAfter": 2,
          "turnsBefore": 0,
          "turnsAfter": 0,
          "runtimeMapReproduced": false,
          "baselineRuntimeClearancePx": null,
          "candidateRuntimeClearancePx": null,
          "mode": "collinear-only"
        },
        {
          "floor": "12楼",
          "representativeKey": "内一科病房|||S2|||toElevator",
          "routeCount": 2,
          "pointsBefore": 2,
          "pointsAfter": 2,
          "turnsBefore": 0,
          "turnsAfter": 0,
          "runtimeMapReproduced": false,
          "baselineRuntimeClearancePx": null,
          "candidateRuntimeClearancePx": null,
          "mode": "collinear-only"
        },
        {
          "floor": "13楼",
          "representativeKey": "内二科病房|||S1|||toElevator",
          "routeCount": 2,
          "pointsBefore": 3,
          "pointsAfter": 3,
          "turnsBefore": 0,
          "turnsAfter": 0,
          "runtimeMapReproduced": false,
          "baselineRuntimeClearancePx": null,
          "candidateRuntimeClearancePx": null,
          "mode": "collinear-only"
        },
        {
          "floor": "13楼",
          "representativeKey": "内二科病房|||S3|||toElevator",
          "routeCount": 2,
          "pointsBefore": 2,
          "pointsAfter": 2,
          "turnsBefore": 0,
          "turnsAfter": 0,
          "runtimeMapReproduced": false,
          "baselineRuntimeClearancePx": null,
          "candidateRuntimeClearancePx": null,
          "mode": "collinear-only"
        },
        {
          "floor": "13楼",
          "representativeKey": "内二科病房|||S2|||toElevator",
          "routeCount": 2,
          "pointsBefore": 2,
          "pointsAfter": 2,
          "turnsBefore": 0,
          "turnsAfter": 0,
          "runtimeMapReproduced": false,
          "baselineRuntimeClearancePx": null,
          "candidateRuntimeClearancePx": null,
          "mode": "collinear-only"
        },
        {
          "floor": "1楼",
          "representativeKey": "消控室|||S4|||toElevator",
          "routeCount": 2,
          "pointsBefore": 11,
          "pointsAfter": 11,
          "turnsBefore": 2,
          "turnsAfter": 2,
          "runtimeMapReproduced": false,
          "baselineRuntimeClearancePx": null,
          "candidateRuntimeClearancePx": null,
          "mode": "collinear-only"
        },
        {
          "floor": "1楼",
          "representativeKey": "消控室|||S5|||toElevator",
          "routeCount": 2,
          "pointsBefore": 11,
          "pointsAfter": 11,
          "turnsBefore": 1,
          "turnsAfter": 1,
          "runtimeMapReproduced": false,
          "baselineRuntimeClearancePx": null,
          "candidateRuntimeClearancePx": null,
          "mode": "collinear-only"
        },
        {
          "floor": "1楼",
          "representativeKey": "消控室|||S2|||toElevator",
          "routeCount": 2,
          "pointsBefore": 12,
          "pointsAfter": 12,
          "turnsBefore": 0,
          "turnsAfter": 0,
          "runtimeMapReproduced": false,
          "baselineRuntimeClearancePx": null,
          "candidateRuntimeClearancePx": null,
          "mode": "collinear-only"
        },
        {
          "floor": "1楼",
          "representativeKey": "消控室|||S1|||toElevator",
          "routeCount": 2,
          "pointsBefore": 10,
          "pointsAfter": 10,
          "turnsBefore": 4,
          "turnsAfter": 4,
          "runtimeMapReproduced": false,
          "baselineRuntimeClearancePx": null,
          "candidateRuntimeClearancePx": null,
          "mode": "collinear-only"
        },
        {
          "floor": "1楼",
          "representativeKey": "消控室|||S3|||toElevator",
          "routeCount": 2,
          "pointsBefore": 14,
          "pointsAfter": 14,
          "turnsBefore": 1,
          "turnsAfter": 1,
          "runtimeMapReproduced": false,
          "baselineRuntimeClearancePx": null,
          "candidateRuntimeClearancePx": null,
          "mode": "collinear-only"
        },
        {
          "floor": "1楼",
          "representativeKey": "消控室|||S6|||toElevator",
          "routeCount": 2,
          "pointsBefore": 25,
          "pointsAfter": 25,
          "turnsBefore": 1,
          "turnsAfter": 1,
          "runtimeMapReproduced": false,
          "baselineRuntimeClearancePx": null,
          "candidateRuntimeClearancePx": null,
          "mode": "collinear-only"
        },
        {
          "floor": "1楼",
          "representativeKey": "放射科|||S1|||toElevator",
          "routeCount": 2,
          "pointsBefore": 14,
          "pointsAfter": 14,
          "turnsBefore": 3,
          "turnsAfter": 3,
          "runtimeMapReproduced": false,
          "baselineRuntimeClearancePx": null,
          "candidateRuntimeClearancePx": null,
          "mode": "collinear-only"
        },
        {
          "floor": "1楼",
          "representativeKey": "急诊科|||S1|||toElevator",
          "routeCount": 2,
          "pointsBefore": 9,
          "pointsAfter": 9,
          "turnsBefore": 1,
          "turnsAfter": 1,
          "runtimeMapReproduced": false,
          "baselineRuntimeClearancePx": null,
          "candidateRuntimeClearancePx": null,
          "mode": "collinear-only"
        },
        {
          "floor": "1楼",
          "representativeKey": "大伤门诊|||S1|||toElevator",
          "routeCount": 2,
          "pointsBefore": 8,
          "pointsAfter": 8,
          "turnsBefore": 1,
          "turnsAfter": 1,
          "runtimeMapReproduced": false,
          "baselineRuntimeClearancePx": null,
          "candidateRuntimeClearancePx": null,
          "mode": "collinear-only"
        },
        {
          "floor": "1楼",
          "representativeKey": "儿科门诊|||S1|||toElevator",
          "routeCount": 2,
          "pointsBefore": 14,
          "pointsAfter": 14,
          "turnsBefore": 5,
          "turnsAfter": 5,
          "runtimeMapReproduced": false,
          "baselineRuntimeClearancePx": null,
          "candidateRuntimeClearancePx": null,
          "mode": "collinear-only"
        },
        {
          "floor": "1楼",
          "representativeKey": "挂号缴费|||S1|||toElevator",
          "routeCount": 2,
          "pointsBefore": 13,
          "pointsAfter": 13,
          "turnsBefore": 4,
          "turnsAfter": 4,
          "runtimeMapReproduced": false,
          "baselineRuntimeClearancePx": null,
          "candidateRuntimeClearancePx": null,
          "mode": "collinear-only"
        },
        {
          "floor": "1楼",
          "representativeKey": "中药房|||S1|||toElevator",
          "routeCount": 4,
          "pointsBefore": 11,
          "pointsAfter": 11,
          "turnsBefore": 4,
          "turnsAfter": 4,
          "runtimeMapReproduced": false,
          "baselineRuntimeClearancePx": null,
          "candidateRuntimeClearancePx": null,
          "mode": "collinear-only"
        },
        {
          "floor": "1楼",
          "representativeKey": "输液室|||S1|||toElevator",
          "routeCount": 2,
          "pointsBefore": 10,
          "pointsAfter": 10,
          "turnsBefore": 5,
          "turnsAfter": 5,
          "runtimeMapReproduced": false,
          "baselineRuntimeClearancePx": null,
          "candidateRuntimeClearancePx": null,
          "mode": "collinear-only"
        },
        {
          "floor": "1楼",
          "representativeKey": "放射科|||S3|||toElevator",
          "routeCount": 2,
          "pointsBefore": 9,
          "pointsAfter": 9,
          "turnsBefore": 2,
          "turnsAfter": 2,
          "runtimeMapReproduced": false,
          "baselineRuntimeClearancePx": null,
          "candidateRuntimeClearancePx": null,
          "mode": "collinear-only"
        },
        {
          "floor": "1楼",
          "representativeKey": "放射科|||S2|||toElevator",
          "routeCount": 2,
          "pointsBefore": 7,
          "pointsAfter": 7,
          "turnsBefore": 2,
          "turnsAfter": 2,
          "runtimeMapReproduced": false,
          "baselineRuntimeClearancePx": null,
          "candidateRuntimeClearancePx": null,
          "mode": "collinear-only"
        },
        {
          "floor": "1楼",
          "representativeKey": "放射科|||S4|||toElevator",
          "routeCount": 2,
          "pointsBefore": 6,
          "pointsAfter": 6,
          "turnsBefore": 4,
          "turnsAfter": 4,
          "runtimeMapReproduced": false,
          "baselineRuntimeClearancePx": null,
          "candidateRuntimeClearancePx": null,
          "mode": "collinear-only"
        },
        {
          "floor": "1楼",
          "representativeKey": "放射科|||S5|||toElevator",
          "routeCount": 2,
          "pointsBefore": 6,
          "pointsAfter": 6,
          "turnsBefore": 3,
          "turnsAfter": 3,
          "runtimeMapReproduced": false,
          "baselineRuntimeClearancePx": null,
          "candidateRuntimeClearancePx": null,
          "mode": "collinear-only"
        },
        {
          "floor": "1楼",
          "representativeKey": "放射科|||S6|||toElevator",
          "routeCount": 2,
          "pointsBefore": 15,
          "pointsAfter": 15,
          "turnsBefore": 3,
          "turnsAfter": 3,
          "runtimeMapReproduced": false,
          "baselineRuntimeClearancePx": null,
          "candidateRuntimeClearancePx": null,
          "mode": "collinear-only"
        },
        {
          "floor": "1楼",
          "representativeKey": "中药房|||S3|||toElevator",
          "routeCount": 4,
          "pointsBefore": 4,
          "pointsAfter": 4,
          "turnsBefore": 1,
          "turnsAfter": 1,
          "runtimeMapReproduced": false,
          "baselineRuntimeClearancePx": null,
          "candidateRuntimeClearancePx": null,
          "mode": "collinear-only"
        },
        {
          "floor": "1楼",
          "representativeKey": "儿科门诊|||S3|||toElevator",
          "routeCount": 2,
          "pointsBefore": 9,
          "pointsAfter": 9,
          "turnsBefore": 2,
          "turnsAfter": 2,
          "runtimeMapReproduced": false,
          "baselineRuntimeClearancePx": null,
          "candidateRuntimeClearancePx": null,
          "mode": "collinear-only"
        },
        {
          "floor": "1楼",
          "representativeKey": "挂号缴费|||S3|||toElevator",
          "routeCount": 2,
          "pointsBefore": 7,
          "pointsAfter": 7,
          "turnsBefore": 0,
          "turnsAfter": 0,
          "runtimeMapReproduced": false,
          "baselineRuntimeClearancePx": null,
          "candidateRuntimeClearancePx": null,
          "mode": "collinear-only"
        },
        {
          "floor": "1楼",
          "representativeKey": "急诊科|||S3|||toElevator",
          "routeCount": 2,
          "pointsBefore": 6,
          "pointsAfter": 6,
          "turnsBefore": 0,
          "turnsAfter": 0,
          "runtimeMapReproduced": false,
          "baselineRuntimeClearancePx": null,
          "candidateRuntimeClearancePx": null,
          "mode": "collinear-only"
        },
        {
          "floor": "1楼",
          "representativeKey": "大伤门诊|||S3|||toElevator",
          "routeCount": 2,
          "pointsBefore": 5,
          "pointsAfter": 5,
          "turnsBefore": 0,
          "turnsAfter": 0,
          "runtimeMapReproduced": false,
          "baselineRuntimeClearancePx": null,
          "candidateRuntimeClearancePx": null,
          "mode": "collinear-only"
        },
        {
          "floor": "1楼",
          "representativeKey": "输液室|||S3|||toElevator",
          "routeCount": 2,
          "pointsBefore": 6,
          "pointsAfter": 6,
          "turnsBefore": 0,
          "turnsAfter": 0,
          "runtimeMapReproduced": false,
          "baselineRuntimeClearancePx": null,
          "candidateRuntimeClearancePx": null,
          "mode": "collinear-only"
        },
        {
          "floor": "1楼",
          "representativeKey": "输液室|||S2|||toElevator",
          "routeCount": 2,
          "pointsBefore": 6,
          "pointsAfter": 6,
          "turnsBefore": 1,
          "turnsAfter": 1,
          "runtimeMapReproduced": false,
          "baselineRuntimeClearancePx": null,
          "candidateRuntimeClearancePx": null,
          "mode": "collinear-only"
        },
        {
          "floor": "1楼",
          "representativeKey": "挂号缴费|||S2|||toElevator",
          "routeCount": 2,
          "pointsBefore": 8,
          "pointsAfter": 8,
          "turnsBefore": 0,
          "turnsAfter": 0,
          "runtimeMapReproduced": false,
          "baselineRuntimeClearancePx": null,
          "candidateRuntimeClearancePx": null,
          "mode": "collinear-only"
        },
        {
          "floor": "1楼",
          "representativeKey": "中药房|||S2|||toElevator",
          "routeCount": 4,
          "pointsBefore": 5,
          "pointsAfter": 5,
          "turnsBefore": 1,
          "turnsAfter": 1,
          "runtimeMapReproduced": false,
          "baselineRuntimeClearancePx": null,
          "candidateRuntimeClearancePx": null,
          "mode": "collinear-only"
        },
        {
          "floor": "1楼",
          "representativeKey": "儿科门诊|||S2|||toElevator",
          "routeCount": 2,
          "pointsBefore": 11,
          "pointsAfter": 11,
          "turnsBefore": 3,
          "turnsAfter": 3,
          "runtimeMapReproduced": false,
          "baselineRuntimeClearancePx": null,
          "candidateRuntimeClearancePx": null,
          "mode": "collinear-only"
        },
        {
          "floor": "1楼",
          "representativeKey": "急诊科|||S2|||toElevator",
          "routeCount": 2,
          "pointsBefore": 7,
          "pointsAfter": 7,
          "turnsBefore": 2,
          "turnsAfter": 2,
          "runtimeMapReproduced": false,
          "baselineRuntimeClearancePx": null,
          "candidateRuntimeClearancePx": null,
          "mode": "collinear-only"
        },
        {
          "floor": "1楼",
          "representativeKey": "大伤门诊|||S2|||toElevator",
          "routeCount": 2,
          "pointsBefore": 6,
          "pointsAfter": 6,
          "turnsBefore": 2,
          "turnsAfter": 2,
          "runtimeMapReproduced": false,
          "baselineRuntimeClearancePx": null,
          "candidateRuntimeClearancePx": null,
          "mode": "collinear-only"
        },
        {
          "floor": "1楼",
          "representativeKey": "中药房|||S5|||toElevator",
          "routeCount": 4,
          "pointsBefore": 5,
          "pointsAfter": 5,
          "turnsBefore": 0,
          "turnsAfter": 0,
          "runtimeMapReproduced": false,
          "baselineRuntimeClearancePx": null,
          "candidateRuntimeClearancePx": null,
          "mode": "collinear-only"
        },
        {
          "floor": "1楼",
          "representativeKey": "中药房|||S6|||toElevator",
          "routeCount": 4,
          "pointsBefore": 9,
          "pointsAfter": 9,
          "turnsBefore": 0,
          "turnsAfter": 0,
          "runtimeMapReproduced": false,
          "baselineRuntimeClearancePx": null,
          "candidateRuntimeClearancePx": null,
          "mode": "collinear-only"
        },
        {
          "floor": "1楼",
          "representativeKey": "中药房|||S4|||toElevator",
          "routeCount": 4,
          "pointsBefore": 2,
          "pointsAfter": 2,
          "turnsBefore": 0,
          "turnsAfter": 0,
          "runtimeMapReproduced": false,
          "baselineRuntimeClearancePx": null,
          "candidateRuntimeClearancePx": null,
          "mode": "collinear-only"
        },
        {
          "floor": "1楼",
          "representativeKey": "急诊科|||S4|||toElevator",
          "routeCount": 2,
          "pointsBefore": 7,
          "pointsAfter": 7,
          "turnsBefore": 2,
          "turnsAfter": 2,
          "runtimeMapReproduced": false,
          "baselineRuntimeClearancePx": null,
          "candidateRuntimeClearancePx": null,
          "mode": "collinear-only"
        },
        {
          "floor": "1楼",
          "representativeKey": "大伤门诊|||S4|||toElevator",
          "routeCount": 2,
          "pointsBefore": 17,
          "pointsAfter": 17,
          "turnsBefore": 1,
          "turnsAfter": 1,
          "runtimeMapReproduced": false,
          "baselineRuntimeClearancePx": null,
          "candidateRuntimeClearancePx": null,
          "mode": "collinear-only"
        },
        {
          "floor": "1楼",
          "representativeKey": "输液室|||S4|||toElevator",
          "routeCount": 2,
          "pointsBefore": 5,
          "pointsAfter": 5,
          "turnsBefore": 1,
          "turnsAfter": 1,
          "runtimeMapReproduced": false,
          "baselineRuntimeClearancePx": null,
          "candidateRuntimeClearancePx": null,
          "mode": "collinear-only"
        },
        {
          "floor": "1楼",
          "representativeKey": "挂号缴费|||S4|||toElevator",
          "routeCount": 2,
          "pointsBefore": 3,
          "pointsAfter": 3,
          "turnsBefore": 0,
          "turnsAfter": 0,
          "runtimeMapReproduced": false,
          "baselineRuntimeClearancePx": null,
          "candidateRuntimeClearancePx": null,
          "mode": "collinear-only"
        },
        {
          "floor": "1楼",
          "representativeKey": "儿科门诊|||S4|||toElevator",
          "routeCount": 2,
          "pointsBefore": 5,
          "pointsAfter": 5,
          "turnsBefore": 0,
          "turnsAfter": 0,
          "runtimeMapReproduced": false,
          "baselineRuntimeClearancePx": null,
          "candidateRuntimeClearancePx": null,
          "mode": "collinear-only"
        },
        {
          "floor": "1楼",
          "representativeKey": "急诊科|||S5|||toElevator",
          "routeCount": 2,
          "pointsBefore": 7,
          "pointsAfter": 7,
          "turnsBefore": 1,
          "turnsAfter": 1,
          "runtimeMapReproduced": false,
          "baselineRuntimeClearancePx": null,
          "candidateRuntimeClearancePx": null,
          "mode": "collinear-only"
        },
        {
          "floor": "1楼",
          "representativeKey": "挂号缴费|||S5|||toElevator",
          "routeCount": 2,
          "pointsBefore": 6,
          "pointsAfter": 6,
          "turnsBefore": 1,
          "turnsAfter": 1,
          "runtimeMapReproduced": false,
          "baselineRuntimeClearancePx": null,
          "candidateRuntimeClearancePx": null,
          "mode": "collinear-only"
        },
        {
          "floor": "1楼",
          "representativeKey": "儿科门诊|||S5|||toElevator",
          "routeCount": 2,
          "pointsBefore": 7,
          "pointsAfter": 7,
          "turnsBefore": 2,
          "turnsAfter": 2,
          "runtimeMapReproduced": false,
          "baselineRuntimeClearancePx": null,
          "candidateRuntimeClearancePx": null,
          "mode": "collinear-only"
        },
        {
          "floor": "1楼",
          "representativeKey": "输液室|||S5|||toElevator",
          "routeCount": 2,
          "pointsBefore": 3,
          "pointsAfter": 3,
          "turnsBefore": 0,
          "turnsAfter": 0,
          "runtimeMapReproduced": false,
          "baselineRuntimeClearancePx": null,
          "candidateRuntimeClearancePx": null,
          "mode": "collinear-only"
        },
        {
          "floor": "1楼",
          "representativeKey": "大伤门诊|||S5|||toElevator",
          "routeCount": 2,
          "pointsBefore": 9,
          "pointsAfter": 9,
          "turnsBefore": 0,
          "turnsAfter": 0,
          "runtimeMapReproduced": false,
          "baselineRuntimeClearancePx": null,
          "candidateRuntimeClearancePx": null,
          "mode": "collinear-only"
        },
        {
          "floor": "1楼",
          "representativeKey": "急诊科|||S6|||toElevator",
          "routeCount": 2,
          "pointsBefore": 10,
          "pointsAfter": 10,
          "turnsBefore": 2,
          "turnsAfter": 2,
          "runtimeMapReproduced": false,
          "baselineRuntimeClearancePx": null,
          "candidateRuntimeClearancePx": null,
          "mode": "collinear-only"
        },
        {
          "floor": "1楼",
          "representativeKey": "挂号缴费|||S6|||toElevator",
          "routeCount": 2,
          "pointsBefore": 5,
          "pointsAfter": 5,
          "turnsBefore": 1,
          "turnsAfter": 1,
          "runtimeMapReproduced": false,
          "baselineRuntimeClearancePx": null,
          "candidateRuntimeClearancePx": null,
          "mode": "collinear-only"
        },
        {
          "floor": "1楼",
          "representativeKey": "输液室|||S6|||toElevator",
          "routeCount": 2,
          "pointsBefore": 6,
          "pointsAfter": 6,
          "turnsBefore": 0,
          "turnsAfter": 0,
          "runtimeMapReproduced": false,
          "baselineRuntimeClearancePx": null,
          "candidateRuntimeClearancePx": null,
          "mode": "collinear-only"
        },
        {
          "floor": "1楼",
          "representativeKey": "大伤门诊|||S6|||toElevator",
          "routeCount": 2,
          "pointsBefore": 6,
          "pointsAfter": 6,
          "turnsBefore": 1,
          "turnsAfter": 1,
          "runtimeMapReproduced": false,
          "baselineRuntimeClearancePx": null,
          "candidateRuntimeClearancePx": null,
          "mode": "collinear-only"
        },
        {
          "floor": "1楼",
          "representativeKey": "儿科门诊|||S6|||toElevator",
          "routeCount": 2,
          "pointsBefore": 8,
          "pointsAfter": 8,
          "turnsBefore": 2,
          "turnsAfter": 2,
          "runtimeMapReproduced": false,
          "baselineRuntimeClearancePx": null,
          "candidateRuntimeClearancePx": null,
          "mode": "collinear-only"
        },
        {
          "floor": "2楼",
          "representativeKey": "计算机机房|||S1|||toElevator",
          "routeCount": 2,
          "pointsBefore": 6,
          "pointsAfter": 6,
          "turnsBefore": 1,
          "turnsAfter": 1,
          "runtimeMapReproduced": false,
          "baselineRuntimeClearancePx": null,
          "candidateRuntimeClearancePx": null,
          "mode": "collinear-only"
        },
        {
          "floor": "2楼",
          "representativeKey": "检验科|||S1|||toElevator",
          "routeCount": 2,
          "pointsBefore": 5,
          "pointsAfter": 5,
          "turnsBefore": 1,
          "turnsAfter": 1,
          "runtimeMapReproduced": false,
          "baselineRuntimeClearancePx": null,
          "candidateRuntimeClearancePx": null,
          "mode": "collinear-only"
        },
        {
          "floor": "2楼",
          "representativeKey": "急诊科办公区|||S1|||toElevator",
          "routeCount": 2,
          "pointsBefore": 5,
          "pointsAfter": 5,
          "turnsBefore": 1,
          "turnsAfter": 1,
          "runtimeMapReproduced": false,
          "baselineRuntimeClearancePx": null,
          "candidateRuntimeClearancePx": null,
          "mode": "collinear-only"
        },
        {
          "floor": "2楼",
          "representativeKey": "内科门诊|||S1|||toElevator",
          "routeCount": 2,
          "pointsBefore": 6,
          "pointsAfter": 6,
          "turnsBefore": 1,
          "turnsAfter": 1,
          "runtimeMapReproduced": false,
          "baselineRuntimeClearancePx": null,
          "candidateRuntimeClearancePx": null,
          "mode": "collinear-only"
        },
        {
          "floor": "2楼",
          "representativeKey": "多功能科|||S1|||toElevator",
          "routeCount": 2,
          "pointsBefore": 5,
          "pointsAfter": 5,
          "turnsBefore": 1,
          "turnsAfter": 1,
          "runtimeMapReproduced": false,
          "baselineRuntimeClearancePx": null,
          "candidateRuntimeClearancePx": null,
          "mode": "collinear-only"
        },
        {
          "floor": "2楼",
          "representativeKey": "外科门诊|||S1|||toElevator",
          "routeCount": 2,
          "pointsBefore": 4,
          "pointsAfter": 4,
          "turnsBefore": 0,
          "turnsAfter": 0,
          "runtimeMapReproduced": false,
          "baselineRuntimeClearancePx": null,
          "candidateRuntimeClearancePx": null,
          "mode": "collinear-only"
        },
        {
          "floor": "2楼",
          "representativeKey": "超声医学科|||S1|||toElevator",
          "routeCount": 2,
          "pointsBefore": 4,
          "pointsAfter": 4,
          "turnsBefore": 1,
          "turnsAfter": 1,
          "runtimeMapReproduced": false,
          "baselineRuntimeClearancePx": null,
          "candidateRuntimeClearancePx": null,
          "mode": "collinear-only"
        },
        {
          "floor": "2楼",
          "representativeKey": "中医馆|||S1|||toElevator",
          "routeCount": 2,
          "pointsBefore": 11,
          "pointsAfter": 11,
          "turnsBefore": 1,
          "turnsAfter": 1,
          "runtimeMapReproduced": false,
          "baselineRuntimeClearancePx": null,
          "candidateRuntimeClearancePx": null,
          "mode": "collinear-only"
        },
        {
          "floor": "2楼",
          "representativeKey": "妇科门诊|||S1|||toElevator",
          "routeCount": 2,
          "pointsBefore": 4,
          "pointsAfter": 4,
          "turnsBefore": 1,
          "turnsAfter": 1,
          "runtimeMapReproduced": false,
          "baselineRuntimeClearancePx": null,
          "candidateRuntimeClearancePx": null,
          "mode": "collinear-only"
        },
        {
          "floor": "2楼",
          "representativeKey": "伤口门诊|||S1|||toElevator",
          "routeCount": 2,
          "pointsBefore": 6,
          "pointsAfter": 6,
          "turnsBefore": 2,
          "turnsAfter": 2,
          "runtimeMapReproduced": false,
          "baselineRuntimeClearancePx": null,
          "candidateRuntimeClearancePx": null,
          "mode": "collinear-only"
        },
        {
          "floor": "2楼",
          "representativeKey": "多功能科|||S5|||toElevator",
          "routeCount": 2,
          "pointsBefore": 10,
          "pointsAfter": 10,
          "turnsBefore": 2,
          "turnsAfter": 2,
          "runtimeMapReproduced": false,
          "baselineRuntimeClearancePx": null,
          "candidateRuntimeClearancePx": null,
          "mode": "collinear-only"
        },
        {
          "floor": "2楼",
          "representativeKey": "多功能科|||S3|||toElevator",
          "routeCount": 2,
          "pointsBefore": 7,
          "pointsAfter": 7,
          "turnsBefore": 0,
          "turnsAfter": 0,
          "runtimeMapReproduced": false,
          "baselineRuntimeClearancePx": null,
          "candidateRuntimeClearancePx": null,
          "mode": "collinear-only"
        },
        {
          "floor": "2楼",
          "representativeKey": "多功能科|||S2|||toElevator",
          "routeCount": 2,
          "pointsBefore": 7,
          "pointsAfter": 7,
          "turnsBefore": 1,
          "turnsAfter": 1,
          "runtimeMapReproduced": false,
          "baselineRuntimeClearancePx": null,
          "candidateRuntimeClearancePx": null,
          "mode": "collinear-only"
        },
        {
          "floor": "2楼",
          "representativeKey": "多功能科|||S4|||toElevator",
          "routeCount": 2,
          "pointsBefore": 9,
          "pointsAfter": 9,
          "turnsBefore": 3,
          "turnsAfter": 3,
          "runtimeMapReproduced": false,
          "baselineRuntimeClearancePx": null,
          "candidateRuntimeClearancePx": null,
          "mode": "collinear-only"
        },
        {
          "floor": "2楼",
          "representativeKey": "多功能科|||S6|||toElevator",
          "routeCount": 2,
          "pointsBefore": 14,
          "pointsAfter": 14,
          "turnsBefore": 2,
          "turnsAfter": 2,
          "runtimeMapReproduced": false,
          "baselineRuntimeClearancePx": null,
          "candidateRuntimeClearancePx": null,
          "mode": "collinear-only"
        },
        {
          "floor": "2楼",
          "representativeKey": "超声医学科|||S2|||toElevator",
          "routeCount": 2,
          "pointsBefore": 3,
          "pointsAfter": 3,
          "turnsBefore": 0,
          "turnsAfter": 0,
          "runtimeMapReproduced": false,
          "baselineRuntimeClearancePx": null,
          "candidateRuntimeClearancePx": null,
          "mode": "collinear-only"
        },
        {
          "floor": "2楼",
          "representativeKey": "急诊科办公区|||S2|||toElevator",
          "routeCount": 2,
          "pointsBefore": 2,
          "pointsAfter": 2,
          "turnsBefore": 0,
          "turnsAfter": 0,
          "runtimeMapReproduced": false,
          "baselineRuntimeClearancePx": null,
          "candidateRuntimeClearancePx": null,
          "mode": "collinear-only"
        },
        {
          "floor": "2楼",
          "representativeKey": "计算机机房|||S2|||toElevator",
          "routeCount": 2,
          "pointsBefore": 2,
          "pointsAfter": 2,
          "turnsBefore": 0,
          "turnsAfter": 0,
          "runtimeMapReproduced": false,
          "baselineRuntimeClearancePx": null,
          "candidateRuntimeClearancePx": null,
          "mode": "collinear-only"
        },
        {
          "floor": "2楼",
          "representativeKey": "检验科|||S2|||toElevator",
          "routeCount": 2,
          "pointsBefore": 2,
          "pointsAfter": 2,
          "turnsBefore": 0,
          "turnsAfter": 0,
          "runtimeMapReproduced": false,
          "baselineRuntimeClearancePx": null,
          "candidateRuntimeClearancePx": null,
          "mode": "collinear-only"
        },
        {
          "floor": "2楼",
          "representativeKey": "内科门诊|||S2|||toElevator",
          "routeCount": 2,
          "pointsBefore": 7,
          "pointsAfter": 7,
          "turnsBefore": 2,
          "turnsAfter": 2,
          "runtimeMapReproduced": false,
          "baselineRuntimeClearancePx": null,
          "candidateRuntimeClearancePx": null,
          "mode": "collinear-only"
        },
        {
          "floor": "2楼",
          "representativeKey": "妇科门诊|||S2|||toElevator",
          "routeCount": 2,
          "pointsBefore": 5,
          "pointsAfter": 5,
          "turnsBefore": 1,
          "turnsAfter": 1,
          "runtimeMapReproduced": false,
          "baselineRuntimeClearancePx": null,
          "candidateRuntimeClearancePx": null,
          "mode": "collinear-only"
        },
        {
          "floor": "2楼",
          "representativeKey": "中医馆|||S2|||toElevator",
          "routeCount": 2,
          "pointsBefore": 12,
          "pointsAfter": 12,
          "turnsBefore": 1,
          "turnsAfter": 1,
          "runtimeMapReproduced": false,
          "baselineRuntimeClearancePx": null,
          "candidateRuntimeClearancePx": null,
          "mode": "collinear-only"
        },
        {
          "floor": "2楼",
          "representativeKey": "伤口门诊|||S2|||toElevator",
          "routeCount": 2,
          "pointsBefore": 8,
          "pointsAfter": 8,
          "turnsBefore": 2,
          "turnsAfter": 2,
          "runtimeMapReproduced": false,
          "baselineRuntimeClearancePx": null,
          "candidateRuntimeClearancePx": null,
          "mode": "collinear-only"
        },
        {
          "floor": "2楼",
          "representativeKey": "外科门诊|||S2|||toElevator",
          "routeCount": 2,
          "pointsBefore": 4,
          "pointsAfter": 4,
          "turnsBefore": 0,
          "turnsAfter": 0,
          "runtimeMapReproduced": false,
          "baselineRuntimeClearancePx": null,
          "candidateRuntimeClearancePx": null,
          "mode": "collinear-only"
        },
        {
          "floor": "2楼",
          "representativeKey": "急诊科办公区|||S5|||toElevator",
          "routeCount": 2,
          "pointsBefore": 9,
          "pointsAfter": 9,
          "turnsBefore": 2,
          "turnsAfter": 2,
          "runtimeMapReproduced": false,
          "baselineRuntimeClearancePx": null,
          "candidateRuntimeClearancePx": null,
          "mode": "collinear-only"
        },
        {
          "floor": "2楼",
          "representativeKey": "急诊科办公区|||S4|||toElevator",
          "routeCount": 2,
          "pointsBefore": 11,
          "pointsAfter": 11,
          "turnsBefore": 2,
          "turnsAfter": 2,
          "runtimeMapReproduced": false,
          "baselineRuntimeClearancePx": null,
          "candidateRuntimeClearancePx": null,
          "mode": "collinear-only"
        },
        {
          "floor": "2楼",
          "representativeKey": "急诊科办公区|||S6|||toElevator",
          "routeCount": 2,
          "pointsBefore": 16,
          "pointsAfter": 16,
          "turnsBefore": 1,
          "turnsAfter": 1,
          "runtimeMapReproduced": false,
          "baselineRuntimeClearancePx": null,
          "candidateRuntimeClearancePx": null,
          "mode": "collinear-only"
        },
        {
          "floor": "2楼",
          "representativeKey": "急诊科办公区|||S3|||toElevator",
          "routeCount": 2,
          "pointsBefore": 2,
          "pointsAfter": 2,
          "turnsBefore": 0,
          "turnsAfter": 0,
          "runtimeMapReproduced": false,
          "baselineRuntimeClearancePx": null,
          "candidateRuntimeClearancePx": null,
          "mode": "collinear-only"
        },
        {
          "floor": "2楼",
          "representativeKey": "计算机机房|||S5|||toElevator",
          "routeCount": 2,
          "pointsBefore": 8,
          "pointsAfter": 8,
          "turnsBefore": 2,
          "turnsAfter": 2,
          "runtimeMapReproduced": false,
          "baselineRuntimeClearancePx": null,
          "candidateRuntimeClearancePx": null,
          "mode": "collinear-only"
        },
        {
          "floor": "2楼",
          "representativeKey": "计算机机房|||S4|||toElevator",
          "routeCount": 2,
          "pointsBefore": 10,
          "pointsAfter": 10,
          "turnsBefore": 2,
          "turnsAfter": 2,
          "runtimeMapReproduced": false,
          "baselineRuntimeClearancePx": null,
          "candidateRuntimeClearancePx": null,
          "mode": "collinear-only"
        },
        {
          "floor": "2楼",
          "representativeKey": "计算机机房|||S6|||toElevator",
          "routeCount": 2,
          "pointsBefore": 15,
          "pointsAfter": 15,
          "turnsBefore": 1,
          "turnsAfter": 1,
          "runtimeMapReproduced": false,
          "baselineRuntimeClearancePx": null,
          "candidateRuntimeClearancePx": null,
          "mode": "collinear-only"
        },
        {
          "floor": "2楼",
          "representativeKey": "计算机机房|||S3|||toElevator",
          "routeCount": 2,
          "pointsBefore": 2,
          "pointsAfter": 2,
          "turnsBefore": 0,
          "turnsAfter": 0,
          "runtimeMapReproduced": false,
          "baselineRuntimeClearancePx": null,
          "candidateRuntimeClearancePx": null,
          "mode": "collinear-only"
        },
        {
          "floor": "2楼",
          "representativeKey": "检验科|||S6|||toElevator",
          "routeCount": 2,
          "pointsBefore": 15,
          "pointsAfter": 15,
          "turnsBefore": 1,
          "turnsAfter": 1,
          "runtimeMapReproduced": false,
          "baselineRuntimeClearancePx": null,
          "candidateRuntimeClearancePx": null,
          "mode": "collinear-only"
        },
        {
          "floor": "2楼",
          "representativeKey": "检验科|||S5|||toElevator",
          "routeCount": 2,
          "pointsBefore": 9,
          "pointsAfter": 9,
          "turnsBefore": 2,
          "turnsAfter": 2,
          "runtimeMapReproduced": false,
          "baselineRuntimeClearancePx": null,
          "candidateRuntimeClearancePx": null,
          "mode": "collinear-only"
        },
        {
          "floor": "2楼",
          "representativeKey": "检验科|||S4|||toElevator",
          "routeCount": 2,
          "pointsBefore": 11,
          "pointsAfter": 11,
          "turnsBefore": 2,
          "turnsAfter": 2,
          "runtimeMapReproduced": false,
          "baselineRuntimeClearancePx": null,
          "candidateRuntimeClearancePx": null,
          "mode": "collinear-only"
        },
        {
          "floor": "2楼",
          "representativeKey": "检验科|||S3|||toElevator",
          "routeCount": 2,
          "pointsBefore": 2,
          "pointsAfter": 2,
          "turnsBefore": 0,
          "turnsAfter": 0,
          "runtimeMapReproduced": false,
          "baselineRuntimeClearancePx": null,
          "candidateRuntimeClearancePx": null,
          "mode": "collinear-only"
        },
        {
          "floor": "2楼",
          "representativeKey": "超声医学科|||S5|||toElevator",
          "routeCount": 2,
          "pointsBefore": 9,
          "pointsAfter": 9,
          "turnsBefore": 2,
          "turnsAfter": 2,
          "runtimeMapReproduced": false,
          "baselineRuntimeClearancePx": null,
          "candidateRuntimeClearancePx": null,
          "mode": "collinear-only"
        },
        {
          "floor": "2楼",
          "representativeKey": "超声医学科|||S4|||toElevator",
          "routeCount": 2,
          "pointsBefore": 11,
          "pointsAfter": 11,
          "turnsBefore": 2,
          "turnsAfter": 2,
          "runtimeMapReproduced": false,
          "baselineRuntimeClearancePx": null,
          "candidateRuntimeClearancePx": null,
          "mode": "collinear-only"
        },
        {
          "floor": "2楼",
          "representativeKey": "超声医学科|||S6|||toElevator",
          "routeCount": 2,
          "pointsBefore": 16,
          "pointsAfter": 16,
          "turnsBefore": 1,
          "turnsAfter": 1,
          "runtimeMapReproduced": false,
          "baselineRuntimeClearancePx": null,
          "candidateRuntimeClearancePx": null,
          "mode": "collinear-only"
        },
        {
          "floor": "2楼",
          "representativeKey": "超声医学科|||S3|||toElevator",
          "routeCount": 2,
          "pointsBefore": 2,
          "pointsAfter": 2,
          "turnsBefore": 0,
          "turnsAfter": 0,
          "runtimeMapReproduced": false,
          "baselineRuntimeClearancePx": null,
          "candidateRuntimeClearancePx": null,
          "mode": "collinear-only"
        },
        {
          "floor": "2楼",
          "representativeKey": "内科门诊|||S3|||toElevator",
          "routeCount": 2,
          "pointsBefore": 7,
          "pointsAfter": 7,
          "turnsBefore": 2,
          "turnsAfter": 2,
          "runtimeMapReproduced": false,
          "baselineRuntimeClearancePx": null,
          "candidateRuntimeClearancePx": null,
          "mode": "collinear-only"
        },
        {
          "floor": "2楼",
          "representativeKey": "妇科门诊|||S3|||toElevator",
          "routeCount": 2,
          "pointsBefore": 5,
          "pointsAfter": 5,
          "turnsBefore": 2,
          "turnsAfter": 2,
          "runtimeMapReproduced": false,
          "baselineRuntimeClearancePx": null,
          "candidateRuntimeClearancePx": null,
          "mode": "collinear-only"
        },
        {
          "floor": "2楼",
          "representativeKey": "中医馆|||S3|||toElevator",
          "routeCount": 2,
          "pointsBefore": 12,
          "pointsAfter": 12,
          "turnsBefore": 2,
          "turnsAfter": 2,
          "runtimeMapReproduced": false,
          "baselineRuntimeClearancePx": null,
          "candidateRuntimeClearancePx": null,
          "mode": "collinear-only"
        },
        {
          "floor": "2楼",
          "representativeKey": "伤口门诊|||S3|||toElevator",
          "routeCount": 2,
          "pointsBefore": 8,
          "pointsAfter": 8,
          "turnsBefore": 3,
          "turnsAfter": 3,
          "runtimeMapReproduced": false,
          "baselineRuntimeClearancePx": null,
          "candidateRuntimeClearancePx": null,
          "mode": "collinear-only"
        },
        {
          "floor": "2楼",
          "representativeKey": "外科门诊|||S3|||toElevator",
          "routeCount": 2,
          "pointsBefore": 4,
          "pointsAfter": 4,
          "turnsBefore": 1,
          "turnsAfter": 1,
          "runtimeMapReproduced": false,
          "baselineRuntimeClearancePx": null,
          "candidateRuntimeClearancePx": null,
          "mode": "collinear-only"
        },
        {
          "floor": "2楼",
          "representativeKey": "内科门诊|||S4|||toElevator",
          "routeCount": 2,
          "pointsBefore": 8,
          "pointsAfter": 8,
          "turnsBefore": 3,
          "turnsAfter": 3,
          "runtimeMapReproduced": false,
          "baselineRuntimeClearancePx": null,
          "candidateRuntimeClearancePx": null,
          "mode": "collinear-only"
        },
        {
          "floor": "2楼",
          "representativeKey": "外科门诊|||S4|||toElevator",
          "routeCount": 2,
          "pointsBefore": 5,
          "pointsAfter": 5,
          "turnsBefore": 0,
          "turnsAfter": 0,
          "runtimeMapReproduced": false,
          "baselineRuntimeClearancePx": null,
          "candidateRuntimeClearancePx": null,
          "mode": "collinear-only"
        },
        {
          "floor": "2楼",
          "representativeKey": "妇科门诊|||S4|||toElevator",
          "routeCount": 2,
          "pointsBefore": 4,
          "pointsAfter": 4,
          "turnsBefore": 0,
          "turnsAfter": 0,
          "runtimeMapReproduced": false,
          "baselineRuntimeClearancePx": null,
          "candidateRuntimeClearancePx": null,
          "mode": "collinear-only"
        },
        {
          "floor": "2楼",
          "representativeKey": "伤口门诊|||S4|||toElevator",
          "routeCount": 2,
          "pointsBefore": 9,
          "pointsAfter": 9,
          "turnsBefore": 1,
          "turnsAfter": 1,
          "runtimeMapReproduced": false,
          "baselineRuntimeClearancePx": null,
          "candidateRuntimeClearancePx": null,
          "mode": "collinear-only"
        },
        {
          "floor": "2楼",
          "representativeKey": "中医馆|||S4|||toElevator",
          "routeCount": 2,
          "pointsBefore": 8,
          "pointsAfter": 8,
          "turnsBefore": 0,
          "turnsAfter": 0,
          "runtimeMapReproduced": false,
          "baselineRuntimeClearancePx": null,
          "candidateRuntimeClearancePx": null,
          "mode": "collinear-only"
        },
        {
          "floor": "2楼",
          "representativeKey": "妇科门诊|||S5|||toElevator",
          "routeCount": 2,
          "pointsBefore": 5,
          "pointsAfter": 5,
          "turnsBefore": 1,
          "turnsAfter": 1,
          "runtimeMapReproduced": false,
          "baselineRuntimeClearancePx": null,
          "candidateRuntimeClearancePx": null,
          "mode": "collinear-only"
        },
        {
          "floor": "2楼",
          "representativeKey": "伤口门诊|||S5|||toElevator",
          "routeCount": 2,
          "pointsBefore": 10,
          "pointsAfter": 10,
          "turnsBefore": 2,
          "turnsAfter": 2,
          "runtimeMapReproduced": false,
          "baselineRuntimeClearancePx": null,
          "candidateRuntimeClearancePx": null,
          "mode": "collinear-only"
        },
        {
          "floor": "2楼",
          "representativeKey": "中医馆|||S5|||toElevator",
          "routeCount": 2,
          "pointsBefore": 9,
          "pointsAfter": 9,
          "turnsBefore": 1,
          "turnsAfter": 1,
          "runtimeMapReproduced": false,
          "baselineRuntimeClearancePx": null,
          "candidateRuntimeClearancePx": null,
          "mode": "collinear-only"
        },
        {
          "floor": "2楼",
          "representativeKey": "内科门诊|||S5|||toElevator",
          "routeCount": 2,
          "pointsBefore": 6,
          "pointsAfter": 6,
          "turnsBefore": 2,
          "turnsAfter": 2,
          "runtimeMapReproduced": false,
          "baselineRuntimeClearancePx": null,
          "candidateRuntimeClearancePx": null,
          "mode": "collinear-only"
        },
        {
          "floor": "2楼",
          "representativeKey": "外科门诊|||S5|||toElevator",
          "routeCount": 2,
          "pointsBefore": 5,
          "pointsAfter": 5,
          "turnsBefore": 0,
          "turnsAfter": 0,
          "runtimeMapReproduced": false,
          "baselineRuntimeClearancePx": null,
          "candidateRuntimeClearancePx": null,
          "mode": "collinear-only"
        },
        {
          "floor": "2楼",
          "representativeKey": "妇科门诊|||S6|||toElevator",
          "routeCount": 2,
          "pointsBefore": 8,
          "pointsAfter": 8,
          "turnsBefore": 0,
          "turnsAfter": 0,
          "runtimeMapReproduced": false,
          "baselineRuntimeClearancePx": null,
          "candidateRuntimeClearancePx": null,
          "mode": "collinear-only"
        },
        {
          "floor": "2楼",
          "representativeKey": "伤口门诊|||S6|||toElevator",
          "routeCount": 2,
          "pointsBefore": 4,
          "pointsAfter": 4,
          "turnsBefore": 0,
          "turnsAfter": 0,
          "runtimeMapReproduced": false,
          "baselineRuntimeClearancePx": null,
          "candidateRuntimeClearancePx": null,
          "mode": "collinear-only"
        },
        {
          "floor": "2楼",
          "representativeKey": "外科门诊|||S6|||toElevator",
          "routeCount": 2,
          "pointsBefore": 5,
          "pointsAfter": 5,
          "turnsBefore": 0,
          "turnsAfter": 0,
          "runtimeMapReproduced": false,
          "baselineRuntimeClearancePx": null,
          "candidateRuntimeClearancePx": null,
          "mode": "collinear-only"
        },
        {
          "floor": "2楼",
          "representativeKey": "中医馆|||S6|||toElevator",
          "routeCount": 2,
          "pointsBefore": 6,
          "pointsAfter": 6,
          "turnsBefore": 0,
          "turnsAfter": 0,
          "runtimeMapReproduced": false,
          "baselineRuntimeClearancePx": null,
          "candidateRuntimeClearancePx": null,
          "mode": "collinear-only"
        },
        {
          "floor": "2楼",
          "representativeKey": "内科门诊|||S6|||toElevator",
          "routeCount": 2,
          "pointsBefore": 11,
          "pointsAfter": 11,
          "turnsBefore": 1,
          "turnsAfter": 1,
          "runtimeMapReproduced": false,
          "baselineRuntimeClearancePx": null,
          "candidateRuntimeClearancePx": null,
          "mode": "collinear-only"
        },
        {
          "floor": "3楼",
          "representativeKey": "耳鼻喉科门诊|||S1|||toElevator",
          "routeCount": 4,
          "pointsBefore": 2,
          "pointsAfter": 2,
          "turnsBefore": 0,
          "turnsAfter": 0,
          "runtimeMapReproduced": false,
          "baselineRuntimeClearancePx": null,
          "candidateRuntimeClearancePx": null,
          "mode": "collinear-only"
        },
        {
          "floor": "3楼",
          "representativeKey": "内镜诊疗中心|||S1|||toElevator",
          "routeCount": 2,
          "pointsBefore": 5,
          "pointsAfter": 5,
          "turnsBefore": 1,
          "turnsAfter": 1,
          "runtimeMapReproduced": false,
          "baselineRuntimeClearancePx": null,
          "candidateRuntimeClearancePx": null,
          "mode": "collinear-only"
        },
        {
          "floor": "3楼",
          "representativeKey": "血液透析科|||S1|||toElevator",
          "routeCount": 2,
          "pointsBefore": 5,
          "pointsAfter": 5,
          "turnsBefore": 1,
          "turnsAfter": 1,
          "runtimeMapReproduced": false,
          "baselineRuntimeClearancePx": null,
          "candidateRuntimeClearancePx": null,
          "mode": "collinear-only"
        },
        {
          "floor": "3楼",
          "representativeKey": "口腔科门诊|||S1|||toElevator",
          "routeCount": 2,
          "pointsBefore": 5,
          "pointsAfter": 5,
          "turnsBefore": 1,
          "turnsAfter": 1,
          "runtimeMapReproduced": false,
          "baselineRuntimeClearancePx": null,
          "candidateRuntimeClearancePx": null,
          "mode": "collinear-only"
        },
        {
          "floor": "3楼",
          "representativeKey": "皮肤科门诊|||S1|||toElevator",
          "routeCount": 2,
          "pointsBefore": 13,
          "pointsAfter": 13,
          "turnsBefore": 1,
          "turnsAfter": 1,
          "runtimeMapReproduced": false,
          "baselineRuntimeClearancePx": null,
          "candidateRuntimeClearancePx": null,
          "mode": "collinear-only"
        },
        {
          "floor": "3楼",
          "representativeKey": "产科门诊|||S1|||toElevator",
          "routeCount": 2,
          "pointsBefore": 4,
          "pointsAfter": 4,
          "turnsBefore": 1,
          "turnsAfter": 1,
          "runtimeMapReproduced": false,
          "baselineRuntimeClearancePx": null,
          "candidateRuntimeClearancePx": null,
          "mode": "collinear-only"
        },
        {
          "floor": "3楼",
          "representativeKey": "碎石室|||S1|||toElevator",
          "routeCount": 2,
          "pointsBefore": 8,
          "pointsAfter": 8,
          "turnsBefore": 2,
          "turnsAfter": 2,
          "runtimeMapReproduced": false,
          "baselineRuntimeClearancePx": null,
          "candidateRuntimeClearancePx": null,
          "mode": "collinear-only"
        },
        {
          "floor": "3楼",
          "representativeKey": "肛肠科门诊|||S1|||toElevator",
          "routeCount": 2,
          "pointsBefore": 8,
          "pointsAfter": 8,
          "turnsBefore": 1,
          "turnsAfter": 1,
          "runtimeMapReproduced": false,
          "baselineRuntimeClearancePx": null,
          "candidateRuntimeClearancePx": null,
          "mode": "collinear-only"
        },
        {
          "floor": "3楼",
          "representativeKey": "泌尿科门诊|||S1|||toElevator",
          "routeCount": 2,
          "pointsBefore": 8,
          "pointsAfter": 8,
          "turnsBefore": 0,
          "turnsAfter": 0,
          "runtimeMapReproduced": false,
          "baselineRuntimeClearancePx": null,
          "candidateRuntimeClearancePx": null,
          "mode": "collinear-only"
        },
        {
          "floor": "3楼",
          "representativeKey": "耳鼻喉科门诊|||S5|||toElevator",
          "routeCount": 4,
          "pointsBefore": 8,
          "pointsAfter": 8,
          "turnsBefore": 2,
          "turnsAfter": 2,
          "runtimeMapReproduced": false,
          "baselineRuntimeClearancePx": null,
          "candidateRuntimeClearancePx": null,
          "mode": "collinear-only"
        },
        {
          "floor": "3楼",
          "representativeKey": "耳鼻喉科门诊|||S4|||toElevator",
          "routeCount": 4,
          "pointsBefore": 9,
          "pointsAfter": 9,
          "turnsBefore": 2,
          "turnsAfter": 2,
          "runtimeMapReproduced": false,
          "baselineRuntimeClearancePx": null,
          "candidateRuntimeClearancePx": null,
          "mode": "collinear-only"
        },
        {
          "floor": "3楼",
          "representativeKey": "耳鼻喉科门诊|||S6|||toElevator",
          "routeCount": 4,
          "pointsBefore": 18,
          "pointsAfter": 18,
          "turnsBefore": 2,
          "turnsAfter": 2,
          "runtimeMapReproduced": false,
          "baselineRuntimeClearancePx": null,
          "candidateRuntimeClearancePx": null,
          "mode": "collinear-only"
        },
        {
          "floor": "3楼",
          "representativeKey": "耳鼻喉科门诊|||S7|||toElevator",
          "routeCount": 4,
          "pointsBefore": 21,
          "pointsAfter": 21,
          "turnsBefore": 2,
          "turnsAfter": 2,
          "runtimeMapReproduced": false,
          "baselineRuntimeClearancePx": null,
          "candidateRuntimeClearancePx": null,
          "mode": "collinear-only"
        },
        {
          "floor": "3楼",
          "representativeKey": "耳鼻喉科门诊|||S3|||toElevator",
          "routeCount": 4,
          "pointsBefore": 4,
          "pointsAfter": 4,
          "turnsBefore": 0,
          "turnsAfter": 0,
          "runtimeMapReproduced": false,
          "baselineRuntimeClearancePx": null,
          "candidateRuntimeClearancePx": null,
          "mode": "collinear-only"
        },
        {
          "floor": "3楼",
          "representativeKey": "耳鼻喉科门诊|||S2|||toElevator",
          "routeCount": 4,
          "pointsBefore": 5,
          "pointsAfter": 5,
          "turnsBefore": 1,
          "turnsAfter": 1,
          "runtimeMapReproduced": false,
          "baselineRuntimeClearancePx": null,
          "candidateRuntimeClearancePx": null,
          "mode": "collinear-only"
        },
        {
          "floor": "3楼",
          "representativeKey": "内镜诊疗中心|||S2|||toElevator",
          "routeCount": 2,
          "pointsBefore": 2,
          "pointsAfter": 2,
          "turnsBefore": 0,
          "turnsAfter": 0,
          "runtimeMapReproduced": false,
          "baselineRuntimeClearancePx": null,
          "candidateRuntimeClearancePx": null,
          "mode": "collinear-only"
        },
        {
          "floor": "3楼",
          "representativeKey": "血液透析科|||S2|||toElevator",
          "routeCount": 2,
          "pointsBefore": 2,
          "pointsAfter": 2,
          "turnsBefore": 0,
          "turnsAfter": 0,
          "runtimeMapReproduced": false,
          "baselineRuntimeClearancePx": null,
          "candidateRuntimeClearancePx": null,
          "mode": "collinear-only"
        },
        {
          "floor": "3楼",
          "representativeKey": "皮肤科门诊|||S2|||toElevator",
          "routeCount": 2,
          "pointsBefore": 17,
          "pointsAfter": 17,
          "turnsBefore": 1,
          "turnsAfter": 1,
          "runtimeMapReproduced": false,
          "baselineRuntimeClearancePx": null,
          "candidateRuntimeClearancePx": null,
          "mode": "collinear-only"
        },
        {
          "floor": "3楼",
          "representativeKey": "产科门诊|||S2|||toElevator",
          "routeCount": 2,
          "pointsBefore": 6,
          "pointsAfter": 6,
          "turnsBefore": 1,
          "turnsAfter": 1,
          "runtimeMapReproduced": false,
          "baselineRuntimeClearancePx": null,
          "candidateRuntimeClearancePx": null,
          "mode": "collinear-only"
        },
        {
          "floor": "3楼",
          "representativeKey": "碎石室|||S2|||toElevator",
          "routeCount": 2,
          "pointsBefore": 11,
          "pointsAfter": 11,
          "turnsBefore": 2,
          "turnsAfter": 2,
          "runtimeMapReproduced": false,
          "baselineRuntimeClearancePx": null,
          "candidateRuntimeClearancePx": null,
          "mode": "collinear-only"
        },
        {
          "floor": "3楼",
          "representativeKey": "肛肠科门诊|||S2|||toElevator",
          "routeCount": 2,
          "pointsBefore": 11,
          "pointsAfter": 11,
          "turnsBefore": 1,
          "turnsAfter": 1,
          "runtimeMapReproduced": false,
          "baselineRuntimeClearancePx": null,
          "candidateRuntimeClearancePx": null,
          "mode": "collinear-only"
        },
        {
          "floor": "3楼",
          "representativeKey": "泌尿科门诊|||S2|||toElevator",
          "routeCount": 2,
          "pointsBefore": 11,
          "pointsAfter": 11,
          "turnsBefore": 0,
          "turnsAfter": 0,
          "runtimeMapReproduced": false,
          "baselineRuntimeClearancePx": null,
          "candidateRuntimeClearancePx": null,
          "mode": "collinear-only"
        },
        {
          "floor": "3楼",
          "representativeKey": "口腔科门诊|||S2|||toElevator",
          "routeCount": 2,
          "pointsBefore": 3,
          "pointsAfter": 3,
          "turnsBefore": 0,
          "turnsAfter": 0,
          "runtimeMapReproduced": false,
          "baselineRuntimeClearancePx": null,
          "candidateRuntimeClearancePx": null,
          "mode": "collinear-only"
        },
        {
          "floor": "3楼",
          "representativeKey": "内镜诊疗中心|||S5|||toElevator",
          "routeCount": 2,
          "pointsBefore": 10,
          "pointsAfter": 10,
          "turnsBefore": 2,
          "turnsAfter": 2,
          "runtimeMapReproduced": false,
          "baselineRuntimeClearancePx": null,
          "candidateRuntimeClearancePx": null,
          "mode": "collinear-only"
        },
        {
          "floor": "3楼",
          "representativeKey": "内镜诊疗中心|||S4|||toElevator",
          "routeCount": 2,
          "pointsBefore": 11,
          "pointsAfter": 11,
          "turnsBefore": 2,
          "turnsAfter": 2,
          "runtimeMapReproduced": false,
          "baselineRuntimeClearancePx": null,
          "candidateRuntimeClearancePx": null,
          "mode": "collinear-only"
        },
        {
          "floor": "3楼",
          "representativeKey": "内镜诊疗中心|||S6|||toElevator",
          "routeCount": 2,
          "pointsBefore": 18,
          "pointsAfter": 18,
          "turnsBefore": 2,
          "turnsAfter": 2,
          "runtimeMapReproduced": false,
          "baselineRuntimeClearancePx": null,
          "candidateRuntimeClearancePx": null,
          "mode": "collinear-only"
        },
        {
          "floor": "3楼",
          "representativeKey": "内镜诊疗中心|||S7|||toElevator",
          "routeCount": 2,
          "pointsBefore": 21,
          "pointsAfter": 21,
          "turnsBefore": 2,
          "turnsAfter": 2,
          "runtimeMapReproduced": false,
          "baselineRuntimeClearancePx": null,
          "candidateRuntimeClearancePx": null,
          "mode": "collinear-only"
        },
        {
          "floor": "3楼",
          "representativeKey": "内镜诊疗中心|||S3|||toElevator",
          "routeCount": 2,
          "pointsBefore": 2,
          "pointsAfter": 2,
          "turnsBefore": 0,
          "turnsAfter": 0,
          "runtimeMapReproduced": false,
          "baselineRuntimeClearancePx": null,
          "candidateRuntimeClearancePx": null,
          "mode": "collinear-only"
        },
        {
          "floor": "3楼",
          "representativeKey": "血液透析科|||S5|||toElevator",
          "routeCount": 2,
          "pointsBefore": 10,
          "pointsAfter": 10,
          "turnsBefore": 2,
          "turnsAfter": 2,
          "runtimeMapReproduced": false,
          "baselineRuntimeClearancePx": null,
          "candidateRuntimeClearancePx": null,
          "mode": "collinear-only"
        },
        {
          "floor": "3楼",
          "representativeKey": "血液透析科|||S4|||toElevator",
          "routeCount": 2,
          "pointsBefore": 11,
          "pointsAfter": 11,
          "turnsBefore": 2,
          "turnsAfter": 2,
          "runtimeMapReproduced": false,
          "baselineRuntimeClearancePx": null,
          "candidateRuntimeClearancePx": null,
          "mode": "collinear-only"
        },
        {
          "floor": "3楼",
          "representativeKey": "血液透析科|||S6|||toElevator",
          "routeCount": 2,
          "pointsBefore": 18,
          "pointsAfter": 18,
          "turnsBefore": 2,
          "turnsAfter": 2,
          "runtimeMapReproduced": false,
          "baselineRuntimeClearancePx": null,
          "candidateRuntimeClearancePx": null,
          "mode": "collinear-only"
        },
        {
          "floor": "3楼",
          "representativeKey": "血液透析科|||S7|||toElevator",
          "routeCount": 2,
          "pointsBefore": 21,
          "pointsAfter": 21,
          "turnsBefore": 2,
          "turnsAfter": 2,
          "runtimeMapReproduced": false,
          "baselineRuntimeClearancePx": null,
          "candidateRuntimeClearancePx": null,
          "mode": "collinear-only"
        },
        {
          "floor": "3楼",
          "representativeKey": "血液透析科|||S3|||toElevator",
          "routeCount": 2,
          "pointsBefore": 2,
          "pointsAfter": 2,
          "turnsBefore": 0,
          "turnsAfter": 0,
          "runtimeMapReproduced": false,
          "baselineRuntimeClearancePx": null,
          "candidateRuntimeClearancePx": null,
          "mode": "collinear-only"
        },
        {
          "floor": "3楼",
          "representativeKey": "皮肤科门诊|||S3|||toElevator",
          "routeCount": 2,
          "pointsBefore": 16,
          "pointsAfter": 16,
          "turnsBefore": 3,
          "turnsAfter": 3,
          "runtimeMapReproduced": false,
          "baselineRuntimeClearancePx": null,
          "candidateRuntimeClearancePx": null,
          "mode": "collinear-only"
        },
        {
          "floor": "3楼",
          "representativeKey": "产科门诊|||S3|||toElevator",
          "routeCount": 2,
          "pointsBefore": 8,
          "pointsAfter": 8,
          "turnsBefore": 2,
          "turnsAfter": 2,
          "runtimeMapReproduced": false,
          "baselineRuntimeClearancePx": null,
          "candidateRuntimeClearancePx": null,
          "mode": "collinear-only"
        },
        {
          "floor": "3楼",
          "representativeKey": "碎石室|||S3|||toElevator",
          "routeCount": 2,
          "pointsBefore": 13,
          "pointsAfter": 13,
          "turnsBefore": 3,
          "turnsAfter": 3,
          "runtimeMapReproduced": false,
          "baselineRuntimeClearancePx": null,
          "candidateRuntimeClearancePx": null,
          "mode": "collinear-only"
        },
        {
          "floor": "3楼",
          "representativeKey": "肛肠科门诊|||S3|||toElevator",
          "routeCount": 2,
          "pointsBefore": 13,
          "pointsAfter": 13,
          "turnsBefore": 2,
          "turnsAfter": 2,
          "runtimeMapReproduced": false,
          "baselineRuntimeClearancePx": null,
          "candidateRuntimeClearancePx": null,
          "mode": "collinear-only"
        },
        {
          "floor": "3楼",
          "representativeKey": "泌尿科门诊|||S3|||toElevator",
          "routeCount": 2,
          "pointsBefore": 13,
          "pointsAfter": 13,
          "turnsBefore": 1,
          "turnsAfter": 1,
          "runtimeMapReproduced": false,
          "baselineRuntimeClearancePx": null,
          "candidateRuntimeClearancePx": null,
          "mode": "collinear-only"
        },
        {
          "floor": "3楼",
          "representativeKey": "口腔科门诊|||S3|||toElevator",
          "routeCount": 2,
          "pointsBefore": 6,
          "pointsAfter": 6,
          "turnsBefore": 0,
          "turnsAfter": 0,
          "runtimeMapReproduced": false,
          "baselineRuntimeClearancePx": null,
          "candidateRuntimeClearancePx": null,
          "mode": "collinear-only"
        },
        {
          "floor": "3楼",
          "representativeKey": "口腔科门诊|||S4|||toElevator",
          "routeCount": 2,
          "pointsBefore": 11,
          "pointsAfter": 11,
          "turnsBefore": 3,
          "turnsAfter": 3,
          "runtimeMapReproduced": false,
          "baselineRuntimeClearancePx": null,
          "candidateRuntimeClearancePx": null,
          "mode": "collinear-only"
        },
        {
          "floor": "3楼",
          "representativeKey": "口腔科门诊|||S5|||toElevator",
          "routeCount": 2,
          "pointsBefore": 10,
          "pointsAfter": 10,
          "turnsBefore": 3,
          "turnsAfter": 3,
          "runtimeMapReproduced": false,
          "baselineRuntimeClearancePx": null,
          "candidateRuntimeClearancePx": null,
          "mode": "collinear-only"
        },
        {
          "floor": "3楼",
          "representativeKey": "口腔科门诊|||S6|||toElevator",
          "routeCount": 2,
          "pointsBefore": 19,
          "pointsAfter": 19,
          "turnsBefore": 4,
          "turnsAfter": 4,
          "runtimeMapReproduced": false,
          "baselineRuntimeClearancePx": null,
          "candidateRuntimeClearancePx": null,
          "mode": "collinear-only"
        },
        {
          "floor": "3楼",
          "representativeKey": "口腔科门诊|||S7|||toElevator",
          "routeCount": 2,
          "pointsBefore": 22,
          "pointsAfter": 22,
          "turnsBefore": 4,
          "turnsAfter": 4,
          "runtimeMapReproduced": false,
          "baselineRuntimeClearancePx": null,
          "candidateRuntimeClearancePx": null,
          "mode": "collinear-only"
        },
        {
          "floor": "3楼",
          "representativeKey": "肛肠科门诊|||S4|||toElevator",
          "routeCount": 2,
          "pointsBefore": 13,
          "pointsAfter": 13,
          "turnsBefore": 0,
          "turnsAfter": 0,
          "runtimeMapReproduced": false,
          "baselineRuntimeClearancePx": null,
          "candidateRuntimeClearancePx": null,
          "mode": "collinear-only"
        },
        {
          "floor": "3楼",
          "representativeKey": "碎石室|||S4|||toElevator",
          "routeCount": 2,
          "pointsBefore": 12,
          "pointsAfter": 12,
          "turnsBefore": 1,
          "turnsAfter": 1,
          "runtimeMapReproduced": false,
          "baselineRuntimeClearancePx": null,
          "candidateRuntimeClearancePx": null,
          "mode": "collinear-only"
        },
        {
          "floor": "3楼",
          "representativeKey": "产科门诊|||S4|||toElevator",
          "routeCount": 2,
          "pointsBefore": 4,
          "pointsAfter": 4,
          "turnsBefore": 0,
          "turnsAfter": 0,
          "runtimeMapReproduced": false,
          "baselineRuntimeClearancePx": null,
          "candidateRuntimeClearancePx": null,
          "mode": "collinear-only"
        },
        {
          "floor": "3楼",
          "representativeKey": "皮肤科门诊|||S4|||toElevator",
          "routeCount": 2,
          "pointsBefore": 8,
          "pointsAfter": 8,
          "turnsBefore": 0,
          "turnsAfter": 0,
          "runtimeMapReproduced": false,
          "baselineRuntimeClearancePx": null,
          "candidateRuntimeClearancePx": null,
          "mode": "collinear-only"
        },
        {
          "floor": "3楼",
          "representativeKey": "泌尿科门诊|||S4|||toElevator",
          "routeCount": 2,
          "pointsBefore": 8,
          "pointsAfter": 8,
          "turnsBefore": 0,
          "turnsAfter": 0,
          "runtimeMapReproduced": false,
          "baselineRuntimeClearancePx": null,
          "candidateRuntimeClearancePx": null,
          "mode": "collinear-only"
        },
        {
          "floor": "3楼",
          "representativeKey": "产科门诊|||S5|||toElevator",
          "routeCount": 2,
          "pointsBefore": 6,
          "pointsAfter": 6,
          "turnsBefore": 0,
          "turnsAfter": 0,
          "runtimeMapReproduced": false,
          "baselineRuntimeClearancePx": null,
          "candidateRuntimeClearancePx": null,
          "mode": "collinear-only"
        },
        {
          "floor": "3楼",
          "representativeKey": "皮肤科门诊|||S5|||toElevator",
          "routeCount": 2,
          "pointsBefore": 9,
          "pointsAfter": 9,
          "turnsBefore": 1,
          "turnsAfter": 1,
          "runtimeMapReproduced": false,
          "baselineRuntimeClearancePx": null,
          "candidateRuntimeClearancePx": null,
          "mode": "collinear-only"
        },
        {
          "floor": "3楼",
          "representativeKey": "泌尿科门诊|||S5|||toElevator",
          "routeCount": 2,
          "pointsBefore": 8,
          "pointsAfter": 8,
          "turnsBefore": 1,
          "turnsAfter": 1,
          "runtimeMapReproduced": false,
          "baselineRuntimeClearancePx": null,
          "candidateRuntimeClearancePx": null,
          "mode": "collinear-only"
        },
        {
          "floor": "3楼",
          "representativeKey": "肛肠科门诊|||S5|||toElevator",
          "routeCount": 2,
          "pointsBefore": 10,
          "pointsAfter": 10,
          "turnsBefore": 0,
          "turnsAfter": 0,
          "runtimeMapReproduced": false,
          "baselineRuntimeClearancePx": null,
          "candidateRuntimeClearancePx": null,
          "mode": "collinear-only"
        },
        {
          "floor": "3楼",
          "representativeKey": "碎石室|||S5|||toElevator",
          "routeCount": 2,
          "pointsBefore": 10,
          "pointsAfter": 10,
          "turnsBefore": 1,
          "turnsAfter": 1,
          "runtimeMapReproduced": false,
          "baselineRuntimeClearancePx": null,
          "candidateRuntimeClearancePx": null,
          "mode": "collinear-only"
        },
        {
          "floor": "3楼",
          "representativeKey": "产科门诊|||S6|||toElevator",
          "routeCount": 2,
          "pointsBefore": 10,
          "pointsAfter": 10,
          "turnsBefore": 2,
          "turnsAfter": 2,
          "runtimeMapReproduced": false,
          "baselineRuntimeClearancePx": null,
          "candidateRuntimeClearancePx": null,
          "mode": "collinear-only"
        },
        {
          "floor": "3楼",
          "representativeKey": "产科门诊|||S7|||toElevator",
          "routeCount": 2,
          "pointsBefore": 14,
          "pointsAfter": 14,
          "turnsBefore": 1,
          "turnsAfter": 1,
          "runtimeMapReproduced": false,
          "baselineRuntimeClearancePx": null,
          "candidateRuntimeClearancePx": null,
          "mode": "collinear-only"
        },
        {
          "floor": "3楼",
          "representativeKey": "泌尿科门诊|||S7|||toElevator",
          "routeCount": 2,
          "pointsBefore": 12,
          "pointsAfter": 12,
          "turnsBefore": 1,
          "turnsAfter": 1,
          "runtimeMapReproduced": false,
          "baselineRuntimeClearancePx": null,
          "candidateRuntimeClearancePx": null,
          "mode": "collinear-only"
        },
        {
          "floor": "3楼",
          "representativeKey": "碎石室|||S7|||toElevator",
          "routeCount": 2,
          "pointsBefore": 7,
          "pointsAfter": 7,
          "turnsBefore": 1,
          "turnsAfter": 1,
          "runtimeMapReproduced": false,
          "baselineRuntimeClearancePx": null,
          "candidateRuntimeClearancePx": null,
          "mode": "collinear-only"
        },
        {
          "floor": "3楼",
          "representativeKey": "肛肠科门诊|||S7|||toElevator",
          "routeCount": 2,
          "pointsBefore": 7,
          "pointsAfter": 7,
          "turnsBefore": 1,
          "turnsAfter": 1,
          "runtimeMapReproduced": false,
          "baselineRuntimeClearancePx": null,
          "candidateRuntimeClearancePx": null,
          "mode": "collinear-only"
        },
        {
          "floor": "3楼",
          "representativeKey": "皮肤科门诊|||S7|||toElevator",
          "routeCount": 2,
          "pointsBefore": 7,
          "pointsAfter": 7,
          "turnsBefore": 1,
          "turnsAfter": 1,
          "runtimeMapReproduced": false,
          "baselineRuntimeClearancePx": null,
          "candidateRuntimeClearancePx": null,
          "mode": "collinear-only"
        },
        {
          "floor": "3楼",
          "representativeKey": "肛肠科门诊|||S6|||toElevator",
          "routeCount": 2,
          "pointsBefore": 7,
          "pointsAfter": 7,
          "turnsBefore": 1,
          "turnsAfter": 1,
          "runtimeMapReproduced": false,
          "baselineRuntimeClearancePx": null,
          "candidateRuntimeClearancePx": null,
          "mode": "collinear-only"
        },
        {
          "floor": "3楼",
          "representativeKey": "泌尿科门诊|||S6|||toElevator",
          "routeCount": 2,
          "pointsBefore": 4,
          "pointsAfter": 4,
          "turnsBefore": 1,
          "turnsAfter": 1,
          "runtimeMapReproduced": false,
          "baselineRuntimeClearancePx": null,
          "candidateRuntimeClearancePx": null,
          "mode": "collinear-only"
        },
        {
          "floor": "3楼",
          "representativeKey": "碎石室|||S6|||toElevator",
          "routeCount": 2,
          "pointsBefore": 7,
          "pointsAfter": 7,
          "turnsBefore": 1,
          "turnsAfter": 1,
          "runtimeMapReproduced": false,
          "baselineRuntimeClearancePx": null,
          "candidateRuntimeClearancePx": null,
          "mode": "collinear-only"
        },
        {
          "floor": "3楼",
          "representativeKey": "皮肤科门诊|||S6|||toElevator",
          "routeCount": 2,
          "pointsBefore": 7,
          "pointsAfter": 7,
          "turnsBefore": 3,
          "turnsAfter": 3,
          "runtimeMapReproduced": false,
          "baselineRuntimeClearancePx": null,
          "candidateRuntimeClearancePx": null,
          "mode": "collinear-only"
        },
        {
          "floor": "4楼",
          "representativeKey": "病理科|||S1|||toElevator",
          "routeCount": 4,
          "pointsBefore": 2,
          "pointsAfter": 2,
          "turnsBefore": 0,
          "turnsAfter": 0,
          "runtimeMapReproduced": false,
          "baselineRuntimeClearancePx": null,
          "candidateRuntimeClearancePx": null,
          "mode": "collinear-only"
        },
        {
          "floor": "4楼",
          "representativeKey": "输血科|||S1|||toElevator",
          "routeCount": 2,
          "pointsBefore": 2,
          "pointsAfter": 2,
          "turnsBefore": 0,
          "turnsAfter": 0,
          "runtimeMapReproduced": false,
          "baselineRuntimeClearancePx": null,
          "candidateRuntimeClearancePx": null,
          "mode": "collinear-only"
        },
        {
          "floor": "4楼",
          "representativeKey": "病理科|||S3|||toElevator",
          "routeCount": 4,
          "pointsBefore": 6,
          "pointsAfter": 6,
          "turnsBefore": 1,
          "turnsAfter": 1,
          "runtimeMapReproduced": false,
          "baselineRuntimeClearancePx": null,
          "candidateRuntimeClearancePx": null,
          "mode": "collinear-only"
        },
        {
          "floor": "4楼",
          "representativeKey": "病理科|||S2|||toElevator",
          "routeCount": 4,
          "pointsBefore": 5,
          "pointsAfter": 5,
          "turnsBefore": 0,
          "turnsAfter": 0,
          "runtimeMapReproduced": false,
          "baselineRuntimeClearancePx": null,
          "candidateRuntimeClearancePx": null,
          "mode": "collinear-only"
        },
        {
          "floor": "4楼",
          "representativeKey": "病理科|||S4|||toElevator",
          "routeCount": 4,
          "pointsBefore": 7,
          "pointsAfter": 7,
          "turnsBefore": 2,
          "turnsAfter": 2,
          "runtimeMapReproduced": false,
          "baselineRuntimeClearancePx": null,
          "candidateRuntimeClearancePx": null,
          "mode": "collinear-only"
        },
        {
          "floor": "4楼",
          "representativeKey": "病理科|||S5|||toElevator",
          "routeCount": 4,
          "pointsBefore": 7,
          "pointsAfter": 7,
          "turnsBefore": 2,
          "turnsAfter": 2,
          "runtimeMapReproduced": false,
          "baselineRuntimeClearancePx": null,
          "candidateRuntimeClearancePx": null,
          "mode": "collinear-only"
        },
        {
          "floor": "4楼",
          "representativeKey": "病理科|||S6|||toElevator",
          "routeCount": 4,
          "pointsBefore": 12,
          "pointsAfter": 12,
          "turnsBefore": 1,
          "turnsAfter": 1,
          "runtimeMapReproduced": false,
          "baselineRuntimeClearancePx": null,
          "candidateRuntimeClearancePx": null,
          "mode": "collinear-only"
        },
        {
          "floor": "4楼",
          "representativeKey": "病理科|||S7|||toElevator",
          "routeCount": 4,
          "pointsBefore": 20,
          "pointsAfter": 20,
          "turnsBefore": 3,
          "turnsAfter": 3,
          "runtimeMapReproduced": false,
          "baselineRuntimeClearancePx": null,
          "candidateRuntimeClearancePx": null,
          "mode": "collinear-only"
        },
        {
          "floor": "4楼",
          "representativeKey": "输血科|||S3|||toElevator",
          "routeCount": 2,
          "pointsBefore": 2,
          "pointsAfter": 2,
          "turnsBefore": 0,
          "turnsAfter": 0,
          "runtimeMapReproduced": false,
          "baselineRuntimeClearancePx": null,
          "candidateRuntimeClearancePx": null,
          "mode": "collinear-only"
        },
        {
          "floor": "4楼",
          "representativeKey": "输血科|||S2|||toElevator",
          "routeCount": 2,
          "pointsBefore": 2,
          "pointsAfter": 2,
          "turnsBefore": 0,
          "turnsAfter": 0,
          "runtimeMapReproduced": false,
          "baselineRuntimeClearancePx": null,
          "candidateRuntimeClearancePx": null,
          "mode": "collinear-only"
        },
        {
          "floor": "4楼",
          "representativeKey": "输血科|||S4|||toElevator",
          "routeCount": 2,
          "pointsBefore": 9,
          "pointsAfter": 9,
          "turnsBefore": 2,
          "turnsAfter": 2,
          "runtimeMapReproduced": false,
          "baselineRuntimeClearancePx": null,
          "candidateRuntimeClearancePx": null,
          "mode": "collinear-only"
        },
        {
          "floor": "4楼",
          "representativeKey": "输血科|||S5|||toElevator",
          "routeCount": 2,
          "pointsBefore": 9,
          "pointsAfter": 9,
          "turnsBefore": 2,
          "turnsAfter": 2,
          "runtimeMapReproduced": false,
          "baselineRuntimeClearancePx": null,
          "candidateRuntimeClearancePx": null,
          "mode": "collinear-only"
        },
        {
          "floor": "4楼",
          "representativeKey": "输血科|||S6|||toElevator",
          "routeCount": 2,
          "pointsBefore": 12,
          "pointsAfter": 12,
          "turnsBefore": 2,
          "turnsAfter": 2,
          "runtimeMapReproduced": false,
          "baselineRuntimeClearancePx": null,
          "candidateRuntimeClearancePx": null,
          "mode": "collinear-only"
        },
        {
          "floor": "4楼",
          "representativeKey": "输血科|||S7|||toElevator",
          "routeCount": 2,
          "pointsBefore": 18,
          "pointsAfter": 18,
          "turnsBefore": 5,
          "turnsAfter": 5,
          "runtimeMapReproduced": false,
          "baselineRuntimeClearancePx": null,
          "candidateRuntimeClearancePx": null,
          "mode": "collinear-only"
        },
        {
          "floor": "5楼",
          "representativeKey": "静脉用药调配中心|||S1|||toElevator",
          "routeCount": 2,
          "pointsBefore": 4,
          "pointsAfter": 4,
          "turnsBefore": 0,
          "turnsAfter": 0,
          "runtimeMapReproduced": false,
          "baselineRuntimeClearancePx": null,
          "candidateRuntimeClearancePx": null,
          "mode": "collinear-only"
        },
        {
          "floor": "5楼",
          "representativeKey": "静脉用药调配中心|||S2|||toElevator",
          "routeCount": 2,
          "pointsBefore": 6,
          "pointsAfter": 6,
          "turnsBefore": 1,
          "turnsAfter": 1,
          "runtimeMapReproduced": false,
          "baselineRuntimeClearancePx": null,
          "candidateRuntimeClearancePx": null,
          "mode": "collinear-only"
        },
        {
          "floor": "5楼",
          "representativeKey": "静脉用药调配中心|||S3|||toElevator",
          "routeCount": 2,
          "pointsBefore": 8,
          "pointsAfter": 8,
          "turnsBefore": 2,
          "turnsAfter": 2,
          "runtimeMapReproduced": false,
          "baselineRuntimeClearancePx": null,
          "candidateRuntimeClearancePx": null,
          "mode": "collinear-only"
        },
        {
          "floor": "6楼",
          "representativeKey": "儿科病房|||S1|||toElevator",
          "routeCount": 2,
          "pointsBefore": 9,
          "pointsAfter": 9,
          "turnsBefore": 0,
          "turnsAfter": 0,
          "runtimeMapReproduced": false,
          "baselineRuntimeClearancePx": null,
          "candidateRuntimeClearancePx": null,
          "mode": "collinear-only"
        },
        {
          "floor": "6楼",
          "representativeKey": "儿科病房|||S3|||toElevator",
          "routeCount": 2,
          "pointsBefore": 4,
          "pointsAfter": 4,
          "turnsBefore": 0,
          "turnsAfter": 0,
          "runtimeMapReproduced": false,
          "baselineRuntimeClearancePx": null,
          "candidateRuntimeClearancePx": null,
          "mode": "collinear-only"
        },
        {
          "floor": "6楼",
          "representativeKey": "儿科病房|||S2|||toElevator",
          "routeCount": 2,
          "pointsBefore": 2,
          "pointsAfter": 2,
          "turnsBefore": 0,
          "turnsAfter": 0,
          "runtimeMapReproduced": false,
          "baselineRuntimeClearancePx": null,
          "candidateRuntimeClearancePx": null,
          "mode": "collinear-only"
        },
        {
          "floor": "7楼",
          "representativeKey": "妇产科病房|||S1|||toElevator",
          "routeCount": 4,
          "pointsBefore": 7,
          "pointsAfter": 7,
          "turnsBefore": 1,
          "turnsAfter": 1,
          "runtimeMapReproduced": false,
          "baselineRuntimeClearancePx": null,
          "candidateRuntimeClearancePx": null,
          "mode": "collinear-only"
        },
        {
          "floor": "7楼",
          "representativeKey": "妇产科病房|||S3|||toElevator",
          "routeCount": 4,
          "pointsBefore": 2,
          "pointsAfter": 2,
          "turnsBefore": 0,
          "turnsAfter": 0,
          "runtimeMapReproduced": false,
          "baselineRuntimeClearancePx": null,
          "candidateRuntimeClearancePx": null,
          "mode": "collinear-only"
        },
        {
          "floor": "7楼",
          "representativeKey": "妇产科病房|||S2|||toElevator",
          "routeCount": 4,
          "pointsBefore": 2,
          "pointsAfter": 2,
          "turnsBefore": 0,
          "turnsAfter": 0,
          "runtimeMapReproduced": true,
          "baselineRuntimeClearancePx": 3.5969,
          "candidateRuntimeClearancePx": 3.5969,
          "mode": "scaled-runtime-map-clearance-preserving"
        },
        {
          "floor": "8楼",
          "representativeKey": "外一科病房|||S1|||toElevator",
          "routeCount": 2,
          "pointsBefore": 3,
          "pointsAfter": 3,
          "turnsBefore": 0,
          "turnsAfter": 0,
          "runtimeMapReproduced": false,
          "baselineRuntimeClearancePx": null,
          "candidateRuntimeClearancePx": null,
          "mode": "collinear-only"
        },
        {
          "floor": "8楼",
          "representativeKey": "外一科病房|||S3|||toElevator",
          "routeCount": 2,
          "pointsBefore": 2,
          "pointsAfter": 2,
          "turnsBefore": 0,
          "turnsAfter": 0,
          "runtimeMapReproduced": false,
          "baselineRuntimeClearancePx": null,
          "candidateRuntimeClearancePx": null,
          "mode": "collinear-only"
        },
        {
          "floor": "8楼",
          "representativeKey": "外一科病房|||S2|||toElevator",
          "routeCount": 2,
          "pointsBefore": 2,
          "pointsAfter": 2,
          "turnsBefore": 0,
          "turnsAfter": 0,
          "runtimeMapReproduced": false,
          "baselineRuntimeClearancePx": null,
          "candidateRuntimeClearancePx": null,
          "mode": "collinear-only"
        },
        {
          "floor": "9楼",
          "representativeKey": "外二科病房|||S1|||toElevator",
          "routeCount": 2,
          "pointsBefore": 4,
          "pointsAfter": 4,
          "turnsBefore": 0,
          "turnsAfter": 0,
          "runtimeMapReproduced": false,
          "baselineRuntimeClearancePx": null,
          "candidateRuntimeClearancePx": null,
          "mode": "collinear-only"
        },
        {
          "floor": "9楼",
          "representativeKey": "外二科病房|||S3|||toElevator",
          "routeCount": 2,
          "pointsBefore": 2,
          "pointsAfter": 2,
          "turnsBefore": 0,
          "turnsAfter": 0,
          "runtimeMapReproduced": false,
          "baselineRuntimeClearancePx": null,
          "candidateRuntimeClearancePx": null,
          "mode": "collinear-only"
        },
        {
          "floor": "9楼",
          "representativeKey": "外二科病房|||S2|||toElevator",
          "routeCount": 2,
          "pointsBefore": 2,
          "pointsAfter": 2,
          "turnsBefore": 0,
          "turnsAfter": 0,
          "runtimeMapReproduced": false,
          "baselineRuntimeClearancePx": null,
          "candidateRuntimeClearancePx": null,
          "mode": "collinear-only"
        }
      ],
      "failures": [],
      "pointsRemoved": 0,
      "turnsRemoved": 0
    }
  },
  "failures": []
}
PASS: browser bundle is current: web-demo/navigation.bundle.js
Route data verification
- public destinations: 42
- same-floor paths: 260
- per-shaft paths: 470
- verified shaft mappings: 53
PASS: route data and same-shaft plans are valid.
Mini-program syntax verification
- JavaScript: 13
- JSON: 3
- WXML: 1
- WXSS: 2
PASS: JavaScript, JSON, WXML, and WXSS syntax checks passed.

> hospital-navigation-offline-mini-program@1.0.0 verify:candidate
> node scripts/run-python.js scripts/verify-release.py --candidate

Offline mini-program candidate verification
- package total: 1,646,185 B (1.570 MiB) (limit < 1,887,436 B)
- code: 730,642 B (0.697 MiB)
- maps: 915,543 B (0.873 MiB) (13 files)
- audio: 0 B (0 files)
- largest file: data/floorNavPaths.js (371,647 B)
route-turn quality gate: passed
CANDIDATE PASS - NOT RELEASE AUTHORIZATION: package, zero local audio, WechatSI architecture, privacy boundaries, syntax, and automated route gates are valid.
